DOLA Tax Entity Name:,Tax Entity ID:,Certifying County:,2026 Budget Year Total Levy (2025 Tax Year),2026 Budget Year Net Assessed Value (2025 Tax Year)
13th Ave. Station Metropolitan District,66578/1,Adams,0,108810
2000 Holly Metropolitan District,67062/1,Denver,62.642,6538400
2010 1A General,59021/13,Summit,0.765,3562515215
2010 1A Multipurpose,59021/14,Summit,1.138,3562515215
2018 1A General,59021/15,Summit,4.652,3562515215
232 Metropolitan District,66625/1,Weld,50,8529150
25 Commerce Park Metropolitan District,67998/1,Adams,38,176353
29 & D Metropolitan District No. 1,66199/1,Mesa,0,62260
29 & D Metropolitan District No. 2,66200/1,Mesa,0,62260
34 9.5 Metropolitan District,67416/1,Weld,13.962,273417
3rd and Havana Metropolitan District,66833/1,Arapahoe,70.443,599923
4-Way Commercial Metropolitan District,67981/1,El Paso,0,7770
4-Way Ranch Metropolitan District No. 1,65451/1,El Paso,55.573,2505040
40 North Metropolitan District,66992/1,Boulder,0,109732
4201 Arkansas Metropolitan District No. 1,67130/1,Denver,0,5786960
4201 Arkansas Metropolitan District No. 2,67131/1,Denver,0,5786960
800 Hoyt Metropolitan District,66834/1,Broomfield,8,3092612
9th Avenue Metropolitan District No. 1,66728/1,Denver,0,0
9th Avenue Metropolitan District No. 2,66729/1,Denver,42.571,0
9th Avenue Metropolitan District No. 3,66730/1,Denver,14.296,0
ACC Metropolitan District,65204/1,Adams,37,48005760
ATEC Metropolitan District No. 1,67208/1,Adams,37.962,209460
ATEC Metropolitan District No. 2,67209/1,Adams,37.962,1630980
Aberdeen Metropolitan District No. 1,65180/1,Adams,66,7699950
Aberdeen Metropolitan District No. 2,65181/1,Adams,79.611,1678950
Aberdeen Metropolitan District No. 2 - Bond,65181/2,Adams,10.282,10980
Abilene Station Metropolitan District No. 1,65793/1,Arapahoe,40,3897610
Abilene Station Metropolitan District No. 2,65794/1,Arapahoe,0,135
Academy 20 School District,21907/1,El Paso,45.459,3168367940
Academy Water & Sanitation District,21001/1,El Paso,2.877,13620700
Access 25 Metropolitan District No. 1,67675/1,Weld,38,11456880
Access 25 Metropolitan District No. 2,67676/1,Weld,40.813,20321850
Access 25 Metropolitan District No. 3,67677/1,Weld,40.049,64110
Access 25 Metropolitan District No. 4,67678/1,Weld,40.511,246710
Access 25 Metropolitan District No. 5,67679/1,Weld,37.171,5840
Access 25 Metropolitan District No. 6,67680/1,Weld,37.152,9870
Adams 12 Five Star Schools,01901/1,Adams,70.956,3618046330
Adams 12 Five Star Schools,01901/1,Broomfield,70.956,863881021
Adams County,01001/1,Adams,27.479,13407154911
Adams County 14,01902/1,Adams,47.396,1436818206
Adams County Fire Protection District,64101/1,Adams,17.27,1889303606
Adams County Fire Protection District,64101/1,Denver,17.27,13971320
Adams Crossing Metropolitan District No. 1,66309/1,Adams,0,10
Adams Crossing Metropolitan District No. 2,66310/1,Adams,0,10
Adams Crossing Metropolitan District No. 3,66311/1,Adams,0,10
Adams Crossing Metropolitan District No. 4,66312/1,Adams,0,10
Adams Crossing Metropolitan District No. 5,66313/1,Adams,0,10
Adams Crossing Metropolitan District No. 6,66314/1,Adams,0,10
Adams Crossing Metropolitan District No. 7,66315/1,Adams,0,2047
Adams Crossing Metropolitan District No. 8,66316/1,Adams,0,10
Adams East Metropolitan District,66251/1,Adams,45,19023880
Adams-Arapahoe 28J School District,64907/1,Adams,73.186,2688958381
Adams-Arapahoe 28J School District,64907/1,Arapahoe,73.186,3414552405
Adonea Metropolitan District No. 1,65213/1,Arapahoe,0,0
Adonea Metropolitan District No. 2,65214/1,Arapahoe,50.804,37296714
Aerotropolis Area Coordinating Metropolitan District,65316/1,Adams,0,40
Aerotropolis Regional Transportation Authority,66863/1,Adams,5,220600400
Affordable Housing,16002/12,Denver,0.398,25445395933
Affordable Housing,57010/13,San Miguel,0.5,1553350990
Agate 300 School District,20905/1,Elbert,21.871,33923210
Agate Conservation District,64208/1,Arapahoe,0,137590
Agate Conservation District,64208/1,Elbert,0,33712090
Agate Conservation District,64208/1,Lincoln,0,925528
Agate Fire Protection District,66179/1,Elbert,8,21007290
Aguilar,36001/1,Las Animas,11.511,3442324
Aguilar Reorganized 6 School District,36903/1,Las Animas,18.086,54924374
Aims Community College,64001/1,Adams,6.313,7410184
Aims Community College,64001/1,Broomfield,6.313,1854910
Aims Community College,64001/1,Larimer,2.514,1818000
Aims Community College,64001/1,Logan,6.313,909535
Aims Community College,64001/1,Morgan,6.313,23320
Aims Community College,64001/1,Weld,6.313,17018611622
Airpark North Metropolitan District No. 1,67364/1,Larimer,38.357,94
Airpark North Metropolitan District No. 2,67365/1,Larimer,37.591,5770
Airpark North Metropolitan District No. 3,67366/1,Larimer,37.591,2918272
Airpark North Metropolitan District No. 4,67367/1,Larimer,37.591,1542890
Airport,02001/11,Alamosa,0,0
Airport,06001/8,Bent,0,0
Airport,08003/9,Chaffee,0,0
Airport,22013/7,Fremont,0.321,721445106
Airport,23005/8,Garfield,0,0
Airport,25009/8,Grand,0,0
Airport,42017/5,Montezuma,0,0
Airport Commerce Center Metropolitan District,66170/1,Eagle,35,7566390
Airport Vista Metropolitan District No. 1,66001/1,Douglas,0,10
Airport Vista Metropolitan District No. 2,66002/1,Douglas,16.111,63110
Airways Business Center Metro. District,65205/1,Adams,3,28168690
Akron,61002/1,Washington,60.537,15608044
Akron R-1 School District,61900/1,Washington,35.239,57484954
Akron Rural Fire Protection District,61001/1,Washington,2.3,30427967
Alameda Corridor B.I.D.,65161/1,Jefferson,5.72,77667120
Alameda Water & Sanitation District,30001/1,Jefferson,7,214643230
Alamosa,02003/1,Alamosa,6.7,107799629
Alamosa County,02001/1,Alamosa,25.238,234186523
Alamosa County Ambulance District,02012/1,Alamosa,2.798,231412497
Alamosa County Fire Protection District,64002/1,Alamosa,5.43,120703308
Alamosa County Fire Protection District,64002/1,Saguache,5.43,843044
Alamosa County Weed Control District,02011/1,Alamosa,1.004,20100979
Alamosa Mosquito Control District,02002/1,Alamosa,5.013,160844593
Alamosa RE-11J School District,64904/1,Alamosa,32.131,192010441
Alamosa RE-11J School District,64904/1,Conejos,32.131,3545304
Alamosa-La Jara Water Conservancy District,64003/1,Alamosa,1.142,1336982
Alamosa-La Jara Water Conservancy District,64003/1,Conejos,1.154,21715537
Alamosa-La Jara Water Conservancy District,64003/1,Rio Grande,1.142,1411203
Alexander Way Metropolitan District,68268/1,Douglas,0,0
Allenspark Fire Protection District,64004/1,Boulder,7.605,53203243
Allenspark Fire Protection District,64004/1,Larimer,7.605,9231791
Allenspark Water & Sanitation District,07001/1,Boulder,4.23,3721612
Allison Valley Metropolitan District No. 1,65703/1,El Paso,48.256,18056890
Allison Valley Metropolitan District No. 2,65704/1,El Paso,50.618,29153460
Alma,47001/1,Park,14.356,10378384
Alpensee Water District,59042/1,Summit,39.55,6142810
Alpha-Rockridge Metropolitan District,04015/1,Archuleta,10,12360660
Alpine Meadows Metropolitan District No. 1,66112/1,Weld,45,286000
Alpine Metropolitan District,65154/1,Summit,0,24000
Alpine Mountain Ranch Metropolitan District,65762/1,Routt,10.866,34896850
AltaColorado Metropolitan District No. 1,66106/1,Lake,0,270
AltaColorado Metropolitan District No. 2,66107/1,Lake,0,120010
AltaColorado Metropolitan District No. 3,66108/1,Lake,0,280
AltaColorado Metropolitan District No. 4,66109/1,Lake,0,280
AltaColorado Metropolitan District No. 5,66110/1,Lake,0,280
Altamira Metropolitan District No. 1,65409/1,Weld,55,10
Altamira Metropolitan District No. 2,65410/1,Weld,0,10
Altamira Metropolitan District No. 3,65411/1,Weld,0,10
Altamira Metropolitan District No. 4,65412/1,Weld,0,10
Altamira Metropolitan District No. 5,65413/1,Weld,68.07,51028770
Amber Creek Metropolitan District,65433/1,Adams,43.452,29239580
Ambulance,06001/7,Bent,0,0
Ambulance,09002/9,Cheyenne,0.07,142933345
Ambulance,24005/10,Gilpin,0,0
Ambulance,25009/7,Grand,3.75,1532110628
Ambulance,32011/8,Kit Carson,1,261155715
Ambulance,33001/9,Lake,2.099,357183687
Ambulance,46005/6,Ouray,2.006,324186540
Amherst General Improvement District,01053/1,Adams,0,23956540
Andiamo Metropolitan District,67582/1,Pueblo,50,65180
Andrews Farm Metropolitan District No. 1,66967/1,Weld,67.081,5023020
Andrews Farm Metropolitan District No. 2,66968/1,Weld,0,0
Animal Shelter,08003/10,Chaffee,0.5,911879410
Animal Shelter Debt,51010/12,Pueblo,0,0
Animal Shelter Trust,10003/11,Clear Creek,0,0
Animas Mosquito Control District,34002/1,La Plata,1.277,986973050
Animas-La Plata Water Conservancy District,34003/1,La Plata,0.322,1232847590
Antelope Heights Metropolitan District,65098/1,Douglas,43.5,23330820
"Antelope Hills General Improvement District, Town of Bennett, CO",64265/1,Arapahoe,36.71,8347732
Antelope Water System G.I.D.,65427/1,Arapahoe,20.754,7965981
Anthem West Metropolitan District,65055/1,Broomfield,19.95,176959040
Anthology West Metropolitan District No. 2,18054/1,Douglas,44.461,3406630
Anthology West Metropolitan District No. 2 - Debt Service,18054/2,Douglas,0,0
Anthology West Metropolitan District No. 3,65336/1,Douglas,47.678,1640
Anthology West Metropolitan District No. 4,66681/1,Douglas,44.493,13138100
Anthology West Metropolitan District No. 4 - Debt Service 4596,66681/2,Douglas,0,0
Anthology West Metropolitan District No. 5,66682/1,Douglas,47.678,7994640
Anthology West Metropolitan District No. 6,66683/1,Douglas,0,240
Anthology West Metropolitan District No. 6 - Debt Service,66683/2,Douglas,0,0
Antler Creek Metropolitan District,68213/1,El Paso,0,0
Antonito,11001/1,Conejos,11.633,4690466
Apex Park and Recreation District,30138/1,Jefferson,4.393,2811935105
Apex Park and Recreation District - Ex 15,30138/5,Broomfield,0,0
Apex Park and Recreation District - Ex 15,30138/5,Denver,0,0
Apex Park and Recreation District - Ex 15,30138/5,Jefferson,0,0
Apex Park and Recreation District - Ex 16,30138/6,Broomfield,0,0
Apex Park and Recreation District - Ex 16,30138/6,Denver,0,0
Apex Park and Recreation District - Ex 16,30138/6,Jefferson,0,0
Appletree Metropolitan District No. 1,65692/1,El Paso,0,1890
Appletree Metropolitan District No. 2,65693/1,El Paso,0,1890
Applewood Sanitation District,30002/1,Jefferson,1.959,109523274
Arabian Acres Metropolitan District,65097/1,Teller,21,8166040
Arapahoe Cemetery District,09001/1,Cheyenne,0.114,40417995
Arapahoe County,03001/1,Arapahoe,16.959,16458062704
Arapahoe County Law Enforcement Authority,03002/1,Arapahoe,4.982,2609748882
Arapahoe County Recreation District,03117/1,Arapahoe,0.593,2207299592
Arapahoe County Water and Wastewater Public Improvement District,65137/1,Arapahoe,7.5,1043034257
Arapahoe County Water and Wastewater Public Improvement District,65137/1,Douglas,7.5,111651050
Arapahoe Lake Public Park District,03006/1,Arapahoe,20.38,12844238
Arapahoe Library District,64005/1,Adams,5.719,5188250
Arapahoe Library District,64005/1,Arapahoe,5.719,8873579089
Archuleta County,04001/1,Archuleta,14.809,609310586
Archuleta County 50 JT School District,64909/1,Archuleta,28.82,629210556
Archuleta County 50 JT School District,64909/1,Hinsdale,28.82,5218850
Arickaree R-2 School District,61901/1,Washington,27.036,33142371
Arikaree Groundwater Management District,64006/1,Kit Carson,0.264,33829454
Arikaree Groundwater Management District,64006/1,Lincoln,0.264,50123142
Arikaree Groundwater Management District,64006/1,Washington,0.264,23028751
Arikaree Groundwater Management District,64006/1,Yuma,0.264,36259860
Arista Metropolitan District,65119/1,Broomfield,80.711,5028116
Arkansas Valley Ambulance District,67020/1,Fremont,6.001,44591349
Arriba,37002/1,Lincoln,14.509,1579752
Arriba Cemetery District,37001/1,Lincoln,0.327,15116522
Arriba-Flagler C-20 School District,64928/1,Kit Carson,27.008,38374987
Arriba-Flagler C-20 School District,64928/1,Lincoln,27.008,15392232
Arriola Cemetery District,42001/1,Montezuma,0.969,12475400
Arrowhead Colorado Metropolitan District,68084/1,Douglas,10.333,834030
Arrowhead Fire Protection District,65850/1,Gunnison,4.518,18691480
Arrowhead Metropolitan District,19001/1,Eagle,10.074,215346160
Arrowhead Metropolitan District - Debt Service,19001/2,Eagle,0,109840
Artesia Fire Protection District,41001/1,Moffat,7.805,3779846
Arvada,64009/1,Adams,4.31,79560970
Arvada,64009/1,Jefferson,4.31,2308288698
Arvada Fire Prot,30003/1,Jefferson,16.411,3185545560
Arvada Urban Renewal Authority - Jefferson Center Urban Renewal Plan,64008/2,Jefferson,0,0
Arvada Urban Renewal Authority - Northwest Arvada Urban Renewal Plan,64008/6,Jefferson,0,0
Arvada Urban Renewal Authority - Olde Town Station Urban Renewal Plan,64008/4,Jefferson,0,0
Arvada Urban Renewal Authority - Ralston Fields Urban Renewal Plan,64008/3,Jefferson,0,0
Arvada Urban Renewal Authority - Village Commons Urban Renewal Plan,64008/5,Jefferson,0,0
Arvada West Town Center Business Improvement District,65131/1,Jefferson,30.482,6407784
Ash Meadows Metropolitan District,66487/1,Adams,103.152,1540450
Ash Park and Recreation District,67669/1,Weld,60,756140
Aspen,49006/1,Pitkin,4.335,2837242790
Aspen 1 School District,49901/1,Pitkin,9.042,5700488250
Aspen Ambulance District,49005/1,Pitkin,1.1,4369763810
Aspen Business Park Metropolitan District,67705/1,Arapahoe,0,70
Aspen Consolidated Sanitation District,49002/1,Pitkin,0.059,3739580620
Aspen Fire Protection District,49001/1,Pitkin,2.463,4341875630
Aspen Grove Business Improvement District,03164/1,Arapahoe,0,20627789
Aspen Grove Business Improvement District - Bonds,03164/2,Arapahoe,0,5851518
Aspen Highlands Commercial Metropolitan District,49032/1,Pitkin,32.47,9116490
Aspen Highlands Residential Metropolitan District,49033/1,Pitkin,30.535,73556010
Aspen Hills Metropolitan District,65085/1,Adams,52.191,4101380
Aspen Historic Park & Rec. District,65493/1,Pitkin,0.3,5193711360
Aspen Park Metropolitan District,65099/1,Jefferson,66.851,6047258
Aspen Park Metropolitan District - Ex 06,65099/2,Jefferson,26.851,189
Aspen Reserve Metropolitan District,66678/1,Adams,51,5945890
Aspen Springs Metropolitan District,04002/1,Archuleta,14.647,32431015
Aspen Street Metropolitan District,67065/1,Broomfield,74.266,3766330
Aspen Trails Metropolitan District,65199/1,La Plata,5,4020490
Aspen Valley Hospital District,49004/1,Pitkin,2.08,5502226200
Aspen Village Metropolitan District,65198/1,Pitkin,86.834,6529380
Assisted Living,31004/8,Kiowa,3.82,42768801
Ault,62003/1,Weld,6.741,45081850
Ault Fire Protection District,62001/1,Weld,7.266,456262960
Ault-Highland RE-9 School District,62913/1,Weld,34.176,670461960
Aurora,64010/1,Adams,7.087,2803846171
Aurora,64010/1,Arapahoe,7.087,5778916841
Aurora,64010/1,Douglas,7.087,101630810
Aurora Centretech Metropolitan District,03095/1,Arapahoe,39.148,55466545
Aurora Conference Center General Improvement District (2-2011),66439/1,Adams,40,7096095
Aurora Crossroads Metropolitan District No. 1,66003/1,Arapahoe,10.74,41250441
Aurora Crossroads Metropolitan District No. 2,66004/1,Arapahoe,65.517,33957144
Aurora Crossroads Metropolitan District No. 2 - Bond,66004/2,Arapahoe,54.777,41250006
Aurora High Point at DIA Metropolitan District,65438/1,Adams,0,2860
Aurora Highlands Metropolitan District No. 1,65317/1,Adams,85.146,56478320
Aurora Highlands Metropolitan District No. 2,65318/1,Adams,75.475,40
Aurora Highlands Metropolitan District No. 3,65319/1,Adams,67.031,824030
Aurora Highlands Metropolitan District No. 4,67712/1,Adams,75.556,18960
Aurora Highlands Metropolitan District No. 5,67713/1,Adams,75.555,34480
Aurora Highlands Metropolitan District No. 6,01042/1,Adams,75.555,15043810
Aurora Single Tree Metropolitan District,01074/1,Adams,33.1,16083250
Aurora Urban Renewal Authority,64161/1,Adams,0,0
Aurora Urban Renewal Authority - Alameda Center Urban Renewal Plan Area,64161/15,Arapahoe,0,807942
Aurora Urban Renewal Authority - Aurora City Center II Urban Renewal Plan Area 2,64161/16,Arapahoe,0,446031
Aurora Urban Renewal Authority - Aurora City Center II Urban Renewal Plan Area 3,64161/17,Arapahoe,0,110893
Aurora Urban Renewal Authority - Aurora City Center II Urban Renewal Plan Area 4,64161/18,Arapahoe,0,233507
Aurora Urban Renewal Authority - Aurora City Center Plan Area 1,64161/6,Adams,0,0
Aurora Urban Renewal Authority - Aurora City Center Plan Area 1,64161/6,Arapahoe,0,1292623
Aurora Urban Renewal Authority - Aurora Conference Center Urban Renewal Plan Area,64161/26,Adams,0,0
Aurora Urban Renewal Authority - Aurora Conference Center Urban Renewal Plan Area,64161/26,Arapahoe,0,0
Aurora Urban Renewal Authority - Buckingham Tax Increment #1,64161/3,Adams,0,0
Aurora Urban Renewal Authority - Buckingham Tax Increment #1,64161/3,Arapahoe,0,4621117
Aurora Urban Renewal Authority - Buckingham Tax Increment #2,64161/4,Adams,0,0
Aurora Urban Renewal Authority - Buckingham Tax Increment #2,64161/4,Arapahoe,0,654600
Aurora Urban Renewal Authority - Buckingham Tax Increment #3,64161/8,Adams,0,0
Aurora Urban Renewal Authority - Buckingham Tax Increment #3,64161/8,Arapahoe,0,1001436
Aurora Urban Renewal Authority - Colorado Science and Technology Park,64161/5,Adams,0,0
Aurora Urban Renewal Authority - Colorado Science and Technology Park Urban Renewal Plan A,64161/31,Adams,0,0
Aurora Urban Renewal Authority - Colorado Science and Technology Park Urban Renewal Plan A,64161/31,Arapahoe,0,0
Aurora Urban Renewal Authority - Fitzsimons Gateway A Urban Renewal Plan Area,64161/24,Arapahoe,0,651671
Aurora Urban Renewal Authority - Fitzsimons Gateway B Urban Renewal Plan Area,64161/25,Arapahoe,0,164995
Aurora Urban Renewal Authority - Fitzsimons II Plan Area 1,64161/10,Arapahoe,0,0
Aurora Urban Renewal Authority - Fitzsimons II Plan Area 2,64161/11,Arapahoe,0,0
Aurora Urban Renewal Authority - Fitzsimons II Plan Area 3,64161/12,Arapahoe,0,0
Aurora Urban Renewal Authority - Fitzsimons II Plan Area 4,64161/13,Arapahoe,0,0
Aurora Urban Renewal Authority - Fitzsimons Tax Increment,64161/2,Adams,0,0
Aurora Urban Renewal Authority - Fitzsimons Tax Increment,64161/2,Arapahoe,0,4181936
Aurora Urban Renewal Authority - Fletcher Plaza Urban Renewal Plan Area 1,64161/20,Arapahoe,0,437114
Aurora Urban Renewal Authority - Fletcher Plaza Urban Renewal Plan Area 2,64161/21,Arapahoe,0,0
Aurora Urban Renewal Authority - Fletcher Plaza Urban Renewal Plan Area 3,64161/22,Arapahoe,0,7874
Aurora Urban Renewal Authority - Fletcher Plaza Urban Renewal Plan Area 4,64161/23,Arapahoe,0,0
Aurora Urban Renewal Authority - Havana North Urban Renewal Plan Area 2,64161/19,Arapahoe,0,589198
Aurora Urban Renewal Authority - Horizon Uptown Plan Area,64161/7,Adams,0,0
Aurora Urban Renewal Authority - Horizon Uptown Plan Area,64161/7,Arapahoe,0,47882
Aurora Urban Renewal Authority - Iliff Station Tax Increment Plan Area 1,64161/9,Arapahoe,0,567448
Aurora Urban Renewal Authority - Iliff Station Tax Increment Plan Area 2,64161/14,Arapahoe,0,1486054
Aurora Urban Renewal Authority - Westerly Creek Village Tax Increment Plan Area 1,64161/28,Adams,0,0
Aurora Urban Renewal Authority - Westerly Creek Village Tax Increment Plan Area 1,64161/28,Arapahoe,0,0
Aurora Urban Renewal Authority - Westerly Creek Village Tax Increment Plan Area 2,64161/30,Adams,0,0
Aurora Urban Renewal Authority - Westerly Creek Village Tax Increment Plan Area 2,64161/30,Arapahoe,0,0
Aurora Urban Renewal Authority - Westerly Creek Village Tax Increment Plan Area 3,64161/27,Adams,0,0
Aurora Urban Renewal Authority - Westerly Creek Village Tax Increment Plan Area 3,64161/27,Arapahoe,0,0
Aurora Urban Renewal Authority - Westerly Creek Village Tax Increment Plan Area 4,64161/29,Adams,0,0
Aurora Urban Renewal Authority - Westerly Creek Village Tax Increment Plan Area 4,64161/29,Arapahoe,0,0
Avenues Metropolitan District No. 1,65768/1,Arapahoe,0,788038
Avenues Metropolitan District No. 2,65769/1,Arapahoe,0,788038
Avenues Metropolitan District No. 3,65770/1,Arapahoe,0,788038
Avenues Metropolitan District No. 4,65771/1,Arapahoe,0,788038
Avenues Metropolitan District No. 5,65772/1,Arapahoe,0,788038
Aviation Station North Metropolitan District No. 1,66399/1,Denver,0,6250
Aviation Station North Metropolitan District No. 2,66400/1,Denver,62.74,13214850
Aviation Station North Metropolitan District No. 3,66401/1,Denver,68.918,14780550
Aviation Station North Metropolitan District No. 4,66402/1,Denver,13,460
Aviation Station North Metropolitan District No. 5,66403/1,Denver,10,4509880
Aviation Station North Metropolitan District No. 6,66404/1,Denver,0,0
Avion Metropolitan District,66743/1,Denver,105.694,20921810
Avon,19003/1,Eagle,8.956,353252490
Avon Downtown Development Authority,67949/1,Eagle,0,111535740
Avon Station Metropolitan District,19062/1,Eagle,55.005,26712110
Avon Station Metropolitan District - Debt Service,19062/2,Eagle,32.005,1175590
Avon Urban Renewal Authority,65827/1,Eagle,0,76567470
Avondale Water & Sanitation District,51001/1,Pueblo,10.641,6658240
BBC Metropolitan District,65121/1,Broomfield,59.235,16496010
BMR Metropolitan District,18064/1,Douglas,0,0
BNC Metropolitan District No. 1,01093/1,Adams,96.59,16490890
BNC Metropolitan District No. 2,65208/1,Adams,90.482,13003810
BNC Metropolitan District No. 2 - Bond,65208/2,Adams,62.457,2947930
BNC Metropolitan District No. 2 - Subdistrict No. 1,68212/1,Adams,0,0
BNC Metropolitan District No. 3,65209/1,Adams,97.29,3169290
Baca County,05001/1,Baca,33.812,120605894
Baca County Pest Control District,65293/1,Baca,1.597,39887667
Baca Grande Water & Sanitation District,55001/1,Saguache,46.25,24225617
Bachelor Gulch Metropolitan District,19053/1,Eagle,2.152,243835920
Bailey Water & Sanitation District,47002/1,Park,25.392,5541492
Ballpark Denver General Improvement District,68094/1,Denver,5,211139200
Bancroft-Clover Water & Sanitation District,30004/1,Jefferson,1.003,679520464
Bandera Blvd. Special Impr. Maint. Dist.,65290/1,Pueblo,5,9637670
Banning Lewis Ranch Metro. District #1,65486/1,El Paso,0,770
Banning Lewis Ranch Metro. District #2,65487/1,El Paso,46.469,29515790
Banning Lewis Ranch Metro. District #3,65488/1,El Paso,39.471,30217120
Banning Lewis Ranch Metro. District #4,65489/1,El Paso,63.631,37656540
Banning Lewis Ranch Metro. District #5,65490/1,El Paso,62.47,17025850
Banning Lewis Ranch Metropolitan District No. 10,67099/1,El Paso,0,770
Banning Lewis Ranch Metropolitan District No. 11,67100/1,El Paso,0,770
Banning Lewis Ranch Metropolitan District No. 8,67097/1,El Paso,61.321,15568270
Banning Lewis Ranch Metropolitan District No. 9,67098/1,El Paso,0,770
Banning Lewis Ranch Regional Metropolitan District No. 1,65491/1,El Paso,12.019,114845620
Banning Lewis Ranch Regional Metropolitan District No. 2,65492/1,El Paso,11.415,15849680
Barnes & Powers North B.I.D.,65274/1,El Paso,54.777,9160070
Barnes & Powers South B.I.D.,65275/1,El Paso,11.136,4742380
Barnes Center Metropolitan District,67019/1,El Paso,44.012,3186860
Basalt,64017/1,Eagle,8.702,257549580
Basalt,64017/1,Pitkin,8.702,96810810
Basalt & Rural Fire Protection District,64013/1,Eagle,12.268,473973270
Basalt & Rural Fire Protection District,64013/1,Pitkin,12.268,263089400
Basalt Regional Library District,64014/1,Eagle,3.119,473973270
Basalt Regional Library District,64014/1,Pitkin,3.131,307415620
Basalt Sanitation District,64015/1,Eagle,0,92770380
Basalt Sanitation District,64015/1,Pitkin,0,0
Basalt Water Conservancy District,64016/1,Eagle,0.023,455912680
Basalt Water Conservancy District,64016/1,Garfield,0.023,429068830
Basalt Water Conservancy District,64016/1,Pitkin,0.023,533408240
Base Village Metropolitan District No. 1,65345/1,Pitkin,43.5,6693080
Base Village Metropolitan District No. 2,65346/1,Pitkin,46.468,93658140
Baseline Metropolitan District No. 1,66334/1,Broomfield,0,5100
Baseline Metropolitan District No. 2,65054/1,Broomfield,48.331,47424
Baseline Metropolitan District No. 3,65056/1,Broomfield,56.706,41093
Baseline Metropolitan District No. 4,66889/1,Broomfield,16.111,3396796
Baseline Metropolitan District No. 5,67381/1,Broomfield,15,50
Baseline Metropolitan District No. 6,67382/1,Broomfield,45,50
Baseline Metropolitan District No. 7,67383/1,Broomfield,50,50
Baseline Metropolitan District No. 8,67384/1,Broomfield,45,50
Baseline Metropolitan District No. 9,67385/1,Broomfield,50,50
Baseline Water District,07002/1,Boulder,1.483,12568843
Battle North Metropolitan District No. 1,68127/1,Eagle,0,240
Battle North Metropolitan District No. 2,68128/1,Eagle,0,490
Battle North Metropolitan District No. 3,68129/1,Eagle,0,510
Battle North Metropolitan District No. 4,68130/1,Eagle,0,570
Battlement Mesa Metropolitan District,23030/1,Garfield,0,0
Battlement Mesa Metropolitan District,23032/1,Garfield,0,39749800
Bayfield,34005/1,La Plata,5.95,53657710
Bayfield 10 JT.-R School District,64930/1,Archuleta,32.651,1196400
Bayfield 10 JT.-R School District,64930/1,La Plata,32.651,282588130
Beacon Point Metropolitan District,65138/1,Arapahoe,64.612,45296412
Bear Creek Water & San,30005/1,Jefferson,4.159,258601043
Bear Ridge Metropolitan District,67785/1,Douglas,0,1002310
Beaver Brook Water and Sanitation District,10015/1,Clear Creek,0,0
Beaver Creek Metro,19004/1,Eagle,20.395,507333900
Beaver Creek Metropolitan District-Debt 099,19004/2,Eagle,0,0
Beebe Draw Farms Metropolitan District No. 1,62082/1,Weld,40,9560770
Beebe Draw Farms Metropolitan District No. 1 - Bond 2018,62082/2,Weld,0,0
Beebe Draw Farms Metropolitan District No. 2,62113/1,Weld,50,51256810
Beebe Draw Farms Metropolitan District No. 2 - Cap Pledge 2051,62113/2,Weld,12.596,1703120
Beebe Draw Farms Metropolitan District No. 2 - Cap Pledge 2055,62113/3,Weld,12.455,2243240
Beebe Draw Law Enforcement Authority,62083/1,Weld,7,9024220
Belford North Metropolitan District,66888/1,Douglas,82.702,862610
Belford South Metropolitan District,66709/1,Douglas,86.64,11626170
Bella Mesa Metropolitan District,65300/1,Douglas,77.131,7096820
Belle Creek Metropolitan District No. 1,01082/1,Adams,62,26534740
Belleview Place Metropolitan District,66920/1,Arapahoe,136.999,3123374
Belleview Station Metropolitan District No. 1,65521/1,Denver,0,30
Belleview Station Metropolitan District No. 2,65522/1,Denver,33,119953440
Belleview Station Metropolitan District No. 3,65523/1,Denver,0,30
Belleview Village Metropolitan District,66731/1,Jefferson,88.689,4382299
Bellyache Ridge Metropolitan District,19005/1,Eagle,20.25,8637010
Bend @ Lakewood Metropolitan District,68244/1,Jefferson,0,0
Bennett,64258/1,Adams,11.33,80356200
Bennett,64258/1,Arapahoe,11.33,9001069
Bennett 29J School District,64902/1,Adams,25.38,328048329
Bennett 29J School District,64902/1,Arapahoe,25.38,527339339
Bennett Bear Creek Farm Water & Sanitation District,30008/1,Jefferson,1.884,30653443
Bennett Crossing Metropolitan District No. 1,66713/1,Adams,77.495,8013810
Bennett Crossing Metropolitan District No. 2,66714/1,Adams,44.04,12163080
Bennett Crossing Metropolitan District No. 3,66715/1,Adams,53.703,63670
Bennett Farms Metropolitan District No. 1,67791/1,Adams,0,10
Bennett Farms Metropolitan District No. 2,67792/1,Adams,0,10
Bennett Farms Metropolitan District No. 3,67793/1,Adams,0,10
Bennett Farms Metropolitan District No. 4,67794/1,Adams,0,10
Bennett Farms Metropolitan District No. 5,67795/1,Adams,0,10
Bennett Farms Metropolitan District No. 6,67796/1,Adams,0,10
Bennett Fire Protection District,64018/1,Adams,10.898,346872550
Bennett Fire Protection District,64018/1,Arapahoe,10.898,558345405
Bennett North Metropolitan District No. 1,67707/1,Adams,0,30
Bennett North Metropolitan District No. 2,67708/1,Adams,0,30
Bennett North Metropolitan District No. 3,67709/1,Adams,0,30
Bennett North Metropolitan District No. 4,67710/1,Adams,0,30
Bennett Park and Recreation District,01102/1,Adams,4.141,92828980
Bennett Ranch Metropolitan District No. 1,67287/1,Adams,72.631,2364000
Bennett Ranch Metropolitan District No. 2,67288/1,Adams,0,1025440
Bennett Ranch Metropolitan District No. 3,67289/1,Adams,0,1025440
Bennett Ranch Metropolitan District No. 4,67290/1,Adams,0,1025440
Bent Conservation District,06003/1,Otero,0,0
Bent County,06001/1,Bent,30.85,104072780
Bent County-Las Animas Cemetery District,06002/1,Bent,4,80076260
Bent Grass Metropolitan District,65928/1,El Paso,46.491,16925750
Bent-Prowers Cemetery District,64019/1,Bent,4,23610960
Bent-Prowers Cemetery District,64019/1,Prowers,4,7409310
Berkeley Villas Metropolitan District,68135/1,Adams,60,340120
Berkeley Water & Sanitation District,64020/1,Adams,2.546,151070020
Berkeley Water & Sanitation District,64020/1,Jefferson,2.546,9515865
Berkley Shores Metropolitan District,67257/1,Adams,91.744,3043590
Berry Creek Metropolitan District,19006/1,Eagle,9.134,150409760
Berthoud,64237/1,Larimer,9.538,292083963
Berthoud,64237/1,Weld,9.538,25589390
Berthoud 160 Metropolitan District,67238/1,Larimer,16.744,16323
Berthoud Community Library District,66063/1,Larimer,2.357,427502367
Berthoud Fire Protection District,64021/1,Boulder,13.342,8711484
Berthoud Fire Protection District,64021/1,Larimer,13.342,429702536
Berthoud Fire Protection District,64021/1,Weld,13.342,95414060
Berthoud-Heritage Metropolitan District No. 1,66006/1,Larimer,0,532171
Berthoud-Heritage Metropolitan District No. 10,67066/1,Larimer,70.137,6680753
Berthoud-Heritage Metropolitan District No. 11,67067/1,Larimer,69.814,893618
Berthoud-Heritage Metropolitan District No. 12,67068/1,Larimer,69.814,159542
Berthoud-Heritage Metropolitan District No. 13,67069/1,Larimer,70.937,284639
Berthoud-Heritage Metropolitan District No. 14,67070/1,Larimer,69.814,260806
Berthoud-Heritage Metropolitan District No. 15,67071/1,Larimer,69.814,403568
Berthoud-Heritage Metropolitan District No. 16,67072/1,Larimer,69.814,162362
Berthoud-Heritage Metropolitan District No. 17,67073/1,Larimer,82.136,241236
Berthoud-Heritage Metropolitan District No. 2,66007/1,Larimer,79.18,24203143
Berthoud-Heritage Metropolitan District No. 3,66008/1,Larimer,69.814,13497
Berthoud-Heritage Metropolitan District No. 4,66009/1,Larimer,62.801,12875809
Berthoud-Heritage Metropolitan District No. 5,66010/1,Larimer,69.814,56888
Berthoud-Heritage Metropolitan District No. 6,66011/1,Larimer,82.698,2933521
Berthoud-Heritage Metropolitan District No. 7,66012/1,Larimer,21.481,6671991
Berthoud-Heritage Metropolitan District No. 8,66013/1,Larimer,73.259,7087647
Berthoud-Heritage Metropolitan District No. 9,66014/1,Larimer,53.703,321359
Bethune,32001/1,Kit Carson,3.252,1062526
Bethune R-5 School District,32903/1,Kit Carson,41.342,20611136
Beulah Fire Protection and Ambulance District,65866/1,Pueblo,18.52,23495290
Beulah Water Works District,51002/1,Pueblo,0,3043480
Big Sandy 100J School District,64920/1,El Paso,31.366,7757280
Big Sandy 100J School District,64920/1,Elbert,31.366,42819377
Big Sandy Fire Protection District,65415/1,El Paso,8,7182420
Big Sandy Fire Protection District,65415/1,Elbert,8,41658897
Big Sky Metropolitan District No. 1,66563/1,Jefferson,0,3459
Big Sky Metropolitan District No. 2,66564/1,Jefferson,0,136561
Big Sky Metropolitan District No. 3,66565/1,Jefferson,0,3459
Big Sky Metropolitan District No. 4,66566/1,Jefferson,0,3459
Big Sky Metropolitan District No. 5,66567/1,Jefferson,0,3459
Big Sky Metropolitan District No. 6,66568/1,Jefferson,0,3459
Big Sky Metropolitan District No. 7,66569/1,Jefferson,0,3459
Big Thompson Conservation District,62004/1,Weld,0,0
Bighorn Terrace Sanitation Subdistrict of the Eagle River Water and Sanitation District,66877/1,Eagle,0,0
Bijou Creek Metropolitan District,67017/1,Arapahoe,39.545,4345704
Bijou Metropolitan District,67559/1,Morgan,77.267,820380
Black Forest Fire/Rescue Protection District,21002/1,El Paso,15.65,309405940
Black Forest Fire/Rescue Protection District (OPS),21002/2,El Paso,0,229199470
Black Hawk,24001/1,Gilpin,0.036,342683620
Black Hawk Business Improvement District,24007/1,Gilpin,0,0
Black Hawk-Central City Sanitation District,24002/1,Gilpin,0.162,372219763
Blackstone Metropolitan District,65140/1,Arapahoe,55.309,55299803
Blanca,12001/1,Costilla,12.72,5277546
Blanca/Fort Garland Metropolitan District,12002/1,Costilla,8.691,98432541
Blende Sanitation District,51003/1,Pueblo,0,6069700
Block 23 Metropolitan District No. 1,66745/1,Larimer,0,0
Block 23 Metropolitan District No. 2,66746/1,Larimer,0,0
Blue Eagle Metropolitan District No. 1,67507/1,Adams,3,10
Blue Eagle Metropolitan District No. 2,67508/1,Adams,3,10
Blue Eagle Metropolitan District No. 3,67509/1,Adams,3,10
Blue Eagle Metropolitan District No. 4,67510/1,Adams,3,10
Blue Eagle Metropolitan District No. 5,67511/1,Adams,42.925,300
Blue Lake Metropolitan District No. 1,65235/1,Weld,55,2949080
Blue Lake Metropolitan District No. 2,65236/1,Weld,55.656,5045190
Blue Lake Metropolitan District No. 3,65237/1,Weld,56.121,9023100
Blue Lake Metropolitan District No. 4,67145/1,Weld,59.371,80920
Blue Lake Metropolitan District No. 5,67146/1,Weld,0,10
Blue Lake Metropolitan District No. 6,67147/1,Weld,0,10
Blue Mountain Water District,30010/1,Jefferson,22.374,9922255
Blue River,59002/1,Summit,10.46,88971290
Blue Valley Metropolitan District,25001/1,Grand,11,7077330
Bluebird Business Improvement District,66445/1,Denver,10,16902200
Bluestone Water Conservancy District,64023/1,Garfield,0.006,594879690
Bluestone Water Conservancy District,64023/1,Mesa,0.006,38242340
Blvd Plaza Lease/Purchase,03001/9,Arapahoe,0,0
Bobcat Meadows Metropolitan District,21102/1,El Paso,12.498,4854580
Bonanza City,55002/1,Saguache,0.518,945219
Bond Redemption & Interest,16002/5,Denver,1.732,25445395933
Bond Redemption & Interest,19011/6,Eagle,0,5338527000
Bond Redemption & Interest,21019/7,El Paso,0,0
Bond Redemption & Interest,20001/6,Elbert,0,0
Bond Redemption & Interest,24005/6,Gilpin,0,0
Bond Redemption & Interest,39023/6,Mesa,0,0
Bond Redemption & Interest,44010/6,Morgan,0,0
Bond Redemption & Interest,49010/5,Pitkin,1.5,5544208430
Bond Redemption & Interest,51010/13,Pueblo,0,0
Bond Redemption & Interest,61008/6,Washington,0,0
Bone Mesa Domestic Water District,15001/1,Delta,0.03,7446636
Bonvue Water & Sanitation District,30011/1,Jefferson,0,10693386
Bookcliff Conservation District,23002/1,Garfield,0,0
Bookcliff Conservation District,23002/1,Mesa,0,5549680
Boone,51005/1,Pueblo,14.05,2990930
Bostwick Park Water Conservancy District,64024/1,Gunnison,0.814,4885530
Bostwick Park Water Conservancy District,64024/1,Montrose,0.814,418846158
Boulder,07006/1,Boulder,11.648,5022426241
Boulder County,07003/1,Boulder,24.046,11631881772
Boulder County Gunbarrel General Improvement District,07061/1,Boulder,0,223054711
Boulder County Nederland Eco Pass Public Improvement District,66434/1,Boulder,1.85,115997775
Boulder Forest Glen Transit Pass General Improvement Dist.,07077/1,Boulder,1.271,13794269
Boulder Junction Access General Improvement District -- Parking,66236/1,Boulder,5,56559422
Boulder Junction Access General Improvement District -- Travel Demand Management,66237/1,Boulder,5,115934917
Boulder Mountain Fire Protection District,65369/1,Boulder,8.912,97943348
Boulder Mountain Fire Protection Sub-District,65369/2,Boulder,1.803,49825284
Boulder Mountain Fire Protection Sub-District,67801/1,Boulder,0,0
Boulder Public Library District,67674/1,Boulder,3.562,6024865799
Boulder Rural Fire Protection District,07057/1,Boulder,15.747,383366770
Boulder Urban Renewal Authority - 9th and Canyon,07043/1,Boulder,0,0
Boulder Valley Conservation District,64025/1,Boulder,0,718404861
Boulder Valley Conservation District,64025/1,Broomfield,0,454307
Boulder Valley Conservation District,64025/1,Weld,0,393161770
Boulder Valley RE 2 School District,64911/1,Boulder,48.044,9110021407
Boulder Valley RE 2 School District,64911/1,Broomfield,48.044,1046532738
Boulder Valley RE 2 School District,64911/1,Gilpin,48.044,98239500
Boulevard at Lowry Metropolitan District,67358/1,Denver,25,16760850
Bow Mar,64026/1,Arapahoe,14.882,36054388
Bow Mar,64026/1,Jefferson,15.353,12574384
Bow Mar Water & Sanitation District,64027/1,Arapahoe,11.317,32403049
Bow Mar Water & Sanitation District,64027/1,Jefferson,11.317,12400300
Bowles Metropolitan District,64193/1,Denver,40,44264680
Bowles Metropolitan District,64193/1,Jefferson,40,44924345
Box Elder Water & Sanitation District,01004/1,Adams,47.362,1306680
Boxelder Sanitation District,35002/1,Larimer,0,521652260
Boxelder Sanitation District,35002/1,Weld,0,38713870
Boyd Ponds Metropolitan District No. 2,66219/1,Jefferson,26.554,7684535
Bradburn Metropolitan District No. 1,01098/1,Adams,0,0
Bradburn Metropolitan District No. 2,01099/1,Adams,67.11,17761870
Bradburn Metropolitan District No. 3,01100/1,Adams,40.931,22424190
Bradley Heights Metropolitan District No. 1,65561/1,El Paso,0,50
Bradley Heights Metropolitan District No. 2,65562/1,El Paso,53.488,6456260
Bradley Heights Metropolitan District No. 3,65563/1,El Paso,46.985,36300
Bradley Ranch Metropolitan District,65727/1,El Paso,57.64,13973880
Bramming Farm Metropolitan District No. 1,66241/1,Adams,55.054,5994410
Brands East Metropolitan District No. 1,66574/1,Larimer,39,135
Brands East Metropolitan District No. 2,66575/1,Larimer,41.888,1623732
Brands East Metropolitan District No. 3,66576/1,Larimer,49.372,12524811
Brands East Metropolitan District No. 4,66577/1,Larimer,32.222,6795128
Brands Metropolitan District No. 1,66557/1,Larimer,39.153,40942
Brands Metropolitan District No. 2,66558/1,Larimer,41.888,4796814
Brands Metropolitan District No. 3,66559/1,Larimer,41.888,311175
Brands Metropolitan District No. 4,66560/1,Larimer,39.002,40446
Brands West Metropolitan District No. 1,66994/1,Larimer,39,10
Brands West Metropolitan District No. 2,66995/1,Larimer,41.888,5253777
Brands West Metropolitan District No. 3,66996/1,Larimer,31.297,3257357
Brands West Metropolitan District No. 4,66997/1,Larimer,21.481,5872759
Branson,36002/1,Las Animas,4.807,541209
Branson Reorganized 82 School District,36904/1,Las Animas,31.616,18613460
Branson-Trinchera Conservation District,36003/1,Las Animas,0.5,30019979
Bravada Neher Metropolitan District No. 1,67011/1,Arapahoe,0,2389
Bravada Neher Metropolitan District No. 2,67012/1,Arapahoe,0,2296
Bravada Neher Metropolitan District No. 3,67013/1,Arapahoe,0,2296
Bravada Neher Metropolitan District No. 4,67014/1,Arapahoe,0,2296
Bravada Neher Metropolitan District No. 5,67015/1,Arapahoe,0,2296
Breckenridge,59004/1,Summit,5.07,1053674430
Breckenridge Mountain Metro. District,65155/1,Summit,15,94319800
"Breckenridge Mountain Metropolitan District, Subdistrict A",67610/1,Summit,28,8462760
Brennan Metropolitan District,66685/1,Boulder,32.5,5531053
Briargate Center Business Improvement District,65066/1,El Paso,39,9740810
Briargate Special Improvement Maintenance District,21059/1,El Paso,0,301212530
Brickyard Metropolitan District No. 1,68161/1,Douglas,10,94500
Brickyard Metropolitan District No. 2,68162/1,Douglas,10,30580
Brickyard Metropolitan District No. 3,68163/1,Douglas,10,19060
Bridle Creek Metropolitan District No. 1,65454/1,Weld,0,0
Bridle Creek Metropolitan District No. 1,67242/1,Weld,0,113503
Briggsdale Fire Protection District,62087/1,Weld,4.002,513881780
Briggsdale RE-10 School District,64953/1,Morgan,16.616,23970
Briggsdale RE-10 School District,64953/1,Weld,16.616,482698660
Brighton,64029/1,Adams,6.65,880424838
Brighton,64029/1,Weld,6.65,67166531
Brighton 27J School District,64901/1,Adams,56.29,3234964170
Brighton 27J School District,64901/1,Broomfield,56.29,19610
Brighton 27J School District,64901/1,Weld,56.29,104132963
Brighton Crossing Metropolitan District No. 4,01041/1,Adams,56.304,43316370
Brighton Crossing Metropolitan District No. 5,67005/1,Adams,61.245,10095500
Brighton Crossing Metropolitan District No. 6,67006/1,Adams,67.323,11221770
Brighton Crossing Metropolitan District No. 7,67007/1,Adams,67.28,14980710
Brighton Crossing Metropolitan District No. 8,67008/1,Adams,64.437,136780
Brighton Ridge Metropolitan District No. 1,67513/1,Adams,0,1381840
Brighton Ridge Metropolitan District No. 2,67514/1,Adams,0,1048990
Brighton Urban Renewal Authority,01104/1,Adams,0,0
Brighton Urban Renewal Authority,01104/1,Weld,0,0
Brighton Urban Renewal Authority - North Brighton Employment Area 2 Urban Renewal Plan,01104/8,Weld,0,0
Brighton Urban Renewal Authority - Plan Area 1,01104/2,Adams,0,0
Brighton Urban Renewal Authority - South Brighton Urban Renewal Plan,01104/9,Adams,0,0
Brighton Urban Renewal Authority - Urban Renewal Plan,01104/6,Weld,0,317501
Brighton Urban Renewal Authority 2,01104/7,Weld,0,1562440
Bristol Metropolitan District,66760/1,Arapahoe,78.38,2600165
Bristol Water & Sanitation District,50002/1,Prowers,16.09,476417
Bristol-Granada Cemetery District,50003/1,Prowers,1.562,17986513
Britanie Ridge Metropolitan District,65474/1,Elbert,10,5713100
Brittany Place Metropolitan District,01052/1,Adams,0,433617
Broadlands Metropolitan District No. 2,01070/1,Broomfield,8.63,112781960
Broadmoor Fire Protection District,21003/1,El Paso,4.5,173992000
Broadway Denver General Improvement District,68206/1,Denver,0,0
Broadway Park North Metropolitan District No. 1,66283/1,Denver,0,30
Broadway Park North Metropolitan District No. 2,66284/1,Denver,64.74,28514940
Broadway Park North Metropolitan District No. 2 - Debt,66284/2,Denver,47.084,28514940
Broadway Park North Metropolitan District No. 3,66285/1,Denver,16.11,4792550
Broadway Park South Metropolitan District No. 1,66157/1,Denver,0,30
Broadway Park South Metropolitan District No. 2,66912/1,Denver,0,30
Broadway Park South Metropolitan District No. 3,66913/1,Denver,0,30
Broadway Park South Metropolitan District No. 4,66914/1,Denver,0,30
Broadway Station Metro. District #1,65573/1,Denver,0,65480
Broadway Station Metro. District #2,65574/1,Denver,69.813,3041635
Broadway Station Metro. District #3,65575/1,Denver,69.813,4779705
Bromley Park Metropolitan District No. 2,01039/1,Adams,54.5,56360500
Bromley Park Metropolitan District No. 2,01039/1,Weld,54.5,19448810
Bromley Park Metropolitan District No. 3,01040/1,Adams,60,40269450
Bromley Park Metropolitan District No. 5,01090/1,Adams,40,12644360
Bromley Park Metropolitan District No. 6,01091/1,Adams,35,119445260
Bromley Park Metropolitan District No. 6,01091/1,Weld,35,9680
Brook Forest Water District,30012/1,Jefferson,18.641,16344112
Brooklyn Metropolitan District,65014/1,Lake,5,1809177
Brookside,22001/1,Fremont,9.179,3471254
Broomfield City,64030/2,Broomfield,28.968,1987394625
Broomfield County,64030/1,Broomfield,0,0
Broomfield Town Square Business Improvement District,68176/1,Broomfield,0,0
Broomfield Town Square Metropolitan District No. 1,67429/1,Broomfield,0,0
Broomfield Town Square Metropolitan District No. 2,67430/1,Broomfield,0,9850
Broomfield Urban Renewal Authority,64184/1,Broomfield,0,59713792
Broomfield Urban Renewal Authority - Adams (W 120th) Plan Area,64184/2,Broomfield,0,7463883
Broomfield Urban Renewal Authority - Baseline Plan Area,64184/14,Boulder,0,0
Broomfield Urban Renewal Authority - Baseline Plan Area,64184/14,Broomfield,0,3464729
Broomfield Urban Renewal Authority - Boulder (W 120th) Plan Area,64184/3,Broomfield,0,1461110
Broomfield Urban Renewal Authority - Broomfield Plaza Civic Center Plan Area,64184/12,Broomfield,0,5346526
Broomfield Urban Renewal Authority - Broomfield Town Square Plan Area,64184/15,Boulder,0,0
Broomfield Urban Renewal Authority - Broomfield Town Square Plan Area,64184/15,Broomfield,0,0
Broomfield Urban Renewal Authority - Hoyt Street Plan Area,64184/13,Boulder,0,0
Broomfield Urban Renewal Authority - Hoyt Street Plan Area,64184/13,Broomfield,0,3092612
Broomfield Urban Renewal Authority - Hunter Douglas Plan Area,64184/4,Broomfield,0,0
Broomfield Urban Renewal Authority - Interlocken (96th) Plan Area,64184/5,Broomfield,0,0
Broomfield Urban Renewal Authority - Jeffco Plan Area,64184/6,Broomfield,0,0
Broomfield Urban Renewal Authority - Lowell Gateway Plan Area,64184/10,Broomfield,0,4551008
Broomfield Urban Renewal Authority - North Park Plan Area,64184/9,Broomfield,0,122051
Broomfield Urban Renewal Authority - North Park West Plan Area,64184/7,Broomfield,0,1007995
Broomfield Urban Renewal Authority - US 36 West Corridor Plan Area,64184/11,Broomfield,0,130802026
Broomfield Urban Renewal Authority - Wadsworth Interchange Plan Area,64184/8,Broomfield,0,6337803
Broomfield Village Metropolitan District No. 2,07068/1,Broomfield,54.8,10879918
Broomfield Village Metropolitan District No. 2 - Exclusion,07068/2,Boulder,0,0
Broomfield Village Metropolitan District No. 2 - Exclusion,07068/2,Broomfield,37,1423511
Broomfield Village Metropolitan District No. 2 - Lot 9 Exclusion,07068/3,Boulder,0,0
Broomfield Village Metropolitan District No. 2 - Lot 9 Exclusion,07068/3,Broomfield,37,360235
Brownsville Water & Sanitation District,07007/1,Boulder,0.37,13950279
Brush,44001/1,Morgan,15.66,68284160
Brush Creek Metropolitan District,49025/1,Pitkin,12.226,40365530
Brush RE-2(J) School District,64938/1,Morgan,48.354,270361380
Brush RE-2(J) School District,64938/1,Washington,48.354,2285173
Brush Rural Fire Protection District,64031/1,Morgan,3.513,164598530
Brush Rural Fire Protection District,64031/1,Washington,3.513,935912
Buckhorn Heights Metropolitan District,65225/1,Montrose,0,0
Buckhorn Valley Metropolitan District No. 1,19069/1,Eagle,0,55620
Buckhorn Valley Metropolitan District No. 2,19070/1,Eagle,56.203,24868780
Buckley Crossing Metropolitan District,65245/1,Adams,10,5140
Buckley Crossing Metropolitan District No. 2,67500/1,Adams,10,6820
Buckley Metropolitan District No. 1,67324/1,Arapahoe,51.556,43829
Buckley Metropolitan District No. 2,67325/1,Arapahoe,51.556,1854623
Buckley Metropolitan District No. 3,67326/1,Arapahoe,80.237,1524008
Buckley Metropolitan District No. 4,67327/1,Arapahoe,51.556,559749
Buckley Ranch Metropolitan District,65186/1,Adams,42.865,9331720
Buckley Yard Metropolitan District No. 2,67558/1,Arapahoe,37.047,6440639
Buckley Yard Metropolitan District No. 2 - Subdistrict,67558/2,Arapahoe,0,0
Buckley Yard Metropolitan District No. 2 Sub District,68000/1,Arapahoe,22.082,2944544
Buena Vista,08002/1,Chaffee,4.89,138527870
Buena Vista R-31 School District,08900/1,Chaffee,36.784,459592760
Buena Vista Sanitation District,08001/1,Chaffee,1.48,151569360
Buffalo Creek Metropolitan District No. 1,68207/1,Weld,0,200
Buffalo Creek Metropolitan District No. 2,68208/1,Weld,0,590
Buffalo Creek Metropolitan District No. 3,68209/1,Weld,0,280
Buffalo Creek Metropolitan District No. 4,68210/1,Weld,0,160
Buffalo Creek Metropolitan District No. 5,68211/1,Weld,0,28060
Buffalo Creek Water District,30146/1,Jefferson,0,4141114
Buffalo Highlands Metropolitan District,65101/1,Adams,91.475,5917470
Buffalo Highlands Metropolitan District - Bond,65101/2,Adams,61.986,21544300
Buffalo Highlands Metropolitan District No. 1,67931/1,Weld,0,16370
Buffalo Highlands Metropolitan District No. 2,67932/1,Weld,0,37610
Buffalo Highlands Metropolitan District No. 3,67933/1,Weld,0,44560
Buffalo Mountain Metropolitan District,59005/1,Summit,15,99758360
Buffalo RE-4 School District,64935/1,Logan,30.042,36143419
Buffalo RE-4 School District,64935/1,Morgan,30.042,4736990
Buffalo RE-4 School District,64935/1,Washington,30.042,5332576
Buffalo Ridge Metropolitan District,01064/1,Adams,52.957,69161900
Buffalo Run Mesa Metropolitan District,65057/1,Adams,57.037,15779250
Burgundy Park Public Improvement District of Boulder County,66950/1,Boulder,12.25,3093005
Burlington,32004/1,Kit Carson,8.6,55569427
Burlington Conservation District,64252/1,Kit Carson,0,0
Burlington Conservation District,64252/1,Yuma,0,0
Burlington Fire Protection District,32002/1,Kit Carson,1.965,150122967
Burlington RE-6J School District,64929/1,Kit Carson,40.23,131141527
Burlington RE-6J School District,64929/1,Yuma,40.23,138710
Buttermilk Metro District - Water,49034/2,Pitkin,5.156,91577920
Buttermilk Metropolitan District,49034/1,Pitkin,4.191,70717690
Byers 32J School District,64908/1,Adams,30.189,30954448
Byers 32J School District,64908/1,Arapahoe,30.189,45744689
Byers Fire Protection District,64032/1,Adams,9.774,23205230
Byers Fire Protection District,64032/1,Arapahoe,9.774,40783532
Byers Fire Protection District,64032/1,Elbert,9.774,430920
Byers Park & Recreation District,64170/1,Adams,2.589,7363880
Byers Park & Recreation District,64170/1,Arapahoe,2.589,27453724
Byers Peak Ranch Metropolitan District No. 1,67989/1,Grand,0,733
Byers Peak Ranch Metropolitan District No. 2,67990/1,Grand,0,2630
Byers Peak Ranch Metropolitan District No. 3,67991/1,Grand,0,2360
Byers Peak Ranch Metropolitan District No. 4,67992/1,Grand,0,3380
Byers Peak Ranch Metropolitan District No. 5,67993/1,Grand,0,1570
Byers Peak Ranch Metropolitan District No. 6,67994/1,Grand,0,25990
Byers Peak Ranch Metropolitan District No. 7,67995/1,Grand,0,6100
Byers View Metropolitan District,65420/1,Grand,0,758799
Byers Water & Sanitation District,03009/1,Arapahoe,0,13572023
CCP Metropolitan District No. 1,66543/1,Denver,30,3383624
CCP Metropolitan District No. 2,66544/1,Denver,0,0
CCP Metropolitan District No. 3,66580/1,Adams,30,263789
CCP Metropolitan District No. 4,66581/1,Adams,0,0
Cache Metropolitan District No. 1,67341/1,Weld,70,4306810
Cache Metropolitan District No. 2,67342/1,Weld,0,10
Cache Metropolitan District No. 3,67343/1,Weld,0,10
Cache Metropolitan District No. 4,67344/1,Weld,0,10
Cache Metropolitan District No. 5,67345/1,Weld,0,10
Cache Metropolitan District No. 6,67346/1,Weld,0,10
Cache Metropolitan District No. 7,67347/1,Weld,0,10
Cache Metropolitan District No. 8,67348/1,Weld,0,10
Cahone Cemetery District,17001/1,Dolores,0.014,58327427
Calhan,21006/1,El Paso,17.563,10554470
Calhan Fire Protection District,64203/1,El Paso,11.854,56449790
Calhan Fire Protection District,64203/1,Elbert,11.854,6341848
Calhan RJ-1 School District,64921/1,El Paso,35.01,65406760
Calhan RJ-1 School District,64921/1,Elbert,35.01,6643518
Campo,05003/1,Baca,17.087,234677
Campo Cemetery District,05002/1,Baca,0.193,15979364
Campo Park & Recreation District,05026/1,Baca,0.796,18511374
Campo RE-6 School District,05904/1,Baca,24.224,18556923
Canal Avenue Metropolitan District,67074/1,Adams,14.1,16962180
Canon City,22002/1,Fremont,2.887,226566690
Canon City Area Fire Protection District,22003/1,Fremont,24.117,347293120
Canon City Area Metropolitan Recreation & Park District,22004/1,Fremont,3.516,343613519
Canon City Area for Reinvestment Expansion,67322/1,Fremont,0,0
Canon City RE-1 School District,22902/1,Fremont,38.612,423784611
Canterberry Crossing Metropolitan District,18103/1,Douglas,15.6,45231370
Canterberry Crossing Metropolitan District II,18122/1,Douglas,25.8,33022840
Canyon Creek Metropolitan District No. 1,66090/1,El Paso,0,16350
Canyon Creek Metropolitan District No. 2,66091/1,El Paso,50.478,1385380
Canyon Creek Metropolitan District No. 2 - Debt Service 2025,66091/2,El Paso,32.222,15820
Canyon Creek Metropolitan District No. 3,66092/1,El Paso,40.755,1444650
Canyon Pines Metropolitan District,65267/1,Jefferson,89.152,8555249
Canyons Metropolitan District No. 1,65039/1,Douglas,0,40
Canyons Metropolitan District No. 10,66230/1,Douglas,0,40
Canyons Metropolitan District No. 11,66231/1,Douglas,0,40
Canyons Metropolitan District No. 2,65040/1,Douglas,74.111,1437180
Canyons Metropolitan District No. 3,65041/1,Douglas,61.032,9359500
Canyons Metropolitan District No. 3 - Debt Service,65041/2,Douglas,50.86,0
Canyons Metropolitan District No. 4,65042/1,Douglas,69,54360
Canyons Metropolitan District No. 5,66225/1,Douglas,60.598,95593700
Canyons Metropolitan District No. 6,66226/1,Douglas,0,0
Canyons Metropolitan District No. 7,66227/1,Douglas,5.719,95593650
Canyons Metropolitan District No. 8,66228/1,Douglas,0,40
Canyons Metropolitan District No. 9,66229/1,Douglas,0,40
Capital Equipment,44010/9,Morgan,0,0
Capital Expenditure,18008/6,Douglas,0.15,10398496367
Capital Expenditures,03001/5,Arapahoe,0.821,16458062704
Capital Expenditures,04001/5,Archuleta,0,0
Capital Expenditures,05001/6,Baca,0,0
Capital Expenditures,07003/6,Boulder,2.924,11631881772
Capital Expenditures,08003/6,Chaffee,0.24,911879410
Capital Expenditures,09002/6,Cheyenne,1.065,142933345
Capital Expenditures,10003/6,Clear Creek,0,0
Capital Expenditures,11004/7,Conejos,0,0
Capital Expenditures,15006/6,Delta,0,0
Capital Expenditures,16002/11,Denver,2.576,25445395933
Capital Expenditures,19011/7,Eagle,0,5338527000
Capital Expenditures,21019/8,El Paso,0,0
Capital Expenditures,20001/7,Elbert,0,0
Capital Expenditures,22013/5,Fremont,0,0
Capital Expenditures,23005/6,Garfield,0.935,2666875600
Capital Expenditures,24005/7,Gilpin,0,0
Capital Expenditures,25009/10,Grand,0,0
Capital Expenditures,29001/6,Jackson,0.235,99007417
Capital Expenditures,30047/6,Jefferson,1.912,13944580797
Capital Expenditures,31004/5,Kiowa,1.615,42768801
Capital Expenditures,32011/6,Kit Carson,0,0
Capital Expenditures,33001/5,Lake,1.679,357183687
Capital Expenditures,35015/6,Larimer,0,9180256613
Capital Expenditures,36006/6,Las Animas,1.45,440474937
Capital Expenditures,37008/6,Lincoln,0,186948968
Capital Expenditures,38008/5,Logan,0,0
Capital Expenditures,39023/7,Mesa,0,0
Capital Expenditures,45012/6,Otero,2.25,193315545
Capital Expenditures,47012/5,Park,0,0
Capital Expenditures,48007/5,Phillips,0.5,106444640
Capital Expenditures,50014/6,Prowers,0,0
Capital Expenditures,51010/7,Pueblo,0,0
Capital Expenditures,52016/5,Rio Blanco,0,0
Capital Expenditures,54012/6,Routt,0,0
Capital Expenditures,58009/6,Sedgwick,0,0
Capital Expenditures,59021/6,Summit,2.057,3562515215
Capital Expenditures,61008/10,Washington,1.5,189946890
Capital Expenditures,62056/6,Weld,4.445,19722748799
Capital Expendures,02001/6,Alamosa,0,0
Capital Improvements,44010/8,Morgan,0,0
Capulin Cemetery District,11002/1,Conejos,1.316,5434141
Carbon Valley Park and Recreation District,62074/1,Weld,4.427,934647425
"Carbonate, Town of",66636/1,Garfield,0,6040
Carbondale,23004/1,Garfield,3.594,284644430
Carbondale and Rural Fire Protection District,64033/1,Garfield,14.197,665667960
Carbondale and Rural Fire Protection District,64033/1,Gunnison,14.197,24418880
Carbondale and Rural Fire Protection District,64033/1,Pitkin,14.197,41194000
Carousel Farms Metropolitan District,66592/1,Douglas,53.94,5929930
Carriage Hills Metropolitan District,65641/1,Weld,67.047,8730110
Cascade Fire Protection District,21007/1,El Paso,10.972,17634680
Cascade Metropolitan District No. 1,65308/1,El Paso,0,14878810
Cascade Metropolitan District No. 2,65309/1,El Paso,0,0
Cascade Ridge Metropolitan District,65965/1,Larimer,64.326,7630515
Cascade Village Metropolitan District,19044/1,Eagle,9.778,93794350
Case Farms Metropolitan District,65564/1,Adams,0,64240
Castle Meadows Metropolitan District No. 1,68124/1,Douglas,64.444,330
Castle Meadows Metropolitan District No. 2,68125/1,Douglas,64.444,470
Castle Meadows Metropolitan District No. 3,68126/1,Douglas,64.444,430
Castle Oaks Metropolitan District,18124/1,Douglas,39,39638180
Castle Oaks Metropolitan District No. 2,65591/1,Douglas,0,0
Castle Oaks Metropolitan District No. 3,65592/1,Douglas,36,50365730
Castle Pines Commercial Metropolitan District No. 1,18084/1,Douglas,0,0
Castle Pines Commercial Metropolitan District No. 1 - Debt Service,18084/2,Douglas,0,0
Castle Pines Commercial Metropolitan District No. 2,18085/1,Douglas,0,0
Castle Pines Commercial Metropolitan District No. 3,18086/1,Douglas,21.335,7134310
Castle Pines Commercial Metropolitan District No. 4,18087/1,Douglas,25.075,8959270
Castle Pines Commercial Metropolitan District No. 4 - Debt Service,18087/2,Douglas,14.335,0
Castle Pines Commercial Metropolitan District No. 5,18088/1,Douglas,0,0
Castle Pines North Metro,18044/1,Douglas,3.5,277307858
Castle Pines Town Center Metropolitan District No. 1,66363/1,Douglas,0,0
Castle Pines Town Center Metropolitan District No. 2,66364/1,Douglas,65,740
Castle Pines Town Center Metropolitan District No. 3,66365/1,Douglas,65,2190
Castle Pines Urban Renewal Authority,67890/1,Douglas,0,0
Castle Pines Urban Renewal Authority - Castle Pines West Commercial District Urban Renewal,67890/2,Douglas,0,32663168
Castle Pines Village Metropolitan District,18001/1,Douglas,33.834,252570130
"Castle Pines, City of",65986/1,Douglas,16.5,402891918
Castle Rock,18003/1,Douglas,0.92,1724543388
Castle Rock Downtown Development Authority,66061/1,Douglas,3,78307018
Castle Rock Fire Protection District,18002/1,Douglas,10.1,154922100
Castle Rock Urban Renewal Authority - Brickyard Urban Renewal Plan Area,66589/3,Douglas,0,779680
Castle Rock Urban Renewal Authority - Citadel Station-Castle Meadows Urban Renewal Plan Ar,66589/2,Douglas,0,506830
Castleton Center Water & Sanitation District,18004/1,Douglas,15.376,13112220
Castleview Metropolitan District No. 1,65799/1,Douglas,80.189,29960
Castleview Metropolitan District No. 2,67076/1,Douglas,69.001,4488810
Castlewood Ranch Metropolitan District,18046/1,Douglas,29.805,55865600
Castlewood Water & Sanitation District A,65156/1,Arapahoe,0.879,613905684
Castlewood Water & Sanitation District B,65156/2,Arapahoe,0.593,42363609
Castlewood Water & Sanitation District C,65156/3,Arapahoe,0.584,17093100
Castlewood Water & Sanitation District D,65156/4,Arapahoe,0.649,22356661
Castlewood Water & Sanitation District E,65156/5,Arapahoe,0.275,8794681
Catalyst Campus Business Improvement District,67565/1,El Paso,0,5549030
Catalyst Campus Metropolitan District No. 1,67540/1,El Paso,0,5549030
Catalyst Campus Metropolitan District No. 2,67541/1,El Paso,0,5549030
Catamount Metropolitan District,54033/1,Routt,30,33661390
Cathedral Pines Metropolitan District,65307/1,El Paso,38,15548990
Cattle Creek Metropolitan District,66472/1,Garfield,0,0
Cedar Hill Cemetery Association,18005/1,Douglas,0.104,2342809768
Cedar Hill Cemetery Association District,19008/1,Eagle,0.46,316142320
Cedar Hill Cemetery District,46001/1,Ouray,1,101726160
Cedaredge,15003/1,Delta,5.67,33306952
Cedaredge Cemetery District,15002/1,Delta,0.855,91643311
Cen. Platte Valley Metro. Dist.-Debt Only,16027/2,Denver,7,90919570
Centennial,03163/1,Arapahoe,5.076,3142851639
Centennial 360 Metropolitan District,66252/1,Arapahoe,0,1314
Centennial Commerce Center Metropolitan District,67999/1,Weld,0,20870
Centennial Conservation District,66194/1,Logan,0,278221996
Centennial Conservation District,66194/1,Weld,0,21302300
Centennial Conservation District (Consolidated.  Use LGID 66194/1.),64036/1,Weld,0,0
Centennial Crossing Metropolitan District No. 1,65709/1,Weld,45,8140
Centennial Crossing Metropolitan District No. 2,65710/1,Weld,45,16365700
Centennial Crossing Metropolitan District No. 3,65711/1,Weld,45,8887650
Centennial Crossing Metropolitan District No. 8,65716/1,Weld,45,8014640
Centennial Downs Metropolitan District,03091/1,Arapahoe,0,60014677
Centennial R-1 School District,12900/1,Costilla,27.456,77136044
Centennial Urban Redevelopment Authority,65430/1,Arapahoe,0,21478747
Centennial Water & Sanitation District,18025/1,Douglas,0,2227165470
Center,64039/1,Rio Grande,23.025,5941272
Center,64039/1,Saguache,23.024,7733640
Center 26 JT School District,64948/1,Alamosa,35.729,282140
Center 26 JT School District,64948/1,Rio Grande,35.729,13780736
Center 26 JT School District,64948/1,Saguache,35.729,35461540
Center Fire Protection District,64037/1,Alamosa,6.924,2453492
Center Fire Protection District,64037/1,Rio Grande,6.924,18076921
Center Fire Protection District,64037/1,Saguache,6.924,31604463
Center Sanitation District,64038/1,Rio Grande,2.7,5841585
Center Sanitation District,64038/1,Saguache,2.7,7734927
Center Urban Renewal Authority,67869/1,Rio Grande,0,0
Center Urban Renewal Authority,67869/1,Saguache,0,0
Center of Colorado Water Conservancy District,47019/1,Park,1,826710913
Centerra Metropolitan District No. 1,65282/1,Larimer,0,90588
Centerra Metropolitan District No. 2,65283/1,Larimer,64,1222878
Centerra Metropolitan District No. 2 - Avenida Bond,65283/7,Larimer,53.355,17547
Centerra Metropolitan District No. 2 - Bond,65283/2,Larimer,12.933,2789720
Centerra Metropolitan District No. 2 - Centerra 2 Flats,65283/4,Larimer,31.883,9706
Centerra Metropolitan District No. 2 - Hunt MW Bond,65283/8,Larimer,53.422,9531
Centerra Metropolitan District No. 2 - Kinston Bond,65283/9,Larimer,51.16,16471
Centerra Metropolitan District No. 2 - Railway Flats,65283/5,Larimer,49.609,52362
Centerra Metropolitan District No. 2 - Res Debt,65283/3,Larimer,25.287,90086
Centerra Metropolitan District No. 2 - Savanna Fourth,65283/6,Larimer,49.816,1373577
Centerra Metropolitan District No. 3,65284/1,Larimer,6.155,12917106
Centerra Metropolitan District No. 4,65285/1,Larimer,0,1222878
Centerra Metropolitan District No. 5,66074/1,Larimer,16.111,233326
Centerra South Metropolitan District No. 1,67963/1,Larimer,70,60215
Centerra South Metropolitan District No. 2,67964/1,Larimer,60,10340
Centerra South Metropolitan District No. 3,67965/1,Larimer,0,0
Centerra South Metropolitan District No. 3,68131/1,Larimer,10,7511
Central Adams County Water & Sanitation District,01045/1,Adams,28.879,726910
Central Area General Improvement District,07008/1,Boulder,3.674,391370379
Central City,64263/1,Clear Creek,9.631,1330
Central City,64263/1,Gilpin,9.631,33339718
Central City Business Improvement District,24015/1,Clear Creek,10,1090
Central City Business Improvement District,24015/1,Gilpin,10,22138440
Central Clear Creek Sanitation District,10001/1,Clear Creek,16.055,8384170
Central Colorado Conservation District,21008/1,El Paso,0,666783880
Central Colorado Water Conservancy,64041/1,Adams,0.98,1614969215
Central Colorado Water Conservancy,64041/1,Morgan,0.98,24624960
Central Colorado Water Conservancy,64041/1,Weld,0.98,5813467218
Central Colorado Water Conservancy - Groundwater Mgmt. Subdistrict,64040/1,Adams,1.462,480295091
Central Colorado Water Conservancy - Groundwater Mgmt. Subdistrict,64040/1,Morgan,1.462,15180290
Central Colorado Water Conservancy - Groundwater Mgmt. Subdistrict,64040/1,Weld,1.462,4327774244
Central Conejos Fire Protection District,11003/1,Conejos,4.043,12211138
Central Kiowa County Recreation District,31001/1,Kiowa,0.96,14108913
Central Manitou Springs B.I.D.,65211/1,El Paso,0,12925680
Central Marksheffel Metro. District,65212/1,El Paso,4.869,68564850
Central Orchard Mesa Fire Protection District,39004/1,Mesa,10,27395990
Central Platte Valley Coordination Metropolitan District,66438/1,Denver,0,0
Central Platte Valley Metro. District,16027/1,Denver,20,92089717
Central Weld County Water District,62005/1,Weld,0,1926051719
Central Yuma County Groundwater Management District,63001/1,Yuma,0.37,132879900
Chaffee County,08003/1,Chaffee,7.1,911879410
Chaffee County Fire Protection District,08004/1,Chaffee,4.227,471859270
Chaffee Housing Authority,67567/1,Chaffee,0,0
Chambers Commercial Center Business Improvement District,67940/1,Douglas,11.847,4921340
Chambers Highpoint Metropolitan District No. 1,66767/1,Douglas,10,1022850
Chambers Highpoint Metropolitan District No. 2,66768/1,Douglas,63.703,1427640
Chaparral Metropolitan District,03012/1,Arapahoe,11.047,21953261
Chaparral Pointe Metropolitan District,67086/1,El Paso,51.227,1796160
Chapel Heights Metropolitan District,67279/1,El Paso,47.995,8542510
Charlou Park Water District,03083/1,Arapahoe,0,0
Charter Oaks Metropolitan District,66134/1,El Paso,0,0
Chatfield Corners Metropolitan District,65061/1,Eagle,22.639,13354680
Chatfield South Water District,18108/1,Douglas,5,10341060
Cheraw,45001/1,Otero,25.136,661611
Cheraw 31 School District,45904/1,Otero,27,10222943
Cherokee Metropolitan District,21010/1,El Paso,0,426015200
Cherokee Ridge Estates Metropolitan District,65096/1,Douglas,49.444,5836300
Cherry Creek Basin Water Quality Authority,64187/1,Arapahoe,0.45,2950939248
Cherry Creek Basin Water Quality Authority,64187/1,Douglas,0.45,4260615978
Cherry Creek Corporate Center Metropolitan District,66376/1,Arapahoe,0,4534194
Cherry Creek North Business Improvement District No. 1,16015/1,Denver,17.642,562595090
Cherry Creek S. Metro. District #10,65343/1,Douglas,0,1305540
Cherry Creek S. Metro. District #4,65337/1,Douglas,10.74,24290320
Cherry Creek S. Metro. District #5,65338/1,Douglas,71.962,5980660
Cherry Creek S. Metro. District #6,65339/1,Douglas,71.962,18309760
Cherry Creek S. Metro. District #7,65340/1,Douglas,0,1543210
Cherry Creek S. Metro. District #8,65341/1,Douglas,0,5440
Cherry Creek S. Metro. District #9,65342/1,Douglas,0,4230
Cherry Creek School District No. 5,03903/1,Arapahoe,54.108,9459914402
Cherry Creek South Metropolitan District No. 1,18053/1,Douglas,1.448,68197680
Cherry Creek South Metropolitan District No. 11,65344/1,Douglas,10.74,9660
Cherry Creek South Metropolitan District No. 11 - Debt Service,65344/2,Douglas,0,29994970
Cherry Creek Subarea Business Improvement District,16023/1,Denver,0.168,19759115
Cherry Creek Valley Water & Sanitation,03105/1,Arapahoe,0,332677894
Cherry Creek Village Water District,03014/1,Arapahoe,2.802,37434578
Cherry Creek Vista Park and Recreation District,03015/1,Arapahoe,9.007,10979469
Cherry Creek Vista Park and Recreation District - Fence Subarea,03015/2,Arapahoe,9.545,99492191
Cherry Creek Vista Park and Recreation District - Fence Subarea,67800/1,Arapahoe,0,0
Cherry Hills City Metropolitan District,65780/1,Arapahoe,81.773,3231511
Cherry Hills City Metropolitan District - Bonds Only 4157,65780/2,Arapahoe,0,0
Cherry Hills Fire Protection District - Bonds,64035/2,Arapahoe,0.5,789012328
Cherry Hills Heights Water & Sanitation District,03018/1,Arapahoe,5.11,7731488
Cherry Hills Heights Water and Sanitation District Subdistrict A,03018/2,Arapahoe,0,1287219
Cherry Hills Heights Water and Sanitation District Subdistrict A,67815/1,Arapahoe,0,1287219
Cherry Hills North Metropolitan District,03019/1,Arapahoe,7.285,19758709
Cherry Hills Sanitation District,35003/1,Larimer,0,86374851
Cherry Hills Village,03023/1,Arapahoe,14.722,553838210
Cherry Hills Village Sanitation District,03028/1,Arapahoe,0,354891009
Cherry Hills Village Southmoor Circle and Hudson Parkway General Improvement District,67544/1,Arapahoe,10.5,1480171
Cherry Park General Improvement District,03128/1,Arapahoe,4.437,18949244
Cherrylane Metropolitan District,66409/1,Adams,49.5,5135630
Cherryvale Sanitation District,03027/1,Arapahoe,8.75,16522484
Cheyenne Conservation District,09016/1,Cheyenne,0,34538080
Cheyenne County,09002/1,Cheyenne,15.16,142933345
Cheyenne County Hospital District,09004/1,Cheyenne,3.884,142933345
Cheyenne County RE-5 School District,09901/1,Cheyenne,20.177,95714098
Cheyenne Creek Metropolitan Park & Water District,21012/1,El Paso,0.467,13529350
Cheyenne Mountain 12,21905/1,El Paso,55,619247930
Cheyenne Wells,09007/1,Cheyenne,41.216,7514054
Cheyenne Wells Metropolitan Recreation District,09005/1,Cheyenne,0.852,7514054
Cheyenne Wells Sanitation District No. 1,09006/1,Cheyenne,3.814,7052376
Chicago Creek Sanitation District,10002/1,Clear Creek,3.502,2732840
Chimney Rock Metropolitan District,30134/1,Jefferson,0,24114454
Church Ranch Metropolitan District,65191/1,Jefferson,0,32972516
Cielo Colorado Metropolitan District,67775/1,Adams,0,9200
Cielo Metropolitan District,66710/1,Douglas,74.936,18538090
Cimarron Hills Fire Protection District,21013/1,El Paso,16.621,286528810
Cimarron Metropolitan District,65266/1,Jefferson,0,7163
Cimarron Metropolitan District - Ex 14,65266/2,Jefferson,0,182
Citadel on Colfax Business Improvement District,66879/1,Arapahoe,74.613,5620072
City Center West Commercial Metropolitan District,66049/1,Weld,63.704,8293700
City Center West Residential Metropolitan District,66050/1,Weld,74.182,624940
City Center West Residential Metropolitan District No. 2,66790/1,Weld,52.594,12065760
"City of Brighton, South Brighton General Improvement District",65470/1,Adams,0,2340810
City of Central Business Improvement District - Exclusion,24015/2,Clear Creek,80,1090
City of Central Business Improvement District - Exclusion,24015/2,Gilpin,80,22166970
City of Central Downtown Development Authority,68025/1,Gilpin,5,20402988
City of Central Urban Renewal Authority,67939/1,Clear Creek,0,0
City of Central Urban Renewal Authority,67939/1,Gilpin,0,0
City of Cherry Hills Village Charlou Park 3rd Filing General Improvement District,67157/1,Arapahoe,10,3589928
"City of Colorado Springs, Colorado Marketplace at Austin Bluffs (MAB) GID",65776/1,El Paso,50,7235970
City of Craig Urban Renewal Authority,67407/1,Moffat,0,17255409
City of Craig Urban Renewal Authority - Urban Renewal Area #1,67407/2,Moffat,0,0
City of Craig Urban Renewal Authority - Urban Renewal Area #2,67407/3,Moffat,0,0
City of Grand Junction Dos Rios General Improvement District,67158/1,Mesa,7,1256740
City of Grand Junction Rimrock Marketplace General Improvement District,65072/1,Mesa,0,0
"City of Greeley, Commercial West Greeley General Improvement District",68198/1,Weld,12,970
"City of Greeley, Residential West Greeley General Improvement District",68199/1,Weld,12,530
City of Westminster - Westminster Station General Improvement District,66793/1,Adams,35,549530
City of Westminster 144th Avenue General Improvement District,65462/1,Adams,20,1804515
City of Westminster Downtown General Improvement District,66609/1,Jefferson,35,5374057
City of Westminster Mandalay Town Ctr. G,65368/1,Jefferson,35,1048047
City of Westminster Park 1200 General Improvement District,66610/1,Adams,10,7135730
CitySet Metropolitan District No. 1,66295/1,Arapahoe,0,86
CitySet Metropolitan District No. 2,66296/1,Arapahoe,0,7075000
Clear Creek County,10003/1,Clear Creek,33.265,379051820
Clear Creek County Emergency Services General Improvement District,10012/1,Clear Creek,11.344,180653520
Clear Creek County Library District,65203/1,Clear Creek,3,379051820
Clear Creek Metropolitan Recreation District,10004/1,Clear Creek,2.001,299497220
Clear Creek RE-1 School District,10900/1,Clear Creek,25.785,404460610
Clear Creek Regional Housing Authority,68114/1,Clear Creek,0,0
Clear Creek Station Metropolitan District No. 2,65955/1,Adams,0,0
Clear Creek Transit Metropolitan District No. 1,66249/1,Adams,0,140
Clear Creek Transit Metropolitan District No. 2,66250/1,Adams,68.59,2483110
Clear Creek Valley Water and Sanitation District,64043/1,Denver,2.749,1162270
Clear Creek Valley Water and Sanitation District,64043/1,Jefferson,2.749,255648014
Clearview Library District,62078/1,Weld,3.546,2081987721
Clearview Villages Metropolitan District,66080/1,Weld,49.398,135520
Clearwater Metropolitan District,20012/1,Elbert,0,1130
Cleora North Metropolitan District,68257/1,Chaffee,0,0
Clifton Fire Protection District,39005/1,Mesa,11.552,281451850
Clifton Sanitation District,39007/1,Mesa,0,176531610
Clifton Water District,39008/1,Mesa,0,331962030
Cloverleaf Metropolitan District,67470/1,El Paso,67.117,4124740
Coal Creek,22006/1,Fremont,12.504,3517976
Coal Creek Canyon Fire Prot,64044/1,Boulder,13,35268346
Coal Creek Canyon Fire Prot,64044/1,Gilpin,13,7205290
Coal Creek Canyon Fire Prot,64044/1,Jefferson,13,78468330
Coal Creek Canyon Park and Recreation District,66136/1,Boulder,0,23625875
Coal Creek Canyon Park and Recreation District,66136/1,Jefferson,0,49619555
Coal Creek Metropolitan District No. 1,66640/1,Arapahoe,70,27341009
Coal Creek Metropolitan District No. 2,66641/1,Arapahoe,0,20
Coal Creek Metropolitan District No. 3,66642/1,Arapahoe,0,20
Coal Creek Metropolitan District No. 4,66643/1,Arapahoe,0,20
Coal Creek Metropolitan District No. 5,66644/1,Arapahoe,0,20
Coal Ridge Metropolitan District,68136/1,Weld,0,199334
Coalton Metropolitan District,66235/1,Boulder,49,4605451
Cobblestone Metropolitan District No. 1,67118/1,Weld,0,74980
Cobblestone Metropolitan District No. 2,67119/1,Weld,0,74980
Cobblestone Metropolitan District No. 3,67120/1,Weld,0,74980
Cobblestone Metropolitan District No. 4,67121/1,Weld,0,74980
Cobblewood General Improvement District (1-2016),66829/1,Arapahoe,23,1448590
Cokedale,36004/1,Las Animas,10.25,811000
Colfax Business Improvement District,16017/1,Denver,10.584,94639450
Colfax Mayfair Business Improvement District,66595/1,Denver,0,0
Colfax Sable Metropolitan District,66831/1,Arapahoe,77.538,4212181
Collbran,39011/1,Mesa,6.046,3764690
Collbran Cemetery District,39009/1,Mesa,0.652,74537290
Collbran Conservancy District,39010/1,Mesa,0.592,45855210
College Creek Metropolitan District,65720/1,El Paso,0,1630
College Park Water & Sanitation District,30015/1,Jefferson,6.786,114123177
Colliers Hill Metropolitan District No. 1,66015/1,Weld,63.511,2633884
Colliers Hill Metropolitan District No. 2,66016/1,Weld,63.475,47015670
Colliers Hill Metropolitan District No. 3,66017/1,Weld,60.819,10689660
Colorado Avenue Gateway Special Improvement Maintenance District,21082/1,El Paso,1.009,7729770
Colorado Centre Metro,21057/1,El Paso,25,47164470
Colorado Centre-Developer Owned,21057/2,El Paso,100,7186060
Colorado City Cemetery District,51027/1,Pueblo,0.649,48615630
Colorado City Metropolitan District,51007/1,Pueblo,17.967,41523740
Colorado Crossing Metropolitan District No. 1,65764/1,El Paso,27.987,4158140
Colorado Crossing Metropolitan District No. 2,65765/1,El Paso,48.075,26833510
Colorado Crossing Metropolitan District No. 2 - 2017 Bond,65765/2,El Paso,24.918,6687710
Colorado Crossing Metropolitan District No. 3,65766/1,El Paso,78.895,17773690
Colorado Crossing Metropolitan District No. 3 - 2017 Bond,65766/2,El Paso,24.918,869640
Colorado Horse Park Metropolitan District,66253/1,Douglas,0,0
Colorado Inter. Center Metro. Dist. #10,65446/1,Adams,5.362,1540
Colorado Inter. Center Metro. Dist. #11,65447/1,Adams,15.45,50658310
Colorado Inter. Center Metro. Dist. #3,65439/1,Adams,71.938,24370230
Colorado Inter. Center Metro. Dist. #4,65440/1,Adams,25.484,8230
Colorado Inter. Center Metro. Dist. #5,65441/1,Adams,74.695,15749680
Colorado Inter. Center Metro. Dist. #6,65442/1,Adams,10.74,1667910
Colorado Inter. Center Metro. Dist. #7,65443/1,Adams,48.333,6080
Colorado Inter. Center Metro. Dist. #8,65444/1,Adams,81.645,1205540
Colorado Inter. Center Metro. Dist. #9,65445/1,Adams,48.332,25954680
Colorado International Center Metropolitan District,01103/1,Adams,0,0
Colorado International Center Metropolitan District No. 13,65664/1,Denver,95.342,13089960
Colorado International Center Metropolitan District No. 14,65665/1,Denver,83.131,77176150
Colorado Mountain College,64045/1,Chaffee,3.82,484445520
Colorado Mountain College,64045/1,Eagle,3.82,5337163050
Colorado Mountain College,64045/1,Fremont,3.82,11546847
Colorado Mountain College,64045/1,Garfield,3.82,2498640140
Colorado Mountain College,64045/1,Lake,3.82,357183687
Colorado Mountain College,64045/1,Pitkin,3.82,5544208430
Colorado Mountain College,64045/1,Routt,3.82,1919415350
Colorado Mountain College,64045/1,Summit,3.82,3547248835
Colorado River Fire Protection District,23020/1,Garfield,11.858,764015690
Colorado River Water Conservation District,64046/1,Delta,0.502,508452947
Colorado River Water Conservation District,64046/1,Eagle,0.502,5140812860
Colorado River Water Conservation District,64046/1,Garfield,0.502,2666875600
Colorado River Water Conservation District,64046/1,Grand,0.502,1532110628
Colorado River Water Conservation District,64046/1,Gunnison,0.502,1180953670
Colorado River Water Conservation District,64046/1,Hinsdale,0.502,62038820
Colorado River Water Conservation District,64046/1,Mesa,0.502,3011181665
Colorado River Water Conservation District,64046/1,Moffat,0.502,429266702
Colorado River Water Conservation District,64046/1,Montrose,0.502,910765806
Colorado River Water Conservation District,64046/1,Ouray,0.502,324186540
Colorado River Water Conservation District,64046/1,Pitkin,0.502,5544208430
Colorado River Water Conservation District,64046/1,Rio Blanco,0.502,722138230
Colorado River Water Conservation District,64046/1,Routt,0.502,2242144980
Colorado River Water Conservation District,64046/1,Saguache,0.502,6975636
Colorado River Water Conservation District,64046/1,Summit,0.502,3562515215
Colorado Science and Technology Park Metropolitan District No. 1,65905/1,Adams,64.776,92
Colorado Science and Technology Park Metropolitan District No. 2,65906/1,Adams,76.802,580556
Colorado Science and Technology Park Metropolitan District No. 3,65907/1,Adams,64.774,95
Colorado Springs,21015/1,El Paso,3.009,9739750270
Colorado Springs 11 School District,21904/1,El Paso,37.695,4940757850
Colorado Springs Briargate General Improvement District,21111/1,El Paso,0,0
Colorado Springs Briargate General Improvement District 2021,67512/1,El Paso,4.409,414890670
Colorado Springs Downtown Development Authority,65958/1,El Paso,5,249275910
Colorado Springs Spring Creek General Improvement District,21069/1,El Paso,0,0
Colorado Springs Urban Renewal Authority - Almagre Urban Renewal Area,21053/15,El Paso,0,135630
Colorado Springs Urban Renewal Authority - Bristow-Lowell Urban Renewal Area,21053/20,El Paso,0,508790
Colorado Springs Urban Renewal Authority - City Auditorium Block Urban Renewal Area,21053/5,El Paso,0,1385630
Colorado Springs Urban Renewal Authority - CityGate 2.0 Urban Renewal Area,21053/18,El Paso,0,2848250
Colorado Springs Urban Renewal Authority - Citygate Urban Renewal Area,21053/7,El Paso,0,0
Colorado Springs Urban Renewal Authority - Copper Ridge at Northgate Urban Renewal Area,21053/8,El Paso,0,2622690
Colorado Springs Urban Renewal Authority - Gold Hill Mesa Commercial 2023 Urban Renewal Area,21053/22,El Paso,0,0
Colorado Springs Urban Renewal Authority - Gold Hill Mesa Commercial Urban Renewal Area,21053/12,El Paso,0,124760
Colorado Springs Urban Renewal Authority - Gold Hill Mesa Urban Renewal Area,21053/6,El Paso,0,341580
Colorado Springs Urban Renewal Authority - Hancock Commons Urban Renewal Area,21053/17,El Paso,0,228090
Colorado Springs Urban Renewal Authority - Ivywild Neighborhood Urban Renewal Area,21053/9,El Paso,0,695400
Colorado Springs Urban Renewal Authority - Museum and Park Urban Renewal Area,21053/13,El Paso,0,3005970
Colorado Springs Urban Renewal Authority - North Nevada Avenue Urban Renewal Area,21053/4,El Paso,0,7140030
Colorado Springs Urban Renewal Authority - OneVeLa Urban Renewal Area,21053/21,El Paso,0,696460
Colorado Springs Urban Renewal Authority - Project Garnet Urban Renewal Area,21053/16,El Paso,0,14874780
Colorado Springs Urban Renewal Authority - South Nevada Avenue Urban Renewal Area,21053/11,El Paso,0,23947530
Colorado Springs Urban Renewal Authority - Southwest Downtown Urban Renewal Area,21053/2,El Paso,0,5337910
Colorado Springs Urban Renewal Authority - Tejon and Costilla Urban Renewal Area,21053/14,El Paso,0,802290
Colorado Springs Urban Renewal Authority - True North Commons Urban Renewal Area,21053/19,El Paso,0,0
Colorado Springs Urban Renewal Authority - Vineyard Property Urban Renewal Area,21053/10,El Paso,0,139700
Colorado Tech Center Metropolitan District,07047/1,Boulder,0.15,341390370
Colorado Tech Center Metropolitan District Subdistrict,67016/1,Boulder,6,48243938
Colorado Water Resources & Power Development Authority,64162/1,Lake,0,0
Colorado's Timber Ridge Metropolitan District,66380/1,Archuleta,15,16141190
Columbia Metropolitan District,03107/1,Arapahoe,1.64,96032322
Columbine Heights Metropolitan District,67929/1,Weld,0,2333940
Columbine Knolls Grove Metropolitan Recreation District,30016/1,Jefferson,9.465,58364691
Columbine Lake Water District,25002/1,Grand,0,29780130
Columbine Valley,03029/1,Arapahoe,7.298,84063594
Columbine Water & Sanitation District,03030/1,Arapahoe,2.769,76643893
Comanche Crossing Metropolitan District,66097/1,Arapahoe,50,866170
Commerce City,01005/1,Adams,2.613,2008935900
Commerce City E-470 Commercial Area General Improvement District,66474/1,Adams,27,111807310
Commerce City E-470 Residential Area General Improvement District,66475/1,Adams,30,15842340
Commerce City Northern Infrastructure General Impr. Dist.,01068/1,Adams,8,649950380
Commerce City Urban Renewal Authority,01031/1,Adams,0,0
Commerce City Urban Renewal Authority - Mile High Greyhound Park Urban Renewal Plan Area,01031/3,Adams,0,0
Commerce City Urban Renewal Authority - Mile High Greyhound Park Urban Renewal Plan Area P,01031/4,Adams,0,0
Commerce City Urban Renewal Authority - Sand Creek Business Area Urban Renewal Plan Area,01031/2,Adams,0,0
Commons at East Creek Metropolitan District,67236/1,Arapahoe,99.364,1674403
Communications,54012/9,Routt,1.018,2242144980
Community Center Board,39023/13,Mesa,0,0
Community Coordinating Metropolitan District No. 1,66323/1,Denver,0,5626310
Community Development,02001/15,Alamosa,0.25,234186523
Community Investment Fund,21019/12,El Paso,0,0
Compark Business Campus Metropolitan District,18109/1,Douglas,43.811,93394270
Compark Business Campus Metropolitan District - Debt Service (Exclusion)vc,18109/2,Douglas,22.318,6293860
Compark Business Campus Metropolitan District - Debt Service 2 (Exclusion),18109/3,Douglas,18.685,1780740
Compark Business Campus Metropolitan District Subdistrict,68200/1,Douglas,0,0
Concord Metropolitan District,18117/1,Douglas,6,87407400
Conejos County,11004/1,Conejos,20.629,107842465
Conejos County Weed Control District,11022/1,Conejos,1.301,18794026
Conejos Library District,65013/1,Conejos,1.674,107842465
Conejos Water Conservancy District,11007/1,Conejos,6.253,52684579
Conestoga Metropolitan District No. 1,66810/1,Weld,60,210
Conestoga Metropolitan District No. 2,66811/1,Weld,59.978,5521270
Conestoga Metropolitan District No. 3,66812/1,Weld,60.124,3583000
Conestoga Metropolitan District No. 4,66813/1,Weld,59.552,1329990
Conestoga Metropolitan District No. 5,66814/1,Weld,59.668,218710
Conexus Metropolitan District No. 1,67598/1,El Paso,37.592,2144330
Conexus Metropolitan District No. 2,67599/1,El Paso,37.592,64620
Confluence Early Childhood Development Special District,68260/1,Eagle,0,0
Confluence Early Childhood Development Special District,68260/1,Garfield,0,0
Confluence Early Childhood Development Special District,68260/1,Pitkin,0,0
Confluence Metropolitan District,19063/1,Eagle,23,1175620
Conifer Metropolitan District,65404/1,Jefferson,50,6892740
Conservation Trust,56001/6,San Juan,0,0
Conservation Trust,57010/8,San Miguel,0,0
Conservatory Metropolitan District,65045/1,Arapahoe,35.951,55354202
Consolidated Bell Mountain Ranch Metropolitan District,18110/1,Douglas,47.028,29043330
Consolidated C-1 School District,14900/1,Custer,29.583,186761505
Constitution Heights Metro. District,65312/1,El Paso,26.596,36053290
Constitution Heights Metropolitan District - Debt Service,65312/2,El Paso,26.596,218470
Contingent Fund,02001/5,Alamosa,0,0
Contingent Fund,05001/5,Baca,0,0
Contingent Fund,06001/5,Bent,0,0
Contingent Fund,07003/5,Boulder,0,11631881772
Contingent Fund,09002/5,Cheyenne,0,0
Contingent Fund,10003/5,Clear Creek,0,0
Contingent Fund,11004/6,Conejos,0.205,107842465
Contingent Fund,13001/5,Crowley,0,0
Contingent Fund,14001/7,Custer,0,0
Contingent Fund,15006/5,Delta,0,508452947
Contingent Fund,17002/5,Dolores,0.6,99324611
Contingent Fund,19011/5,Eagle,0,5338527000
Contingent Fund,21019/6,El Paso,0,0
Contingent Fund,20001/5,Elbert,0,0
Contingent Fund,23005/5,Garfield,0,0
Contingent Fund,24005/5,Gilpin,0,0
Contingent Fund,28002/5,Huerfano,0,0
Contingent Fund,29001/5,Jackson,0,0
Contingent Fund,30047/5,Jefferson,0,13944580797
Contingent Fund,32011/5,Kit Carson,0,0
Contingent Fund,33001/8,Lake,0,357183387
Contingent Fund,35015/5,Larimer,0,9180256613
Contingent Fund,36006/5,Las Animas,0.35,440474937
Contingent Fund,37008/5,Lincoln,0,186948968
Contingent Fund,39023/5,Mesa,0,0
Contingent Fund,44010/5,Morgan,0,0
Contingent Fund,45012/5,Otero,0,0
Contingent Fund,46005/5,Ouray,0,0
Contingent Fund,50014/5,Prowers,0,0
Contingent Fund,51010/6,Pueblo,0,0
Contingent Fund,54012/5,Routt,0,0
Contingent Fund,56001/5,San Juan,0,0
Contingent Fund,57010/5,San Miguel,0,0
Contingent Fund,58009/5,Sedgwick,0,0
Contingent Fund,59021/5,Summit,0,3562515215
Contingent Fund,60010/5,Teller,0,0
Contingent Fund,61008/5,Washington,0.25,189946890
Contingent Fund,62056/5,Weld,0,19722748799
Contractual Obligations,16002/10,Denver,0,0
Cooper Creek Village Metropolitan District No. 1,67911/1,Grand,0,32430
Cooper Creek Village Metropolitan District No. 2,67912/1,Grand,0,28750
Cooper Creek Village Metropolitan District No. 3,67913/1,Grand,0,9490
Cooper Creek Village Metropolitan District No. 4,67914/1,Grand,0,9490
Cooper Creek Village Metropolitan District No. 5,67915/1,Grand,0,9490
Cope Conservation District,64231/1,Arapahoe,0,62903
Cope Conservation District,64231/1,Washington,0,0
Cope Rural Fire Protection District,61003/1,Washington,3.41,8968013
Copper Mountain Consolidated Metropolitan District,59039/1,Summit,21.037,154735940
Copper Ridge Metropolitan District,66018/1,El Paso,21.595,2191640
Copper Ridge Metropolitan District - 2021 Debt Service,66018/3,El Paso,12.526,22440
Copper Ridge Metropolitan District - Debt Service,66018/2,El Paso,9.546,412440
Copperleaf Metropolitan District No. 1,65393/1,Arapahoe,0,28
Copperleaf Metropolitan District No. 2,65394/1,Arapahoe,27.25,68196530
Copperleaf Metropolitan District No. 3,65395/1,Arapahoe,72.219,18510609
Copperleaf Metropolitan District No. 3 - Bond,65395/2,Arapahoe,69.373,27031
Copperleaf Metropolitan District No. 4,65396/1,Arapahoe,55.602,21800398
Copperleaf Metropolitan District No. 4 - Bond,65396/2,Arapahoe,53.414,27769
Copperleaf Metropolitan District No. 5,65397/1,Arapahoe,36.166,2575527
Copperleaf Metropolitan District No. 6,65398/1,Arapahoe,72.7,19595057
Copperleaf Metropolitan District No. 6 - Bond,65398/2,Arapahoe,0,0
Copperleaf Metropolitan District No. 7,65399/1,Arapahoe,60,1286
Copperleaf Metropolitan District No. 8,65400/1,Arapahoe,60,2298
Copperleaf Metropolitan District No. 9,65952/1,Arapahoe,71.642,8770294
Cordillera Metropolitan District,19049/1,Eagle,0,145200590
Cordillera Metropolitan District,65210/1,Eagle,34.103,182772430
Cordillera Mountain Metropolitan District,19058/1,Eagle,0,37571840
Cordillera Valley Club Metropolitan District,65088/1,Eagle,14.246,43422340
Corinthian Hill Metropolitan District,59008/1,Summit,9.267,10740210
Cornerstar Metropolitan District,65795/1,Arapahoe,69.424,32762225
Cornerstar Metropolitan District - Bonds,65795/2,Arapahoe,42.508,7282330
Cornerstone Metropolitan District No. 1,65390/1,Montrose,0,950
Cornerstone Metropolitan District No. 2,65391/1,Montrose,85,2173774
Cornerstone Metropolitan District No. 2,65391/1,Ouray,85,12811760
Cortez,42004/1,Montezuma,1.072,126523990
Cortez Cemetery District,42002/1,Montezuma,0.302,205843220
Cortez Fire Protection District,42025/1,Montezuma,10.139,198188430
Cortez Sanitation District,42003/1,Montezuma,0,0
Corvallis Metropolitan District No. 1,67967/1,El Paso,0,96600
Corvallis Metropolitan District No. 2,67968/1,El Paso,0,930
Corvallis Metropolitan District No. 3,67969/1,El Paso,0,350
Corvallis Metropolitan District No. 4,67970/1,El Paso,0,32440
Cory Cemetery District,15004/1,Delta,0.718,21868218
Costilla County,12003/1,Costilla,18.757,174398793
Costilla County Ambulance District,12012/1,Costilla,4.542,174318650
Costilla County Conservancy District,12004/1,Costilla,5.509,55151530
Costilla County Fire Protection District,12005/1,Costilla,4.079,174398793
Cotopaxi RE-3 School District,22900/1,Fremont,28.779,122068857
Cotton Ranch Metropolitan District,19051/1,Eagle,25.181,26214590
Cottonwood Conner Metropolitan District,67722/1,Weld,0,2970
Cottonwood Creek Metropolitan District No. 1,66616/1,Arapahoe,45,3599511
Cottonwood Creek Metropolitan District No. 2,66617/1,Arapahoe,45,135
Cottonwood Creek Metropolitan District No. 3,66618/1,Arapahoe,21.481,13283
Cottonwood Creek Metropolitan District No. 4,66619/1,Arapahoe,74.946,3207733
Cottonwood Creek Metropolitan District No. 5,66620/1,Arapahoe,21.481,126
Cottonwood Greens Metro. District #1,65618/1,Weld,0,0
Cottonwood Greens Metro. District #2,65619/1,Weld,78.009,4373560
Cottonwood Greens Metropolitan District No. 5,65791/1,Weld,53.703,106720
Cottonwood Highlands Metropolitan District No. 1,66590/1,Douglas,51,26754330
Cottonwood Highlands Metropolitan District No. 2,66591/1,Douglas,29.013,4954290
Cottonwood Hollow Commercial Metro. Dist,65347/1,Weld,53.703,10391
Cottonwood Hollow Residential Metro. Dis,65348/1,Weld,69.744,3887667
Cottonwood Metropolitan District,18036/1,Douglas,8.3,108268168
Cottonwood Thermo Metropolitan District,67723/1,Weld,0,8560
Cottonwood Townhomes Metropolitan District,67724/1,Weld,80.64,908520
Cottonwood Water & Sanitation District,18006/1,Douglas,5.65,172371631
Cottonwood Water & Sanitation District - Debt Service 4594,18006/2,Douglas,5.65,733460
Country Club Highlands Metropolitan District,65630/1,Adams,31.809,7557490
Country Club Village Metropolitan District,65629/1,Adams,30,9394360
Country Homes Metro Parcel A,03031/1,Arapahoe,13.282,15318195
Country Homes Metro Parcel B,03031/2,Arapahoe,4.666,3468404
Countrydale Metropolitan District,30137/1,Jefferson,24.464,18611123
Countrydale Metropolitan District - Ex 06,30137/2,Jefferson,19.164,78097930
Countryside South Metropolitan District,65717/1,El Paso,32.266,80920
Countryside Special Improvement Maintenance District,21078/1,El Paso,0,22942410
Coyote Creek Metropolitan District,68182/1,Weld,55,860
Craig,41004/1,Moffat,18.996,94389794
Craig Rural Fire Protection District,64047/1,Moffat,3.527,305636410
Craig Rural Fire Protection District,64047/1,Routt,3.497,2208870
Crawford,15005/1,Delta,2.42,4195069
Crawford Cemetery District,64048/1,Delta,0.482,24765896
Crawford Cemetery District,64048/1,Montrose,0.482,7040200
Crawford Fire Protection District No. 5,64049/1,Delta,3.807,24508762
Crawford Fire Protection District No. 5,64049/1,Montrose,3.807,6708730
Crawford Water Conservancy District,64050/1,Delta,0.397,21545290
Crawford Water Conservancy District,64050/1,Gunnison,0.397,46740
Crawford Water Conservancy District,64050/1,Montrose,0.397,546430
Creede,40001/1,Mineral,13.031,10632407
Creede Consolidated 1 School District,40900/1,Mineral,34.036,72730732
Creekside South Estates Metropolitan District,67060/1,Adams,85.557,2611110
Creekside Village Metropolitan District,65908/1,Adams,71.35,4832230
Creekside Village Metropolitan District Subdistrict A,65908/2,Adams,0,0
Creekside Village Metropolitan District Subdistrict A,67798/1,Adams,0,0
Creekwalk Marketplace Business Improvement District,66645/1,El Paso,61.999,5209450
Creekwalk Metropolitan District,67769/1,El Paso,75.184,310140
Crescent Canyon Metropolitan District,65718/1,El Paso,37.591,174840
Crested Butte,26004/1,Gunnison,11.889,191697070
Crested Butte Fire Protection District,26001/1,Gunnison,11.088,675482820
Crested Butte South Metropolitan District,26002/1,Gunnison,8.602,62657140
Crestone,55004/1,Saguache,5.683,3213177
Crestview Sewer Only,01006/2,Adams,0.308,30834850
Crestview Water & Sanitation,01006/1,Adams,3.001,287443390
Cripple Creek,60001/1,Teller,1.67,149723570
Cripple Creek-Victor RE-1 School District,60900/1,Teller,12.182,430180256
Crook,38002/1,Logan,19.999,852601
Crook Fire Protection District,38001/1,Logan,7,39715711
Crooked Arroyo Water Conservancy District,45002/1,Otero,0.141,8677740
Cross Creek Metropolitan District,65200/1,El Paso,11.839,55040430
Cross Creek Metropolitan District No. 2,65143/1,Arapahoe,39.702,28044756
Crossroads East Metropolitan District,66005/1,Arapahoe,64.444,46665865
Crossroads Metropolitan District No. 1,67435/1,El Paso,64.443,493970
Crossroads Metropolitan District No. 2,67436/1,El Paso,64.443,561000
Crow Hill Water & Sanitation District,47003/1,Park,7.293,1981041
Crowfoot Valley Ranch Metropolitan District No. 1,65094/1,Douglas,75.186,5810
Crowfoot Valley Ranch Metropolitan District No. 2,65095/1,Douglas,83.342,40379530
Crowley,13002/1,Crowley,19.2,592894
Crowley County,13001/1,Crowley,42.081,64266000
Crowley County RE-1-J School District,64915/1,Crowley,27.449,62532554
Crowley County RE-1-J School District,64915/1,Lincoln,27.449,1395456
Crown Mountain Park and Rec. District,65152/1,Eagle,3.326,469886340
Crown Mountain Park and Rec. District,65152/1,Pitkin,3.326,260321630
Crystal Crossing Metropolitan District,65141/1,Douglas,52.966,13922140
Crystal Lakes Fire Protection District,35070/1,Larimer,5.514,44358919
Crystal Oaks Metropolitan District,67854/1,Pitkin,13.5,3219400
Crystal Park Metropolitan District,21093/1,El Paso,4.192,12835020
Crystal Valley Metropolitan District No. 1,18081/1,Douglas,0,0
Crystal Valley Metropolitan District No. 2,18082/1,Douglas,22.525,136278890
Crystal Valley Metropolitan District No. 2 Sub District,67643/1,Douglas,34.204,5056610
Crystal Valley Shops Metropolitan District,67928/1,Douglas,0,0
Cuchara Valley Park and Recreation District,66329/1,Huerfano,0,0
Cucharas Sanitation & Water District,28001/1,Huerfano,8.094,16556229
Cuchares Ranch Metropolitan District,65933/1,El Paso,25.91,11199220
Cumberland Green Metropolitan District,65495/1,El Paso,27,17223380
Cundall Farms Metropolitan District,66186/1,Adams,72.015,16499520
Cunningham Fire Protection District,03032/1,Arapahoe,0,0
Custer County,14001/1,Custer,18.245,177560485
Cutler Farms Metropolitan District,65296/1,Adams,40.86,31270
D Mountain Park and Recreation District,66635/1,Rio Grande,0,42379913
DC Metropolitan District,68054/1,Denver,48.566,3279290
DIATC Metropolitan District,66355/1,Adams,27.5,67893490
DIATC Metropolitan District - Bond,66355/2,Adams,20,994010
DUS Metropolitan District No. 1,66138/1,Denver,0,0
DUS Metropolitan District No. 2,66139/1,Denver,8,17279114
DUS Metropolitan District No. 3,66140/1,Denver,5,1087999
Dacono,62007/1,Weld,22.491,124392072
Dacono Estates Metropolitan District No. 1,65453/1,Weld,55.664,118440
Dakota Ridge Metropolitan District,67477/1,Jefferson,88.037,2676680
Dallas Park Cemetery District,46003/1,Ouray,0.204,189628370
Dancing Willows Metropolitan District,65520/1,Jefferson,54.87,11498160
Daniels Sanitation District,30017/1,Jefferson,0.218,155486944
Dawson Trails Metropolitan District No. 1,18070/1,Douglas,76.293,47980
Dawson Trails Metropolitan District No. 2,18071/1,Douglas,76.508,1972030
Dawson Trails Metropolitan District No. 3,18072/1,Douglas,76.5,2012150
Dawson Trails Metropolitan District No. 4,18073/1,Douglas,74.044,3570
Dawson Trails Metropolitan District No. 5,18074/1,Douglas,76.512,2337170
Dawson Trails Metropolitan District No. 6,18077/1,Douglas,76.511,1041670
Dawson Trails Metropolitan District No. 6 - Judgement,18077/2,Douglas,10,662900
Dawson Trails Metropolitan District No. 7,18078/1,Douglas,76.481,102210
Dawson Trails Metropolitan District No. 7 - Judgement,18078/2,Douglas,10,432680
De Beque,39012/1,Mesa,9.018,12084370
DeBeque 49JT School District,64936/1,Garfield,9.456,168460950
DeBeque 49JT School District,64936/1,Mesa,9.456,46693560
DeBeque Fire Protection District,65951/1,Garfield,8,155228810
DeBeque Fire Protection District,65951/1,Mesa,8,39757360
Debeque-Plateau Valley Conservation District,64051/1,Garfield,0,0
Debt Service,01001/9,Adams,0,13407154911
Debt Service,61008/11,Washington,0,0
Debt Service Fund,02001/16,Alamosa,0.2,234186523
Debt Service Fund,18008/5,Douglas,0,0
Deep Creek Water & Sanitation District,40004/1,Mineral,0,0
Deer Creek Metropolitan District,30140/1,Jefferson,10.661,29905184
Deer Creek Metropolitan District,47020/1,Park,35,2414520
Deer Creek Villas Metropolitan District,67392/1,Jefferson,72.278,5228649
Deer Creek Water District,66047/1,Elbert,9.574,15043980
Deer Meadows Metropolitan District,65472/1,Larimer,75.493,4309389
Deer Mountain Fire Protection District,22021/1,Fremont,6.927,53879042
Deer Trail,03033/1,Arapahoe,12.916,13903141
Deer Trail 26J School District,64906/1,Adams,36.679,5245236
Deer Trail 26J School District,64906/1,Arapahoe,36.679,50357596
Deer Trail Conservation District,64253/1,Arapahoe,0,82280417
Deer Trail Conservation District,64253/1,Washington,0,0
Deer Trail Rural Fire Protection District,64052/1,Adams,7.032,2905990
Deer Trail Rural Fire Protection District,64052/1,Arapahoe,7.032,47668583
Deer Trail Rural Fire Protection District,64052/1,Elbert,7.032,2939460
Deer Trails Metropolitan District,65075/1,Weld,26.491,2715520
Del Norte,53002/1,Rio Grande,10.64,16894214
Del Norte C-7 School District,53900/1,Rio Grande,39.537,143365821
Del Norte Fire Protection District,53001/1,Rio Grande,4.784,49697054
Delantero Metropolitan District No. 1,67746/1,Weld,0,150
Delantero Metropolitan District No. 10,67755/1,Weld,0,150
Delantero Metropolitan District No. 2,67747/1,Weld,0,150
Delantero Metropolitan District No. 3,67748/1,Weld,0,150
Delantero Metropolitan District No. 4,67749/1,Weld,0,150
Delantero Metropolitan District No. 5,67750/1,Weld,0,150
Delantero Metropolitan District No. 6,67751/1,Weld,0,150
Delantero Metropolitan District No. 7,67752/1,Weld,0,150
Delantero Metropolitan District No. 8,67753/1,Weld,0,150
Delantero Metropolitan District No. 9,67754/1,Weld,0,150
Delta,15015/1,Delta,0,116966351
Delta Conservation District,64053/1,Delta,0,508452947
Delta County,15006/1,Delta,14.096,508452947
Delta County Ambulance District,15032/1,Delta,6,321915540
Delta County Fire Prot No. 4,15010/1,Delta,4.8,54903996
Delta County Fire Protection District No. 1,15014/1,Delta,4.97,190773081
Delta County Fire Protection District No. 2,15008/1,Delta,2.805,68397960
Delta County Fire Protection District No. 3,15009/1,Delta,3.401,133978428
Delta County Ginters Grove Public Improvement District,66207/1,Delta,0,0
Delta County Library,15011/1,Delta,0,0
Delta County Memorial Hospital District,15012/1,Delta,0.71,507561011
Delta County Mosquito Control District No. 1,15013/1,Delta,2.9,197304243
Delta County Public Library District,64220/1,Delta,3.288,507561011
Delta County Public Library District,64220/1,Montrose,3.288,7040200
Delta County School District 50(J),64916/1,Delta,30.176,545274992
Delta County School District 50(J),64916/1,Gunnison,30.176,56547060
Delta County School District 50(J),64916/1,Mesa,30.176,202510
Delta County School District 50(J),64916/1,Montrose,30.176,7613080
Delta Urban Renewal Authority,15027/1,Delta,0,0
Delta Urban Renewal Authority - Delta Downtown Urban Renewal Plan,15027/2,Delta,0,0
Denargo Market Metropolitan District No. 1,66222/1,Denver,0,9640
Denargo Market Metropolitan District No. 2,66223/1,Denver,61.935,35410710
Denargo Market Metropolitan District No. 3,66224/1,Denver,53.703,12934080
Denmore Metropolitan District No. 1,67855/1,Weld,0,10
Denmore Metropolitan District No. 2,67856/1,Weld,64.444,1207060
Denmore Metropolitan District No. 3,67857/1,Weld,64.444,10
Denmore Metropolitan District No. 4,67858/1,Weld,0,10
Denmore Metropolitan District No. 5,67859/1,Weld,0,10
Denver (City),16002/1,Denver,0,0
Denver 14th Street General Improvement District,66638/1,Denver,0,0
Denver County 1 School District,16900/1,Denver,52.274,26973701403
Denver Downtown Development Authority - Denver Union Station,66255/2,Denver,0,0
Denver Gateway Center Metropolitan District,16026/1,Denver,59.637,33283190
Denver Gateway Meadows Metro. District,65360/1,Denver,78.051,4323100
Denver High Point at DIA Metropolitan District,65666/1,Denver,16.099,1940
Denver International Business Center Metropolitan District No. 1,16025/1,Denver,50.333,61430680
Denver Rock Drill Metropolitan District,67075/1,Denver,0,97680
Denver Southeast Suburban Water & Sanitation District,18007/1,Douglas,0,357753500
Denver Urban Renewal Authority,16009/1,Adams,0,0
Denver Urban Renewal Authority - 101 Broadway,16009/38,Adams,0,0
Denver Urban Renewal Authority - 101 Broadway,16009/38,Denver,0,0
Denver Urban Renewal Authority - 1840 Grant Street,16009/42,Adams,0,0
Denver Urban Renewal Authority - 1840 Grant Street,16009/42,Denver,0,0
Denver Urban Renewal Authority - 2300 Welton Street,16009/29,Denver,0,0
Denver Urban Renewal Authority - 2460 Welton Street,16009/30,Denver,0,0
Denver Urban Renewal Authority - 2560 Welton Street,16009/35,Adams,0,0
Denver Urban Renewal Authority - 2560 Welton Street,16009/35,Denver,0,0
Denver Urban Renewal Authority - 27th and Larimer,16009/41,Adams,0,0
Denver Urban Renewal Authority - 27th and Larimer,16009/41,Denver,0,0
Denver Urban Renewal Authority - 2801 Welton Street,16009/32,Adams,0,0
Denver Urban Renewal Authority - 2801 Welton Street,16009/32,Denver,0,0
Denver Urban Renewal Authority - 29th and Welton,16009/47,Adams,0,0
Denver Urban Renewal Authority - 29th and Welton,16009/47,Denver,0,0
Denver Urban Renewal Authority - 3015 East Colfax,16009/44,Adams,0,0
Denver Urban Renewal Authority - 3015 East Colfax,16009/44,Denver,0,0
Denver Urban Renewal Authority - 38th and Huron,16009/43,Adams,0,0
Denver Urban Renewal Authority - 38th and Huron,16009/43,Denver,0,0
Denver Urban Renewal Authority - 414 14th Street,16009/28,Denver,0,0
Denver Urban Renewal Authority - 4201 East Arkansas,16009/39,Adams,0,0
Denver Urban Renewal Authority - 4201 East Arkansas,16009/39,Denver,0,0
Denver Urban Renewal Authority - 9th Avenue,16009/31,Denver,0,0
Denver Urban Renewal Authority - 9th and Colorado,16009/25,Denver,0,0
Denver Urban Renewal Authority - Alameda Square,16009/2,Denver,0,0
Denver Urban Renewal Authority - American National,16009/3,Denver,0,0
Denver Urban Renewal Authority - Broadway & I-25,16009/37,Adams,0,0
Denver Urban Renewal Authority - Broadway & I-25,16009/37,Denver,0,0
Denver Urban Renewal Authority - California Street Parking Garage,16009/4,Denver,0,0
Denver Urban Renewal Authority - Cherokee,16009/5,Denver,0,0
Denver Urban Renewal Authority - City Park South,16009/6,Denver,0,0
Denver Urban Renewal Authority - Colorado National Bank Building,16009/24,Denver,0,0
Denver Urban Renewal Authority - Downtown,16009/7,Denver,0,0
Denver Urban Renewal Authority - Emily Griffith,16009/36,Adams,0,0
Denver Urban Renewal Authority - Emily Griffith,16009/36,Denver,0,0
Denver Urban Renewal Authority - Evans School,16009/46,Adams,0,0
Denver Urban Renewal Authority - Evans School,16009/46,Denver,0,0
Denver Urban Renewal Authority - Executive Tower Hotel,16009/8,Denver,0,0
Denver Urban Renewal Authority - Fox Park,16009/45,Adams,0,0
Denver Urban Renewal Authority - Fox Park,16009/45,Denver,0,0
Denver Urban Renewal Authority - Globeville Commercial,16009/34,Adams,0,0
Denver Urban Renewal Authority - Globeville Commercial,16009/34,Denver,0,0
Denver Urban Renewal Authority - Guaranty Bank,16009/9,Denver,0,0
Denver Urban Renewal Authority - Highlands Garden,16009/10,Denver,0,0
Denver Urban Renewal Authority - Ironworks Foundry,16009/27,Denver,0,0
Denver Urban Renewal Authority - Ironworks Foundry 2,16009/33,Adams,0,0
Denver Urban Renewal Authority - Ironworks Foundry 2,16009/33,Denver,0,0
Denver Urban Renewal Authority - Lowenstein Theater,16009/11,Denver,0,0
Denver Urban Renewal Authority - Lowry,16009/12,Denver,0,0
Denver Urban Renewal Authority - Marycrest,16009/23,Denver,0,0
Denver Urban Renewal Authority - Mercantile Square,16009/13,Denver,0,0
Denver Urban Renewal Authority - Northeast Park Hill,16009/14,Denver,0,0
Denver Urban Renewal Authority - Pepsi Center,16009/15,Denver,0,0
Denver Urban Renewal Authority - Point Urban,16009/16,Denver,0,0
Denver Urban Renewal Authority - Rock Drill,16009/48,Adams,0,0
Denver Urban Renewal Authority - Rock Drill,16009/48,Denver,0,0
Denver Urban Renewal Authority - Saint Anthony,16009/26,Denver,0,0
Denver Urban Renewal Authority - South Broadway,16009/17,Denver,0,0
Denver Urban Renewal Authority - St. Luke's #1,16009/18,Denver,0,0
Denver Urban Renewal Authority - St. Luke's #2,16009/19,Denver,0,0
Denver Urban Renewal Authority - Stapleton,16009/20,Denver,0,0
Denver Urban Renewal Authority - Sun Valley,16009/40,Adams,0,0
Denver Urban Renewal Authority - Sun Valley,16009/40,Denver,0,0
Denver Urban Renewal Authority - Westwood,16009/21,Denver,0,0
Denver Urban Renewal Authority - York Street,16009/22,Denver,0,0
Denver West Metropolitan District,30101/1,Jefferson,35,147679729
Denver West Metropolitan District - Ex 04,30101/3,Jefferson,19.915,5650032
Denver West Metropolitan District - Ex 14,30101/4,Jefferson,26.063,5280428
Denver West Metropolitan District - Ex 98,30101/2,Jefferson,1.416,6086941
Denver West Promenade Metropolitan District,66370/1,Jefferson,63.471,7004699
"Denver, City and County of",16002/2,Denver,26.328,25445395933
Detention Facility Lease/Purchase,03001/10,Arapahoe,0,0
Developmental Disabilities,03001/11,Arapahoe,1,16458062704
Developmental Disabilities,18008/10,Douglas,1,10398496367
Developmental Disabilities,51010/11,Pueblo,0,0
Developmental Disabilities-Horizons,54012/12,Routt,1,2242144980
Developmental Disability,01001/8,Adams,0.257,13407154911
Developmental Disabled,07003/10,Boulder,0.956,11631881772
Developmental Disabled,16002/6,Denver,1.03,25445395933
Developmental Disabled,39023/10,Mesa,0.219,3011181665
Developmentally Disabled,30047/9,Jefferson,1,13944580797
Developmentally Disabled,35015/10,Larimer,0.75,9180256613
Devils Head Metropolitan District,67103/1,Douglas,0,16960
Devonshire Heights Water & Sanitation District,03035/1,Arapahoe,0,9726299
Diamond Ridge Metropolitan District,65624/1,Elbert,0,0
Diamond Ridge Water & San. District,65625/1,Elbert,0,0
Dillon,59009/1,Summit,2.703,106552959
Dillon Urban Renewal Authority,66146/1,Summit,0,0
Dillon Valley Metropolitan District,59010/1,Summit,0,44924320
Dinosaur,41005/1,Moffat,22.085,1489568
Dinosaur Ridge Metropolitan District,66075/1,Jefferson,77.794,6613468
Dinosaur Ridge Metropolitan District - Ex 17,66075/2,Jefferson,0,1651647
Divide Fire Protection District,60019/1,Teller,10,97147760
Divide MPC Metropolitan District No. 1,65030/1,Teller,0,52530
Divide MPC Metropolitan District No. 2,65031/1,Teller,44.257,2544010
Dolores,42008/1,Montezuma,8.306,12067350
Dolores Canyon Metropolitan District No. 1,66291/1,Mesa,0,44550
Dolores Canyon Metropolitan District No. 2,66292/1,Mesa,0,44550
Dolores Canyon Metropolitan District No. 3,66293/1,Mesa,0,44550
Dolores Canyon Metropolitan District No. 4,66294/1,Mesa,0,44550
Dolores Cemetery District,42005/1,Montezuma,0.76,65564530
Dolores County,17002/1,Dolores,28.013,99324611
Dolores County Library District,17012/1,Dolores,0,0
Dolores County RE No. 2 School District,64917/1,Dolores,21.728,89602594
Dolores County RE No. 2 School District,64917/1,San Miguel,29.892,4637939
Dolores County RE No. 2 School District - Bond,64917/2,Dolores,8.164,101322050
Dolores County RE No. 2 School District - Bond,64917/2,San Miguel,0,0
Dolores Fire Protection District,42006/1,Montezuma,10.055,70889490
Dolores Library District,42026/1,Montezuma,4.777,77295560
Dolores RE-4A School District,42901/1,Montezuma,40.876,83096080
Dolores Water Conservancy District,64054/1,Dolores,2.112,26173918
Dolores Water Conservancy District,64054/1,Montezuma,2.112,465739570
Dominion Water & Sanitation District,65359/1,Douglas,0,100
Donala Water & Sanitation District,21016/1,El Paso,21.296,136820780
Donala Water & Sanitation District Area B,21016/2,El Paso,10.648,480860
Donald Wescott Fire Protection District,21017/1,El Paso,0,0
Donald Wescott Fire Protection District Northern Subdistrict,66840/1,El Paso,0,0
Double El Conservation District,64055/1,El Paso,0,50456400
Double El Conservation District,64055/1,Elbert,0,51737892
Double El Conservation District,64055/1,Lincoln,0,1750960
Douglas County,18008/1,Douglas,19.774,10398496367
Douglas County Conservation District,18010/1,Douglas,0,10022559710
Douglas County Law Enforcement Authority,18009/1,Douglas,4.5,5628247190
Douglas County RE 1 School District,64918/1,Douglas,45.528,11282785487
Douglas County RE 1 School District,64918/1,Elbert,45.528,82420900
Douglas County Woodmoor Mountain General Improvement District,18099/1,Douglas,8.743,4431150
Douglas Creek Conservation District,52002/1,Garfield,0,0
Douglas Creek Conservation District,52002/1,Rio Blanco,0.037,162647430
Douglas Public Library District,18095/1,Douglas,3.519,10398496367
Douthit Metropolitan District,66815/1,Weld,53,509077
Dove Creek,17003/1,Dolores,24.861,4263651
Dove Creek Ambulance District,66727/1,Dolores,2.5,75558427
Dove Creek Fire Protection District,17004/1,Dolores,4.17,71174815
Dove Valley Metropolitan District,03097/1,Arapahoe,10.114,540453056
Dove Valley Metropolitan District-Bonds Only,03097/2,Arapahoe,5.175,4356827
Downtown Boulder Business Improvement District,07073/1,Boulder,3.849,407060998
Downtown Denver Business Improvement District,16022/1,Denver,0,0
Downtown Grand Junction Business Improvement District,65642/1,Mesa,0,65710140
Downtown Longmont Business Improvement District,66172/1,Boulder,0,70349625
Downtown Parker Business Improvement District,67923/1,Douglas,8,9498522
Downtown Steamboat Springs Business Improvement District,65848/1,Routt,0,87059350
Dry Creek Village West Metropolitan District,68263/1,Routt,0,0
Dublin North Metropolitan District No. 1,66021/1,El Paso,0,0
Dublin North Metropolitan District No. 2,66022/1,El Paso,34.5,8875070
Dublin North Metropolitan District No. 3,66023/1,El Paso,34.5,3637130
Durango,34008/1,La Plata,8.537,786102460
Durango 9-R School District,34900/1,La Plata,30.109,1897873320
Durango Business Improvement District,34040/1,La Plata,2,155339070
Durango Fire Protection District,66048/1,La Plata,11.73,820832520
Durango Fire Protection District,66048/1,San Juan,11.73,12559231
Durango Hills Road Improvement District No. 1,34037/1,La Plata,20.379,5711550
Durango Urban Renewal Authority,67316/1,La Plata,0,44069890
Durango Urban Renewal Authority - MidTown Urban Renewal Area,67316/2,La Plata,0,0
Durango Urban Renewal Authority - North Main Gateway Urban Renewal Area,67316/3,La Plata,0,0
Durango West Metropolitan District No. 1,34006/1,La Plata,0,7228360
Durango West Metropolitan District No. 2,34007/1,La Plata,0,17055730
Durango West Metropolitan District No. 2 - Bonds,34007/2,La Plata,0,17728200
E-470 Commercial Metropolitan District No. 1,66900/1,Arapahoe,0,405
E-470 Commercial Metropolitan District No. 2,66901/1,Arapahoe,0,405
E-470 Commercial Metropolitan District No. 3,66902/1,Arapahoe,0,405
E-470 Potomac Metropolitan District,18114/1,Douglas,0,0
E-86 Metropolitan District,67056/1,Elbert,77.559,6945030
EC East Commercial Metropolitan District,68171/1,Elbert,0,10
EC East Industrial Metropolitan District,68172/1,Elbert,0,10
EC East Metropolitan District No. 1,68166/1,Elbert,0,10
EC East Metropolitan District No. 2,68167/1,Elbert,0,10
EC East Metropolitan District No. 3,68168/1,Elbert,0,10
EC East Metropolitan District No. 4,68169/1,Elbert,0,10
EC East Metropolitan District No. 5,68170/1,Elbert,0,10
EC East Overlay Metropolitan District,68173/1,Elbert,0,10
EC East Water & Sanitation District,68174/1,Elbert,0,10
EC West Commercial Metropolitan District,68044/1,Elbert,0,10
EC West Metropolitan District No. 1,68045/1,Elbert,92.009,10
EC West Metropolitan District No. 2,68046/1,Elbert,92.009,10
EC West Metropolitan District No. 3,68047/1,Elbert,0,10
EC West Metropolitan District No. 4,68048/1,Elbert,0,10
EC West Metropolitan District No. 5,68049/1,Elbert,0,10
EC West Overlay Metropolitan District,68050/1,Elbert,0,10
EC West Water & Sanitation District,68051/1,Elbert,0,10
Eads,31002/1,Kiowa,37.109,3997176
Eads RE-1 School District,31900/1,Kiowa,27.307,23089672
Eagle,19009/1,Eagle,2.301,269272550
Eagle Bend Metropolitan District,03147/1,Arapahoe,18.5,107023955
Eagle Brook Meadows Metropolitan District No. 1,67078/1,Larimer,9.767,215
Eagle Brook Meadows Metropolitan District No. 2,67079/1,Larimer,81.571,11575321
Eagle Brook Meadows Metropolitan District No. 3,67080/1,Larimer,70.494,2372384
Eagle Cemetery District,19010/1,Eagle,0.186,457666800
Eagle County,19011/1,Eagle,8.305,5338527000
Eagle County Conservation District,64273/1,Eagle,0.15,4575056570
Eagle County Conservation District,64273/1,Garfield,0.15,4076640
Eagle County Conservation District,64273/1,Grand,0.15,773550
Eagle County Health Service District,19040/1,Eagle,2.761,4861961110
Eagle County School District RE50J,64919/1,Eagle,21.614,5333760890
Eagle County School District RE50J,64919/1,Garfield,21.614,6146230
Eagle County School District RE50J,64919/1,Routt,21.614,16249950
Eagle Creek Metropolitan District,01065/1,Adams,57,11070680
Eagle Downtown Development Authority,67457/1,Eagle,0,8585870
Eagle Meadow Metropolitan District,65038/1,Weld,62.614,4899160
Eagle Ranch Metropolitan District,19065/1,Eagle,19.7,125935200
Eagle River Fire Protection District,19071/1,Eagle,8.263,1806680460
Eagle River Fire Protection District - Lake Creek Subdistrict,68036/1,Eagle,0,70727810
Eagle River Station Metropolitan District,65804/1,Eagle,40.406,1245430
Eagle River WSD-Water Subdistrict,19057/2,Eagle,0.835,1708571030
Eagle River Water And San. District,19057/1,Eagle,2.244,3823281340
Eagle Shadow Metropolitan District No. 1,01078/1,Adams,14.295,61625780
Eagle Shadow Metropolitan District No. 1 Sub-district No. 1,66959/1,Adams,40,8349450
Eagle Valley Library District,19052/1,Eagle,2.763,3191242460
Eagle Valley Transportation Authority,67673/1,Eagle,0,0
Eagle View Metropolitan District,65135/1,Jefferson,0,6998435
Eagle's Nest Metropolitan District,65902/1,Arapahoe,30.779,10356841
Eagle-Vail Metropolitan District,19015/1,Eagle,13.771,155159040
Eagles Nest Metropolitan District,59011/1,Summit,0,0
Eagleview Metropolitan District,67966/1,El Paso,0,232720
Early Childhood,57010/10,San Miguel,0.75,1553350990
Early Childhood Care & Learning,59021/11,Summit,0.5,3562515215
East Adams Conservation District,01007/1,Adams,0,0
East Alamosa Water & Sanitation District,02004/1,Alamosa,7.5,12135796
East Arapahoe Metropolitan District,03036/1,Arapahoe,9.792,6491047
East Aspen Metropolitan District,49027/1,Pitkin,0.307,530635460
East Bend Metropolitan District,67501/1,Arapahoe,84.51,2610356
East Boulder County Water District,07071/1,Boulder,0,17796918
East Cherry Creek Valley Water & Sanitation District,03038/1,Arapahoe,4.468,1054217045
East Cherry Creek Valley Water & Sanitation District (Bonds),03038/3,Arapahoe,0,135385774
East Cherry Creek Valley Water & Sanitation District (Water Only),03038/2,Arapahoe,3.311,6260156
East Cheyenne County Library District,09021/1,Cheyenne,1,95048286
East Cheyenne Groundwater Management District,09008/1,Cheyenne,0,90571873
East Cheyenne Recreation District,09015/1,Cheyenne,1,88002021
East Creek Consolidated Metropolitan District,68024/1,Arapahoe,0,0
East Creek Consolidated Metropolitan District - Tax Area 1,68024/2,Arapahoe,29.174,5830259
East Creek Consolidated Metropolitan District - Tax Area 2,68024/3,Arapahoe,42.169,2373488
East Creek Metropolitan District No. 1,66906/1,Arapahoe,0,0
East Creek Metropolitan District No. 2,66907/1,Arapahoe,0,0
East Dillon Water District,59012/1,Summit,1.556,127070600
East Fossil Creek Ranch Metropolitan District No. 1,66656/1,Larimer,0,0
East Fossil Creek Ranch Metropolitan District No. 2,66657/1,Larimer,45.799,6978683
East Grand 2 School District,25900/1,Grand,19.075,1502348062
East Grand County Fire Protection District No. 4,25003/1,Grand,5.873,734905974
East Jefferson County Sanitation District,30018/1,Jefferson,0.571,102637124
East Lakewood Sanitation District,30019/1,Jefferson,4.106,17852046
East Larimer County Water District,64056/1,Larimer,0,809248293
East Larimer County Water District,64056/1,Weld,0,4086800
East Morgan County Hospital District,44002/1,Morgan,4.5,275850820
East Morgan County Library District,44003/1,Morgan,3.5,264164580
East Orchard Mesa Fire Protection District,39013/1,Mesa,6.147,11382850
East Otero Conservation District,45003/1,Otero,0,0
East Otero R-1 School District,45900/1,Otero,32.218,94917277
East Phillips County Hospital District,48001/1,Phillips,13.7,76756490
East Prowers Cemetery District,50004/1,Prowers,3.95,29601465
East Prowers Weed Control District,50005/1,Prowers,1.935,41521625
East Quincy Highlands Metropolitan District,03161/1,Arapahoe,14.142,16787978
East River Regional Sanitation District,26017/1,Gunnison,1.172,108559870
East Routt Library District,54001/1,Routt,2.68,1903811850
East Smoky Hill Metropolitan District No. 1,03130/1,Arapahoe,20.4,21032527
East Smoky Hill Metropolitan District No. 2,03131/1,Arapahoe,9.866,84057103
East Valley Metropolitan District,03039/1,Arapahoe,14.162,7175458
East Virginia Village Metropolitan District,67502/1,Arapahoe,132.607,2473289
East Yuma County Cemetery District,63002/1,Yuma,0.931,146715260
Eastcreek Farm Metropolitan District,66677/1,Adams,21.615,4930920
Eastern Adams County Metropolitan District,01094/1,Adams,0,1640
Eastern Adams County Metropolitan District,01094/1,Arapahoe,0,1199914
Eastern Adams County Metropolitan District Subdistrict No. 1,67340/1,Adams,0,0
Eastern Adams County Metropolitan District Subdistrict No. 1,67340/1,Arapahoe,0,0
Eastern Corridor Metropolitan District,66586/1,Weld,0,120
Eastern Hills Metropolitan Dist. No. 1,65171/1,Arapahoe,0,135
Eastern Hills Metropolitan Dist. No. 2,65172/1,Arapahoe,70,2387889
Eastern Hills Metropolitan Dist. No. 4,65174/1,Arapahoe,70,64579519
Eastern Hills Metropolitan Dist. No. 5,65175/1,Arapahoe,70,739107
Eastern Hills Metropolitan Dist. No. 6,65176/1,Arapahoe,70,1766585
Eastern Hills Metropolitan Dist. No. 7,65177/1,Arapahoe,0,10421
Eastern Hills Metropolitan District No. 10,65815/1,Arapahoe,51.035,52557418
Eastern Hills Metropolitan District No. 11,65816/1,Arapahoe,0,52557800
Eastern Hills Metropolitan District No. 12,65817/1,Arapahoe,0,135
Eastern Hills Metropolitan District No. 13,65818/1,Arapahoe,0,135
Eastern Hills Metropolitan District No. 14,65819/1,Arapahoe,0,135
Eastern Hills Metropolitan District No. 15,65820/1,Arapahoe,0,550
Eastern Hills Metropolitan District No. 16,65821/1,Arapahoe,0,550
Eastern Hills Metropolitan District No. 17,65822/1,Arapahoe,0,550
Eastern Hills Metropolitan District No. 18,65823/1,Arapahoe,0,550
Eastern Hills Metropolitan District No. 19,65824/1,Arapahoe,0,550
Eastern Hills Metropolitan District No. 20,65825/1,Arapahoe,0,550
Eastern Hills Metropolitan District No. 21,67718/1,Arapahoe,0,52500536
Eastern Hills Metropolitan District No. 22,67719/1,Arapahoe,0,52519232
Eastern Hills Metropolitan District No. 23,67720/1,Arapahoe,4,52497385
Eastern Hills Metropolitan District No. 8,65494/1,Arapahoe,0,135
Eastern Hills Metropolitan District No. 9,65814/1,Arapahoe,20,52556156
Eastern Rio Blanco Health Service District,65634/1,Rio Blanco,7.28,441340840
Eastern Rio Blanco Metropolitan Recreation and Park District,52003/1,Rio Blanco,5.699,409418200
Eastern Rio Blanco Recreation Bond,52003/2,Rio Blanco,0,0
Eastgate Metropolitan District No. 1,68184/1,Arapahoe,0,12
Eastgate Metropolitan District No. 2,68185/1,Arapahoe,0,12
Eastgate Metropolitan District No. 3,68186/1,Arapahoe,0,12
Eastgate Metropolitan District No. 4,68187/1,Arapahoe,0,12
Eastgate Metropolitan District No. 5,68188/1,Arapahoe,0,12
Eastgate Metropolitan District No. 6,68189/1,Arapahoe,0,12
Eastpark70 Metropolitan District,65448/1,Adams,25.074,48811440
Eaton,62008/1,Weld,5.007,108810410
Eaton Area Park and Recreation District,66593/1,Weld,5.425,747277320
Eaton Downtown Development Authority,68120/1,Weld,0,10751130
Eaton Fire Protection District,62009/1,Weld,9,688719650
Eaton RE-2 School District,62906/1,Weld,34.206,1028064270
Ebert Metropolitan District,16010/1,Denver,49.829,172939970
Ebert Metropolitan District - Debt,16010/4,Denver,24.926,25692240
Ebert Subdistrict No. 1,67816/1,Denver,0,0
Echo Valley Estates Metropolitan Recreation & Park,47014/1,Park,1.173,1188050
Eckert Cemetery District,15016/1,Delta,0.554,23538253
Eckley,63003/1,Yuma,19.943,1637060
Eckley Rural Cemetery District,63004/1,Yuma,0.344,31364140
Economic Development Fund,15006/9,Delta,0.056,508452947
Edgemont Ranch Metropolitan District,34013/1,La Plata,7.874,53882870
Edgewater,30020/1,Jefferson,0,85913138
Edgewater Redevelopment Authority,30099/1,Jefferson,0,0
Edison 54 JT School District,64923/1,El Paso,27.269,4592610
Edison 54 JT School District,64923/1,Lincoln,27.269,4893696
Edison 54 JT School District,64923/1,Pueblo,27.269,376170
Edison Fire Protection District,65867/1,El Paso,9,4338890
Edison Fire Protection District,65867/1,Lincoln,9,4859453
Edison Fire Protection District,65867/1,Pueblo,9,392000
Edwards Metropolitan District,19016/1,Eagle,1.691,297580020
Edwards Metropolitan District - West End Subdistrict,66722/1,Eagle,0,0
Egnar Slickrock Fire Protection District,57003/1,San Miguel,8,4539789
El Paso County,21019/1,El Paso,7.187,13763880770
El Paso County Conservation District,21020/1,El Paso,0,8019763800
El Paso County Pioneer Village Roads Public Improvement District,66503/1,El Paso,19.579,3182980
El Paso County Public Improvement District No. 1,66367/1,El Paso,0,163090
El Paso County Public Improvement District No. 2,66368/1,El Paso,10,222126330
El Paso County Public Improvement District No. 3,66369/1,El Paso,5,39966360
El Paso County Public Improvement District No. 4,68115/1,El Paso,10,236760
El Paso County Public Improvement District No. 5,68116/1,El Paso,5,226770
El Paso County Stratmoor Valley Streetlight Public Improvement District,66504/1,El Paso,0.808,15800030
El Rancho Florida Metropolitan District,34035/1,La Plata,17.843,4861860
Elbert 200 School District,20904/1,Elbert,30.516,42389705
Elbert County,20001/1,Elbert,28.31,708350720
Elbert County Library District,20015/1,Elbert,2.562,708350720
Elbert Creek Water & Sanitation District,34036/1,La Plata,0,0
Elbert Fire Protection District,64057/1,El Paso,9.23,10334300
Elbert Fire Protection District,64057/1,Elbert,9.23,42002205
Elbert Water & Sanitation District,20002/1,Elbert,3.418,7416420
Elbert and Highway 86 Commercial Metropolitan District,65103/1,Elbert,5,4104430
Elbert and Highway 86 Metropolitan District,65102/1,Elbert,43,12248190
Eldorado Springs Public Improvement District,68110/1,Boulder,0,6776827
Eldorado Village Metropolitan District,65576/1,El Paso,38.968,1932120
Elevation Park Metropolitan District,67246/1,La Plata,68.634,2017200
Elizabeth,20004/1,Elbert,12.971,67140065
Elizabeth C-1 School District,20901/1,Elbert,30.553,456500559
Elizabeth Fire Protection District,20003/1,Elbert,15.5,330490652
Elizabeth Park & Recreation District,20010/1,Elbert,2.466,387831367
Elk Creek Fire Protection District,64058/1,Jefferson,12.527,338483262
Elk Creek Fire Protection District,64058/1,Park,12.527,38241465
Elkhorn Ranch Metropolitan District No. 1,65073/1,Elbert,49,17790200
Ellicott 22 School District,21908/1,El Paso,29.284,79949860
Ellicott Fire Protection District,21062/1,El Paso,13.69,68954360
Ellicott Metropolitan District,21094/1,El Paso,0,68857570
Ellston Park Metropolitan District,67533/1,El Paso,50.944,473270
Elora Commercial Metropolitan District,65431/1,Elbert,0,140
Elora Metropolitan District,65432/1,Elbert,81.268,4710
Emergency,25009/9,Grand,0,0
Emergency Reserve,17002/7,Dolores,0,0
Emergency Reserve,62056/8,Weld,0,19722748799
Emergency Service,14001/6,Custer,1.649,177560485
Emergency Services,27001/8,Hinsdale,0,0
Empire,10005/1,Clear Creek,7.215,5637530
Encore on 34 Metropolitan District No. 1,66551/1,Larimer,0,90
Encore on 34 Metropolitan District No. 2,66552/1,Larimer,50,3125951
Encore on 34 Metropolitan District No. 3,66553/1,Larimer,33,20199
Englewood,03041/1,Arapahoe,9.736,1092478333
Englewood 1 School District,03905/1,Arapahoe,51.071,920857772
Englewood Downtown Development Authority,67386/1,Arapahoe,0,176905777
Englewood Downtown Development Authority - Wellness District,67386/2,Arapahoe,0,84883722
Englewood Urban Renewal Authority - Englewood Ironworks Tax Plan Area,03082/2,Arapahoe,0,8525959
Erie,64060/1,Boulder,13.237,312665757
Erie,64060/1,Weld,13.237,453274146
Erie Commons Metropolitan District No. 1,65196/1,Weld,53.68,470
Erie Commons Metropolitan District No. 2,65197/1,Weld,63.516,34794692
Erie Commons Metropolitan District No. 3,67160/1,Weld,37,5448442
Erie Farm Metropolitan District,65691/1,Boulder,55.585,25492243
Erie Highlands Metropolitan District No. 1,66446/1,Weld,49.276,18012350
Erie Highlands Metropolitan District No. 2,66447/1,Weld,87.68,16055900
Erie Highlands Metropolitan District No. 3,66448/1,Weld,5.305,281950
Erie Highlands Metropolitan District No. 4,66449/1,Weld,75.185,18740
Erie Highlands Metropolitan District No. 5,66450/1,Weld,21.481,18740
Estancia Metropolitan District,65325/1,Arapahoe,66.102,8548958
Estes Park,35004/1,Larimer,1.822,333230347
Estes Park Sanitation District,35006/1,Larimer,0,166455610
Estes Valley Fire Protection District,66171/1,Larimer,2.069,523513851
Estes Valley Public Library District,35059/1,Larimer,4.572,586165187
Estes Valley Recreation & Park District,64119/1,Boulder,5.198,11940048
Estes Valley Recreation & Park District,64119/1,Larimer,5.198,584183621
Estes Valley Recreation & Park District - Community Center Bond,64119/2,Boulder,0,0
Estes Valley Recreation & Park District - Community Center Bond,64119/2,Larimer,2.273,1821277
Evan's Place Metropolitan District,67173/1,Weld,52.256,8814000
Evans,62011/1,Weld,3.536,268673074
Evans Fire Protection District,66332/1,Weld,15.5,263229094
Evans Redevelopment Agency - Highway 85 Urban Renewal Area,66398/2,Weld,0,22699700
Evans Redevelopment Agency - Historic Evans Urban Renewal Area,66398/3,Weld,0,10341924
Evergreen Fire Protection District,64061/1,Clear Creek,11.365,100041610
Evergreen Fire Protection District,64061/1,Jefferson,11.364,714545415
Evergreen Metropolitan District,67337/1,Clear Creek,0,0
Evergreen Metropolitan District,67337/1,Jefferson,0,176063231
Evergreen Metropolitan District (Consolidated.  Use LGID 67337/1.),30131/1,Jefferson,0,0
Evergreen Park & Recreation District,30023/1,Jefferson,6.129,757385938
Evergreen Ridge Metropolitan District,68022/1,El Paso,5.742,1064620
"Exempla General Improvement District, City of Lafayette, Colorado",65115/1,Boulder,0.313,25765406
Fair,35015/7,Larimer,0,9180256613
Fairlake Metro Debt Only,16014/2,Denver,0,13337050
Fairlake Metropolitan,16014/1,Denver,8.226,35536650
Fairmount Fire Protection District,30027/1,Jefferson,0,454038410
Fairplay,47005/1,Park,11.799,27122875
Fairplay Sanitation District,47004/1,Park,0,0
Fairview Cemetery District,09010/1,Cheyenne,0.463,55098080
Fairview Cemetery District,32005/1,Kit Carson,0.66,147802315
Fairview Cemetery District,42009/1,Montezuma,0.295,88231640
Fairway Pines Sanitation District,46017/1,Ouray,0,0
Fairways Metropolitan District,07045/1,Boulder,2.778,30350866
Fairy Dell Fire Protection District,58001/1,Sedgwick,2.214,2073000
Falcon 49 School District,21913/1,El Paso,45.649,1974990890
Falcon Field Metropolitan District,67301/1,El Paso,6,25370
Falcon Field Residential Metropolitan District No. 1,68261/1,El Paso,0,0
Falcon Field Residential Metropolitan District No. 2,68262/1,El Paso,0,0
Falcon Fire Protection District,21021/1,El Paso,14.886,784100840
Falcon Highlands Metropolitan District,65117/1,El Paso,38.144,30118800
Falcon Regional Transportation Metropolitan District,65016/1,El Paso,0,0
Fallbrook Metropolitan District,65450/1,Adams,0,0
Fallbrook Villas Metropolitan District,66676/1,Adams,83.291,4939220
Federal Boulevard Business Improvement District,66375/1,Denver,8.5,12920820
Federal Heights,01009/1,Adams,0.68,146446250
Festival Commons Metropolitan District,68183/1,Arapahoe,0,0
Fiddlers Business Improvement District,03162/1,Arapahoe,88,40850420
Fields Metropolitan District No. 1,67594/1,Douglas,68.704,3851580
Fields Metropolitan District No. 2,67595/1,Douglas,0,3851580
Fields Metropolitan District No. 3,67596/1,Douglas,0,3851580
Fire,13001/6,Crowley,2.25,64266000
Fire,24005/12,Gilpin,0,0
Firelight Commercial Metropolitan District,66181/1,Weld,64.445,241054
Firelight Irrigation Metropolitan District,66180/1,Weld,0,1310111
Firelight Residential Metropolitan District,66182/1,Weld,61.589,1119417
Fireman's Pension,16002/9,Denver,0.994,25445395933
Firestone,62012/1,Weld,6.805,272337724
Firestone Downtown Development Authority,68178/1,Weld,0,79797
Firestone Urban Renewal Authority - Bighorn Urban Renewal Plan Area,66156/5,Weld,0,82012
Firestone Urban Renewal Authority - Central Firestone Urban Renewal Plan Area,66156/4,Weld,0,13630760
Firestone Urban Renewal Authority - Northern Firestone Urban Renewal Plan Area,66156/3,Weld,0,33685028
Firestone Urban Renewal Authority - Southern Firestone Urban Renewal Plan Area,66156/2,Weld,0,15369924
First & Main B.I.D.,65273/1,El Paso,54.777,4451510
First & Main North B.I.D.,65276/1,El Paso,54.777,2925270
First Creek Village Metropolitan District,66724/1,Denver,73.926,19163770
First and Main Business Improvement District No. 2,66113/1,El Paso,54.777,16765290
Fisher Farm Metropolitan District No. 1,67535/1,Larimer,53.698,553
Fisher Farm Metropolitan District No. 2,67536/1,Larimer,53.702,12908
Fisher Farm Metropolitan District No. 3,67537/1,Larimer,53.703,37376
Fisher Farm Metropolitan District No. 4,67538/1,Larimer,53.702,11363
Fishers Peak Fire Protection District,36015/1,Las Animas,5.72,35942051
Fitzsimons Village Metro. District #1,65631/1,Arapahoe,64.777,464870
Fitzsimons Village Metro. District #2,65632/1,Arapahoe,64.777,3058580
Fitzsimons Village Metro. District #3,65633/1,Arapahoe,65.505,2853618
Fitzsimons Village Metropolitan District No. 4,66646/1,Arapahoe,0,1273219
Five Points Business Improvement District,66708/1,Denver,10,27391232
Five Trees Metropolitan District,49036/1,Pitkin,11.977,55011980
Flagler,32010/1,Kit Carson,41.64,5877462
Flagler Cemetery District,32006/1,Kit Carson,0.79,37738439
Flagler Conservation District,32009/1,Kit Carson,0,0
Flagler Rural Fire Protection District,32007/1,Kit Carson,5.5,45155927
Flat Rock Metropolitan District No. 1,65970/1,Arapahoe,58.055,4076
Flat Rock Metropolitan District No. 2,65971/1,Arapahoe,0,19
Flat Rock Metropolitan District No. 3,65972/1,Arapahoe,0,19
Flat Rock Metropolitan District No. 4,65973/1,Arapahoe,0,510
Flatiron Marketplace Metropolitan District,67087/1,Broomfield,13,1423511
Flatiron Meadows Metropolitan District,65694/1,Boulder,29.832,48844675
Fleet Services,21019/11,El Paso,0,0
Fleming,38005/1,Logan,23.592,2754444
Fleming Fire Protection District,38003/1,Logan,5.996,24110385
Florence,22011/1,Fremont,16.314,53294249
Florence Fire Protection District,22009/1,Fremont,14.341,196218807
Florence RE-2 School District,64924/1,Custer,30.194,5561730
Florence RE-2 School District,64924/1,El Paso,30.194,11140080
Florence RE-2 School District,64924/1,Fremont,30.194,228446151
Florida Mosquito Control District,34009/1,La Plata,0.7,316654160
Florida Water Conservancy District,34010/1,La Plata,0.053,346740980
Florissant Fire Protection District,60017/1,Teller,5.85,96892880
Florissant Water & Sanitation District,60003/1,Teller,3.501,5439120
Flying Horse Metropolitan District No. 1,65384/1,El Paso,10.74,425380
Flying Horse Metropolitan District No. 2,65385/1,El Paso,49.949,100927230
Flying Horse Metropolitan District No. 2 - Debt Service,65385/2,El Paso,37.929,65140
Flying Horse Metropolitan District No. 3,65386/1,El Paso,46.204,35118740
Flying Horse Metropolitan District No. 3 - Debt Service,65386/2,El Paso,34.409,360180
Flying Horse North Metropolitan District No. 1,67983/1,El Paso,5,216220
Flying Horse North Metropolitan District No. 2,67984/1,El Paso,30,14090
Flying Horse North Metropolitan District No. 3,67985/1,El Paso,30,12580
Flying Horse North Metropolitan District No. 4,67986/1,El Paso,30,467690
Flying Horse North Metropolitan District No. 5,67987/1,El Paso,30,559250
Football Stadium Metropolitan District,67047/1,Denver,0,0
Foothills Fire Protection District,30136/1,Jefferson,10.406,144969739
Foothills Metropolitan District,66392/1,Larimer,73.947,10702402
Foothills Park & Rec. District - Kipling Villas Subdistrict B,30028/3,Jefferson,8.405,30543629
Foothills Park & Recreation District,30028/1,Jefferson,6.845,119955565
Foothills Rec & Park Subdistrict A,30028/2,Jefferson,9.492,1683933564
Forest Hills Metropolitan District,30029/1,Jefferson,48.092,14322173
Forest Lakes Metropolitan District,21064/1,El Paso,0,1310
Forest Lakes Metropolitan District,34011/1,La Plata,36.134,27148450
Forest Trace Metropolitan District No. 1,65777/1,Arapahoe,16.655,7429522
Forest Trace Metropolitan District No. 2,65778/1,Arapahoe,4,11316200
Forest Trace Metropolitan District No. 3,65779/1,Arapahoe,59.832,18742210
Forest View Acres Water District,21022/1,El Paso,5,19441900
Fort Collins,35009/1,Larimer,9.797,3647196864
Fort Collins - Loveland Water District,35007/1,Larimer,1.35,1440816674
Fort Collins - Loveland Water District,35007/1,Weld,1.5,80420
Fort Collins Downtown Development Authority,35010/1,Larimer,5,208562768
Fort Collins General Improvement District No. 1,35011/1,Larimer,4.924,78012741
Fort Collins Urban Renewal Authority - College and Drake Urban Renewal Plan Area,35051/6,Larimer,0,5233370
Fort Collins Urban Renewal Authority - Foothills Mall Urban Renewal Plan Area,35051/3,Larimer,0,10710567
Fort Collins Urban Renewal Authority - Midtown Urban Renewal Plan Area - Foothills Mall,35051/5,Larimer,0,0
Fort Collins Urban Renewal Authority - Midtown Urban Renewal Plan Area - Prospect South TI,35051/4,Larimer,0,14394259
Fort Collins Urban Renewal Authority - North College Avenue Urban Renewal Plan Area,35051/2,Larimer,0,39319719
Fort Garland Water & Sanitation District,12007/1,Costilla,7.863,3370595
Fort Lewis Mesa Fire Protection District,34031/1,La Plata,10.793,61071180
Fort Lupton,62014/1,Weld,42.931,427358869
Fort Lupton Fire Protection District,62013/1,Weld,9.357,1054036189
Fort Lupton Fire Protection District(Bond 2022),62013/2,Weld,0,0
Fort Lupton Urban Renewal Authority,66499/1,Weld,0,50586329
Fort Morgan,44006/1,Morgan,13.254,199737130
Fort Morgan Pest Control District,44004/1,Morgan,0.299,133760490
Fort Morgan RE-3 School District,44902/1,Morgan,36.144,381831650
Fort Morgan Rural Fire Protection District,44005/1,Morgan,3.033,151104480
Fossil Ridge Metropolitan District No. 1,65881/1,Jefferson,0,4236086
Fossil Ridge Metropolitan District No. 2,65882/1,Jefferson,37.5,32208859
Fossil Ridge Metropolitan District No. 3,65883/1,Jefferson,37.5,54107275
Foster Farm Business Improvement District,67745/1,Adams,42.652,1301
Founders Village Metropolitan District,18045/1,Douglas,94.563,81855870
Foundry Loveland Metropolitan District,66740/1,Larimer,55.077,6391359
Fountain,21026/1,El Paso,16.339,362815360
Fountain 8 School District,21903/1,El Paso,29.765,287554160
"Fountain Creek Watershed, Flood Control, and Greenway District",66212/1,Pueblo,0,0
"Fountain General Improvement District No. 1, City of Fountain, Colorado",66057/1,El Paso,12,21603140
"Fountain General Improvement District No. 2, City of Fountain, Colorado",66444/1,El Paso,10,14208780
Fountain Mutual Metropolitan District,21103/1,El Paso,12.562,22010790
Fountain Sanitation District,21023/1,El Paso,5.482,279688930
Fountain Urban Renewal Authority - Bandley Urban Renewal Area,66058/4,El Paso,0,3722690
Fountain Urban Renewal Authority - Charter Oak Urban Renewal Area,66058/3,El Paso,0,2077270
Fountain Urban Renewal Authority - US Highway 85 Corridor Urban Renewal Area,66058/2,El Paso,0,31343460
Four Corners Business Improvement District,66707/1,Boulder,7.187,12866
Four Corners Metropolitan District,66774/1,Boulder,59.352,93943
Four Mile Fire Protection District,07011/1,Boulder,22.8,25715297
Four Mile Fire Protection District,60018/1,Teller,11.854,60189330
Four Mile Ranch Metro. Dist. No. 1,65182/1,Fremont,49.598,6666814
Four Mile Ranch Metro. Dist. No. 2,65183/1,Fremont,15,979347
Four Mile Ranch Metro. Dist. No. 3,65184/1,Fremont,15,1078030
Four Mile Ranch Metro. Dist. No. 4,65185/1,Fremont,15,1435943
Fourth North Business Improvement District,67549/1,Summit,16.63,954760
Fourth North Metropolitan District No. 1,67635/1,Summit,72.259,208440
Fourth North Metropolitan District No. 2,67636/1,Summit,0,147330
Fourth Street Crossing Business Improvement District,67201/1,Summit,17.185,4789270
Fourth Street Crossing Metropolitan District,66958/1,Summit,76.171,1827310
Fowler,45004/1,Otero,12.213,5930121
Fowler R-4J School District,64942/1,Crowley,39.075,1870510
Fowler R-4J School District,64942/1,Otero,39.075,18107997
Fowler R-4J School District,64942/1,Pueblo,39.075,10677620
Fowler Rural Fire Protection District,64063/1,Crowley,3.287,1163603
Fowler Rural Fire Protection District,64063/1,Otero,3.287,16238975
Fowler Rural Fire Protection District,64063/1,Pueblo,3.287,9369010
Fox Fire Subdistrict of the La Plata Archuleta Water District,67556/1,La Plata,59.223,829140
Foxfield,03134/1,Arapahoe,4.982,26558485
Foxfield Metropolitan District No. 1,65120/1,Arapahoe,0,0
Foxhill Metropolitan District No. 2,65578/1,Douglas,63.533,9658990
Foxridge General Improvement District,03119/1,Arapahoe,4.864,44221683
Foxwood Estate & Foxwood Ranches Pub. Im,65527/1,Elbert,0,0
Franktown Business Area Metropolitan District,18120/1,Douglas,0,4770110
Franktown Fire Protection District,18011/1,Douglas,0.995,319594430
Fraser,25006/1,Grand,5.886,130301873
Fraser Downtown Development Authority,68033/1,Grand,0,0
Fraser River Valley Housing Partnership,67634/1,Grand,2,922471477
Fraser Valley Metropolitan Recreation District,25005/1,Grand,4.39,780592234
Frederick,62016/1,Weld,6.555,506134852
Frederick Metropolitan District,67163/1,Weld,50,457020
Frederick Urban Renewal Authority - Eagle Business Park Urban Renewal Area,66624/6,Weld,0,2905203
Frederick Urban Renewal Authority - Meadowlark Business Park Urban Renewal Area,66624/2,Weld,0,633063
Frederick Urban Renewal Authority - Miner's Village Urban Renewal Area,66624/3,Weld,0,1632107
Frederick Urban Renewal Authority - Schillinger Urban Renewal Area,66624/5,Weld,0,10287
Frederick Urban Renewal Authority - Wyndham Hill Town Center Urban Renewal Area,66624/4,Weld,0,665662
Frederick-Firestone Fire Protection District,62015/1,Weld,15.559,841347495
Frederick-Firestone Fire Protection District (Bond 2022),62015/2,Weld,0,0
Freestyle Metropolitan District No. 1,67652/1,El Paso,21.46,60
Freestyle Metropolitan District No. 2,67653/1,El Paso,70.649,4980
Freestyle Metropolitan District No. 3,67654/1,El Paso,19.93,3850
Freestyle Metropolitan District No. 4,67655/1,El Paso,71.262,38850
Freestyle Park and Recreation District,68133/1,El Paso,4.889,470
Fremont Conservation District,22014/1,Fremont,0.459,265247672
Fremont County,22013/1,Fremont,11.443,721445106
Fremont Sanitation District,22015/1,Fremont,0,0
Frenchman Groundwater Management District,64064/1,Logan,0.153,28944949
Frenchman Groundwater Management District,64064/1,Phillips,0.153,106444640
Frenchman RE-3 School District,38901/1,Logan,28.141,50152797
Frisco,59015/1,Summit,0.798,374773560
Frisco Sanitation,59014/1,Summit,0,407377780
Front Range Airpark Metropolitan District No. 1,68102/1,Adams,0,25940
Front Range Airpark Metropolitan District No. 2,68103/1,Adams,0,25940
Front Range Airpark Metropolitan District No. 3,68104/1,Adams,0,25940
Front Range Airpark Metropolitan District No. 4,68105/1,Adams,0,25940
Front Range Airpark Metropolitan District No. 5,68106/1,Adams,0,25940
Front Range Fire Rescue Fire Protection District,62030/1,Larimer,11.483,36729702
Front Range Fire Rescue Fire Protection District,62030/1,Weld,11.483,1052353540
Front Range Passenger Rail District,67661/1,Adams,0,0
Front Range Passenger Rail District,67661/1,Arapahoe,0,0
Front Range Passenger Rail District,67661/1,Boulder,0,0
Front Range Passenger Rail District,67661/1,Broomfield,0,1987394625
Front Range Passenger Rail District,67661/1,Denver,0,0
Front Range Passenger Rail District,67661/1,Douglas,0,0
Front Range Passenger Rail District,67661/1,El Paso,0,0
Front Range Passenger Rail District,67661/1,Huerfano,0,0
Front Range Passenger Rail District,67661/1,Jefferson,0,0
Front Range Passenger Rail District,67661/1,Larimer,0,0
Front Range Passenger Rail District,67661/1,Las Animas,0,0
Front Range Passenger Rail District,67661/1,Pueblo,0,0
Front Range Passenger Rail District,67661/1,Weld,0,0
Fronterra Village Metropolitan District,01088/1,Adams,27.489,30193840
Fronterra Village Metropolitan District No. 2,65104/1,Adams,33.055,16548110
Frontier Estates Metropolitan District,68195/1,Weld,64.623,307260
Fruita,39014/1,Mesa,10.146,211927440
Fruitdale Sanitation District,30031/1,Jefferson,1.761,182130069
Fruition Lochbuie Metropolitan District No. 1,68038/1,Weld,0,10
Fruition Lochbuie Metropolitan District No. 2,68039/1,Weld,0,10
Fruition Lochbuie Metropolitan District No. 3,68040/1,Weld,0,10
Fruition Lochbuie Metropolitan District No. 4,68041/1,Weld,0,10
Fruitland Mesa Water Conservancy District,64065/1,Delta,0,5615193
Fruitland Mesa Water Conservancy District,64065/1,Gunnison,0,76120
Fruitland Mesa Water Conservancy District,64065/1,Montrose,0,0
Ft. Collins Conservation District,64267/1,Weld,0,540904570
Future Legends Sports Park Business Improvement District,67307/1,Weld,58.433,8211200
Future Legends Sports Park Metropolitan District No. 1,67171/1,Weld,8.924,4490440
Future Legends Sports Park Metropolitan District No. 2,67172/1,Weld,58.615,7875070
GEOS Neighborhood Metropolitan District,65964/1,Jefferson,50.944,6941981
GP North Meadow Metropolitan District,68004/1,Grand,0,267700
GP South Meadow Metropolitan District,68005/1,Grand,0,197853
GSF Business Improvement District,67460/1,El Paso,0,534730
GSF Metropolitan District No. 1,67444/1,El Paso,0,612490
GSF Metropolitan District No. 2,67445/1,El Paso,0,612490
GVR Metropolitan District,16011/1,Denver,16.603,165575210
Galeton Fire Protection District,62017/1,Weld,4,426896430
Galeton Water & Sanitation District,62086/1,Weld,0,1825910
Galleria Metropolitan District,03108/1,Arapahoe,5,1569892
Galleria Metropolitan District - Bonds Only,03108/2,Arapahoe,0,14379753
Garden City,62018/1,Weld,5.793,14485990
Garden Valley Water & Sanitation District,21027/1,El Paso,24.574,5110550
Garden Valley Water & Sanitation District No. 2 - Debt Service (2008 Exclusion),21027/2,El Paso,0,0
Gardens at East Iliff Metropolitan District,66725/1,Arapahoe,80.088,3058237
Gardens at North Carefree Metropolitan District,67247/1,El Paso,61.005,1753770
Gardens on Havana Metropolitan District No. 1,66024/1,Arapahoe,0,331
Gardens on Havana Metropolitan District No. 2,66025/1,Arapahoe,26.174,4620834
Gardens on Havana Metropolitan District No. 3,66026/1,Arapahoe,44.324,656201
Gardner Public Improvement District,68029/1,Huerfano,0,0
Garfield 16 School District,23900/1,Garfield,19.576,496937210
Garfield County,23005/1,Garfield,13.655,2666875600
Garfield County Public Library District,65809/1,Garfield,2.504,2666875600
Garfield RE-2 School District,23901/1,Garfield,31.112,855602760
Gateway Metropolitan District,65151/1,Pitkin,28.716,9871490
Gateway Regional Metropolitan District,16029/1,Denver,15.4,256844550
Gateway Village General Improvement District,16024/1,Denver,10,39930410
Gateway at Prospect Metropolitan District No. 1,66937/1,Larimer,0,79238
Gateway at Prospect Metropolitan District No. 2,66938/1,Larimer,0,6202
Gateway at Prospect Metropolitan District No. 3,66939/1,Larimer,0,178
Gateway at Prospect Metropolitan District No. 4,66940/1,Larimer,0,178
Gateway at Prospect Metropolitan District No. 5,66941/1,Larimer,0,178
Gateway at Prospect Metropolitan District No. 6,66942/1,Larimer,0,178
Gateway at Prospect Metropolitan District No. 7,66943/1,Larimer,0,178
Gateway to Frederick Metropolitan District No. 1,66817/1,Weld,0,790
Gateway to Frederick Metropolitan District No. 2,66818/1,Weld,50.179,15885930
Gateway to Frederick Metropolitan District No. 3,66819/1,Weld,53.422,473530
Gateway to Frederick Metropolitan District No. 4,66820/1,Weld,0,850
Gateway to Frederick Metropolitan District No. 5,66821/1,Weld,0,250
Gateway to Frederick Metropolitan District No. 6,66822/1,Weld,0,210
Gateway-Unaweep Fire Protection District,65145/1,Mesa,9.25,12447060
General,01001/2,Adams,23.355,13407154911
General,02001/2,Alamosa,21.238,234186523
General,03001/2,Arapahoe,13.333,16458062704
General,04001/2,Archuleta,13.351,609310586
General,05001/2,Baca,27.312,120605894
General,06001/2,Bent,25.73,104072780
General,07003/2,Boulder,17.661,11631881772
General,64030/3,Broomfield,28.968,1987394625
General,08003/2,Chaffee,4.538,911879410
General,09002/2,Cheyenne,10.075,142933345
General,10003/2,Clear Creek,26.036,379051820
General,11004/2,Conejos,15.469,107842465
General,12003/2,Costilla,15.532,174398793
General,13001/2,Crowley,26.831,64266000
General,14001/2,Custer,9,177560485
General,15006/2,Delta,11.34,508452947
General,16002/3,Denver,9.628,25445395933
General,17002/2,Dolores,16.963,99324611
General,18008/2,Douglas,14.008,10398496367
General,19011/2,Eagle,4.652,5338527000
General,21019/2,El Paso,6.857,13763880770
General,20001/2,Elbert,17.02,708350720
General,22013/2,Fremont,7.571,721445106
General,23005/2,Garfield,11.716,2666875600
General,24005/2,Gilpin,7.452,552342708
General,25009/2,Grand,12.001,1532110628
General,26006/2,Gunnison,12.316,1180953670
General,27001/2,Hinsdale,12.733,73391300
General,28002/2,Huerfano,17.246,183557235
General,29001/2,Jackson,12.904,99007417
General,30047/2,Jefferson,14.576,13944580797
General,31004/2,Kiowa,31.568,42768801
General,32011/2,Kit Carson,26.5,261155715
General,34017/2,La Plata,7.204,2228111660
General,33001/2,Lake,30.181,357183687
General,35015/2,Larimer,19.28,9180256613
General,36006/2,Las Animas,5.822,440474937
General,37008/2,Lincoln,27.5,186948968
General,38008/2,Logan,19.888,412627526
General,39023/2,Mesa,8.313,3011181665
General,40002/2,Mineral,21.577,67826608
General,41007/2,Moffat,19.598,429266702
General,42017/2,Montezuma,10.588,702243750
General,43001/2,Montrose,17.455,960438048
General,44010/2,Morgan,19.736,768599180
General,45012/2,Otero,11.207,193315545
General,46005/2,Ouray,9.101,324186540
General,47012/2,Park,13.215,855946449
General,48007/2,Phillips,22.45,106444640
General,49010/2,Pitkin,1.836,5544208430
General,50014/2,Prowers,21.354,161138253
General,51010/2,Pueblo,24.246,2514876547
General,52016/2,Rio Blanco,3.25,722138230
General,53006/2,Rio Grande,10.717,272966692
General,54012/2,Routt,8.571,2242144980
General,55007/2,Saguache,18.87,140311423
General,56001/2,San Juan,18.36,86600215
General,57010/2,San Miguel,5.406,1553350990
General,58009/2,Sedgwick,20.275,68930220
General,59021/2,Summit,6.166,3562515215
General,60010/2,Teller,13.345,911639192
General,61008/2,Washington,22.75,189946890
General,62056/2,Weld,9.488,19722748799
General,63012/2,Yuma,16.685,332356940
General Improvement District 1-2007 (Cherry Creek Racquet Club),66028/1,Arapahoe,17.105,3546155
General Improvement District 1-2008 (Peoria Park),66162/1,Arapahoe,4.855,8653534
General Improvement District 3-2008 (Meadow Hills Country Club),66163/1,Arapahoe,30.49,1666591
Genesee Fire Protection District,30032/1,Jefferson,17.313,105420347
Genesee Water & Sanitation District,30033/1,Jefferson,7.524,111208341
Genoa,37004/1,Lincoln,19.806,1418193
Genoa Cemetery District,37003/1,Lincoln,0.168,33639036
Genoa Fire Protection District,67770/1,Lincoln,3.5,25851567
Genoa-Hugo C113 School District,37901/1,Lincoln,24.282,72134683
Georgetown,10007/1,Clear Creek,9.397,36715020
Gilcrest,62020/1,Weld,28.586,10947360
Gilcrest RE-1 School District,62905/1,Weld,15.382,1723526329
Gilpin County,24005/1,Gilpin,10.173,552342708
Gilpin County RE-1 School District,24901/1,Gilpin,9.437,469503478
Glacier View Fire Protection District,35062/1,Larimer,11.65,38464205
Glade Park Fire Protection District,68258/1,Mesa,0,0
Glen Metropolitan District No. 1,65249/1,El Paso,60.865,12702730
Glen Metropolitan District No. 2,65250/1,El Paso,60.863,12841390
Glen Metropolitan District No. 3,65251/1,El Paso,59.53,7142070
Glendale,03043/1,Arapahoe,18.67,208149247
Glendale Downtown Development Authority,66634/1,Arapahoe,0,2788314
Glendale Urban Renewal Authority,65269/1,Arapahoe,0,41138962
Glendale Urban Renewal Authority - Cherry Creek Corporate Center Urban Renewal Area,65269/3,Arapahoe,0,8229494
Glendale Urban Renewal Authority - Cityset Urban Renewal Area,65269/2,Arapahoe,0,7075086
Glenwood Meadows Metropolitan District No. 1,65219/1,Garfield,0,1280
Glenwood Meadows Metropolitan District No. 2,65220/1,Garfield,5,6535990
Glenwood Meadows Metropolitan District No. 2 - Bond Exclusion,65220/2,Garfield,0,0
Glenwood Meadows Metropolitan District No. 3,65221/1,Garfield,5,6361560
Glenwood Meadows Metropolitan District No. 3 (Exclusion),65221/2,Garfield,0,0
Glenwood Sprgs Rural Fire Debt Only,23007/2,Garfield,0,0
Glenwood Springs,23008/1,Garfield,8.625,360494150
Glenwood Springs Downtown Development Plan Area A,23039/2,Garfield,0,0
Glenwood Springs Downtown Development Plan Area B,23039/3,Garfield,0,0
Glenwood Springs Downtown Development Plan Area C,23039/4,Garfield,0,0
Glenwood Springs General Improvement District No. 1,23006/1,Garfield,1.82,30337810
Glenwood Springs Rural Fire,23007/1,Garfield,12.422,130035070
Glenwood Springs Urban Renewal Authority,67143/1,Garfield,0,0
Godding Hollow Metropolitan District,66175/1,Weld,18,7488990
Gold Hill Fire Protection District,07012/1,Boulder,13,9902367
Gold Hill Mesa Metropolitan District #1,65382/1,El Paso,0,320
Gold Hill Mesa Metropolitan District #2,65383/1,El Paso,50.944,341580
Gold Hill Mesa Metropolitan District No. 3,65742/1,El Paso,0,0
Gold Hill North Business Improvement District,67534/1,El Paso,64.443,5940
Gold Hill North Metropolitan District No. 1,67528/1,El Paso,66.364,79040
Gold Hill North Metropolitan District No. 2,67529/1,El Paso,10.74,35740
Golden,30035/1,Jefferson,18.34,781655943
Golden Downtown Development Authority,66614/1,Jefferson,5,63098473
Golden Downtown Improvement District,30034/1,Jefferson,1.654,29231416
Golden Eagle Acres Metropolitan District No. 1,66807/1,Weld,0,28960
Golden Eagle Acres Metropolitan District No. 2,66808/1,Weld,62.644,3578480
Golden Eagle Acres Metropolitan District No. 3,66809/1,Weld,50.176,6504040
Golden Gate Fire Protection District,30115/1,Jefferson,9.01,30528018
Golden Overlook Metropolitan District,66570/1,Jefferson,70.151,2857519
Golden Urban Renewal Authority,30118/1,Jefferson,0,0
Golden Urban Renewal Authority - Central Neighborhoods Urban Renewal Plan,30118/3,Jefferson,0,0
Golden Urban Renewal Authority - Golden Urban Renewal Plan,30118/2,Jefferson,0,0
Golden Urban Renewal Authority - Parfet/Briarwood Urban Renewal Plan,30118/4,Jefferson,0,0
Golden Urban Renewal Authority - West Colfax Urban Renewal Plan,30118/5,Jefferson,0,0
Goldsmith Gulch Sanitation District,03159/1,Arapahoe,1.551,285497794
Goldsmith Metropolitan District,64067/1,Arapahoe,7.767,240528150
Goldsmith Metropolitan District,64067/1,Denver,7.767,307683500
Goldsmith Metropolitan District - Bond,64067/2,Arapahoe,0,63246872
Goldsmith Metropolitan District - Bond,64067/2,Denver,0,57774420
Goldsmith Metropolitan District Block K Subarea,64067/3,Arapahoe,0,0
Goldsmith Metropolitan District Block K Subarea,67055/1,Arapahoe,38,10066103
Goldsmith Metropolitan District Block K Subarea,67055/1,Denver,0,0
Goodman Metropolitan District,03129/1,Arapahoe,19.25,77564125
Granada,50007/1,Prowers,7.938,1441878
Granada RE-1 School District,50900/1,Prowers,27.061,18185295
Granary Metropolitan District No. 1,67573/1,Weld,0,40
Granary Metropolitan District No. 2,67574/1,Weld,44.608,2965830
Granary Metropolitan District No. 3,67575/1,Weld,0,197400
Granary Metropolitan District No. 4,67576/1,Weld,0,184700
Granary Metropolitan District No. 5,67577/1,Weld,42.963,410
Granary Metropolitan District No. 6,67578/1,Weld,0,500
Granary Metropolitan District No. 7,67579/1,Weld,0,750
Granary Metropolitan District No. 8,67580/1,Weld,0,1170
Granary Metropolitan District No. 9,67581/1,Weld,9.391,3557590
Granby,25008/1,Grand,7.229,142306983
Granby Ranch Metropolitan District,65194/1,Grand,16,36444143
Granby Ranch Metropolitan District - Bond,65194/2,Grand,3,41316369
Granby Ranch Metropolitan District No. 2,65935/1,Grand,73.23,2704902
Granby Ranch Metropolitan District No. 3,65936/1,Grand,0,991320
Granby Ranch Metropolitan District No. 4,65937/1,Grand,0,16180
Granby Ranch Metropolitan District No. 5,65938/1,Grand,0,16180
Granby Ranch Metropolitan District No. 6,65939/1,Grand,0,16180
Granby Ranch Metropolitan District No. 7,65940/1,Grand,0,16180
Granby Ranch Metropolitan District No. 8,65941/1,Grand,0,1165060
Granby Sanitation District,25007/1,Grand,0,49756540
"Granby West General Improvement District, Town of Granby, Colorado",65643/1,Grand,0,65100
Granby West Metropolitan District No. 2,65513/1,Grand,0,0
Granby West Metropolitan District No. 3,66387/1,Grand,0,0
Granby West Metropolitan District No. 4,66388/1,Grand,0,0
Granby West Metropolitan District No. 5,66389/1,Grand,0,0
Granby West Metropolitan District No. 6,66390/1,Grand,0,0
Granby West Metropolitan District No. 7,66391/1,Grand,0,9239540
Grand Ave Metropolitan District,67706/1,Arapahoe,73.379,821052
Grand County,25009/1,Grand,16.876,1532110628
Grand County Library District,25032/1,Grand,3.368,1532110628
Grand County Water & Sanitation District No. 1,25010/1,Grand,2.282,185335266
"Grand Elk Ranch GID, Town of Granby, CO",25038/1,Grand,9.719,25723720
"Grand Elk Ranch General Improvement District, Town of Granby, CO - Bond",25038/2,Grand,46.08,25723720
"Grand Elk Ranch No. 2 General Improvement District, Town of Granby, Colorado",65658/1,Grand,10,140990
Grand Fire Protection District No. 1,25011/1,Grand,10.885,335768096
Grand Fire Protection District No. 1 - Bond,25011/2,Grand,0,0
Grand Junction,39020/1,Mesa,8,1607689250
Grand Junction Downtown Development Authority,39016/1,Mesa,5,69298675
Grand Junction Rural FPD-Redlands Subdistrict,39018/2,Mesa,0,0
Grand Junction Rural Fire Prot,39018/1,Mesa,9.668,351260220
Grand Lake,25014/1,Grand,9.409,84997640
Grand Lake Fire Protection District,25012/1,Grand,13,273756560
Grand Lake Fire Protection District - Bond,25012/2,Grand,0,0
Grand Lake Metropolitan Recreation District,25013/1,Grand,1.887,352429940
Grand Lake Metropolitan Recreation District-Bond,25013/2,Grand,0,0
Grand Meadow Metropolitan District,67645/1,Weld,3.046,462469
Grand Mesa Metropolitan District #1,39047/1,Mesa,0,0
Grand Mesa Metropolitan District #2,39048/1,Mesa,50.367,4973690
Grand Mesa Water Conservancy District,15017/1,Delta,0.503,134429605
Grand River Hospital District,64068/1,Garfield,14.392,1347944740
Grand River Hospital District,64068/1,Mesa,14.392,10404280
Grand River Mosquito Control District,39045/1,Mesa,1.182,2645235085
Grand Valley Cemetery District,23009/1,Garfield,0.014,490248190
Grand Valley Drainage District,39017/1,Mesa,1.671,1827828585
Grand Valley Fire Protection District,23010/1,Garfield,6.233,506080020
Grand Valley Fire Protection District,23010/1,Mesa,6.233,523750
Grandview Estates Rural Water Conservation District,65674/1,Douglas,1.29,13930340
Grandview Metropolitan District,68121/1,Weld,0,828
Grandview Reserve Metropolitan District No. 1,67503/1,El Paso,0,5340
Grandview Reserve Metropolitan District No. 2,67504/1,El Paso,0,2880
Grandview Reserve Metropolitan District No. 3,67505/1,El Paso,53.703,213720
Grandview Reserve Metropolitan District No. 4,67506/1,El Paso,0,2200
Grant Water & San,64062/1,Denver,0,59547100
Grant Water & San,64062/1,Jefferson,0,133179797
Grant Water & San Bond Indebt,64062/2,Denver,0,148060
Grant Water & San Bond Indebt,64062/2,Jefferson,0,0
Great Northern Water Conservancy District,64069/1,Moffat,0,0
Great Northern Water Conservancy District,64069/1,Routt,0,4364050
Great Western Metropolitan District No. 1,65922/1,Weld,0,1490
Great Western Metropolitan District No. 10,67690/1,Weld,40.963,39330
Great Western Metropolitan District No. 11,67691/1,Weld,41.883,31480
Great Western Metropolitan District No. 2,65923/1,Weld,35.2,3069060
Great Western Metropolitan District No. 3,65924/1,Weld,35.522,79920
Great Western Metropolitan District No. 4,65925/1,Weld,26.416,9788840
Great Western Metropolitan District No. 5,65926/1,Weld,37.562,38193000
Great Western Metropolitan District No. 6,65927/1,Weld,21.481,36107950
Great Western Metropolitan District No. 7,66037/1,Weld,11.814,6221180
Great Western Metropolitan District No. 8,67688/1,Weld,47.901,50570
Great Western Metropolitan District No. 9,67689/1,Weld,41.888,44290
Great Western Park Metropolitan District No. 1,66088/1,Broomfield,0,620
Great Western Park Metropolitan District No. 2,66089/1,Broomfield,29.4,25348170
Great Western Park Metropolitan District No. 3,65008/1,Broomfield,57.475,1875670
Greater Brighton Fire Protection District,64028/1,Adams,17.504,1652261606
Greater Brighton Fire Protection District,64028/1,Weld,17.504,275047361
Greater Brighton Fire Protection District - IGA,64028/3,Adams,0,0
Greater Downtown Colorado Springs Business Improvement District,65015/1,El Paso,5,137937670
Greater Eagle Fire Protection District,19018/1,Eagle,10.251,429306850
Greatrock North Water and Sanitation District,01072/1,Adams,50.081,29925180
Greeley,62022/1,Weld,11.274,2368849872
Greeley 6 School District,62910/1,Weld,47.615,2650810116
Greeley Downtown Development Authority,65675/1,Weld,5,45383877
Greeley Urban Renewal Authority - 10th Street Plan Area,62062/2,Weld,0,21076359
Greeley Urban Renewal Authority - East 8th Street Corridor Plan Area,62062/5,Weld,0,14357344
Greeley Urban Renewal Authority - Great Western Sugar Plan Area,62062/4,Weld,0,4458803
Greeley Urban Renewal Authority - Greeley Mall Plan Area,62062/3,Weld,0,9793149
Green Gables Metropolitan District No. 1,66393/1,Jefferson,54.435,17856243
Green Gables Metropolitan District No. 2,66394/1,Jefferson,75.831,16021312
Green Mountain Falls,64070/1,El Paso,17.588,14685120
Green Mountain Falls,64070/1,Teller,17.588,827820
Green Mountain Falls-Chipita Park Fire Protection District,64071/1,El Paso,13.919,35960270
Green Mountain Falls-Chipita Park Fire Protection District,64071/1,Teller,13.919,1782170
Green Mountain Water & Sanitation District,30037/1,Jefferson,0,765389661
Green Tree Metropolitan District No. 1,65841/1,Jefferson,40,614
Green Tree Metropolitan District No. 2,65842/1,Jefferson,40,23966
Green Valley Aurora Metropolitan District No. 1,65320/1,Adams,0,40
Green Valley Ranch E. Metro. Dist. #6,65321/1,Adams,62.31,38456660
Green Valley Ranch E. Metro. Dist. #7,65322/1,Adams,44.87,8985250
Green Valley Ranch E. Metro. Dist. #8,65323/1,Adams,41.125,29478650
Green Valley Ranch East Metropolitan District No. 10,67740/1,Adams,0,20
Green Valley Ranch East Metropolitan District No. 11,67741/1,Adams,0,20
Green Valley Ranch East Metropolitan District No. 12,67742/1,Adams,0,10
Green Valley Ranch East Metropolitan District No. 13,67743/1,Adams,0,10
Green Valley Ranch East Metropolitan District No. 14,67744/1,Adams,0,3910
Green Valley Ranch East Metropolitan District No. 9,67739/1,Adams,54.073,7280
Greens Metropolitan District,65129/1,Weld,61.456,5203591
Greenspire Metropolitan District No. 1,65126/1,Weld,81.216,908010
Greenspire Metropolitan District No. 2,65127/1,Weld,45.236,10809330
Greenspire Metropolitan District No. 3,65128/1,Weld,44.248,5674990
Greenways Metropolitan District No. 1,67378/1,El Paso,64.443,15730
Greenways Metropolitan District No. 2,67379/1,El Paso,50.669,4193000
Greenways Metropolitan District No. 3,67380/1,El Paso,50.158,12603400
Greenwood Athletic Club Metro. District,65222/1,Arapahoe,0,23066
Greenwood Consolidated Metropolitan District,67359/1,Arapahoe,5,91549690
Greenwood Metropolitan District,64200/1,Arapahoe,0,0
Greenwood Metropolitan District,64200/1,Denver,0,7738570
Greenwood Metropolitan District - Bonds,64200/2,Arapahoe,0,1746874
Greenwood North Metropolitan District,03046/1,Arapahoe,7.05,54618677
Greenwood South Metropolitan District,03048/1,Arapahoe,0.01,359447883
Greenwood South Metropolitan District - Debt Only,03048/2,Arapahoe,0,22061952
Greenwood South Metropolitan District - Village Center Outer Ring Subdistrict,03048/3,Arapahoe,0,0
Greenwood Village,03051/1,Arapahoe,2.932,1437407477
Groundwater Management Subdistrict of the Southern Colorado Water Conservancy District,68150/1,Alamosa,0,0
Groundwater Management Subdistrict of the Southern Colorado Water Conservancy District,68150/1,Rio Grande,0,0
Groundwater Management Subdistrict of the Southern Colorado Water Conservancy District,68150/1,Saguache,0,0
Groundwater Management Subdistrict of the Trinchera Water Conservancy District,66169/1,Costilla,1.505,14829710
Grove Metropolitan District No. 1,65635/1,Larimer,0,38
Grove Metropolitan District No. 2,65636/1,Larimer,0,474079
Grove Metropolitan District No. 3,65637/1,Larimer,0,6976
Grover,62023/1,Weld,13.177,1330020
Gunbarrel Estates Metropolitan Recreation and Park District,07013/1,Boulder,5.091,18641945
Gunnison,26008/1,Gunnison,3.868,148644120
Gunnison Cemetery District No. 1,26005/1,Gunnison,0.767,363690280
Gunnison County,26006/1,Gunnison,13.759,1180953670
Gunnison County Fire Protection District,64072/1,Gunnison,4.514,240707040
Gunnison County Fire Protection District,64072/1,Saguache,4.514,6806854
Gunnison County Library District,66158/1,Gunnison,2.126,1180953670
Gunnison County Metro Rec Dist-Crested Butte Subdist,64073/3,Gunnison,0,0
Gunnison County Metropolitan Recreation District,64073/1,Gunnison,1,1096288030
Gunnison County Metropolitan Recreation District,64073/1,Saguache,0.857,2647564
Gunnison RE1J School District,64927/1,Gunnison,26.677,1208149350
Gunnison RE1J School District,64927/1,Saguache,26.677,7429910
Gunnison Rising Metropolitan District No. 1,66668/1,Gunnison,0,250
Gunnison Rising Metropolitan District No. 2,66669/1,Gunnison,48.333,5698510
Gunnison Rising Metropolitan District No. 3,66670/1,Gunnison,48.333,13350
Gunnison Rising Metropolitan District No. 4,66671/1,Gunnison,48.333,10590
Gunnison Rising Metropolitan District No. 5,66672/1,Gunnison,0,0
Gunnison Rising Metropolitan District No. 6,66673/1,Gunnison,0,0
Gunnison Rising Metropolitan District No. 7,66674/1,Gunnison,0,0
Gunnison Valley Regional Housing Authority,66377/1,Gunnison,0,1201578640
Gypsum,19020/1,Eagle,5.094,319460140
Gypsum Fire Protection District,64226/1,Eagle,11.264,305587950
Gypsum Fire Protection District,64226/1,Garfield,11.264,4864960
Gypsum Fire Protection District,64226/2,Garfield,0,0
HM Metropolitan District No. 1,67177/1,Adams,5,10100
HM Metropolitan District No. 2,67178/1,Adams,42.592,24264390
HM Metropolitan District No. 3,67179/1,Adams,0.511,121120
HM Metropolitan District No. 4,67180/1,Adams,5,3980
HM Metropolitan District No. 5,67181/1,Adams,0,10
HM Metropolitan District No. 6,67182/1,Adams,0,10
HM Metropolitan District No. 7,67183/1,Adams,0,10
HM Metropolitan District No. 8,67184/1,Adams,0,10
HM Metropolitan District No. 9,67185/1,Adams,0,48750
Hamilton Creek Metropolitan District,59030/1,Summit,40,18562840
Hammond Farm Metropolitan District No. 1,66698/1,Larimer,0,135
Hammond Farm Metropolitan District No. 2,66699/1,Larimer,82.652,9842121
Hammond Farm Metropolitan District No. 3,66700/1,Larimer,69.814,16035
Hammond Farm Metropolitan District No. 4,66701/1,Larimer,74.948,2964847
Hance Ranch Metropolitan District,67207/1,Jefferson,96.12,1949577
Hancock Metropolitan District No. 1,67716/1,El Paso,66.856,194830
Hancock Metropolitan District No. 2,67717/1,El Paso,66.856,33050
Hanover 28 School District,21910/1,El Paso,31.157,57946900
Hanover Fire Protection District,21087/1,El Paso,14.77,76172230
Hanover Fire Protection District,21087/1,Pueblo,14.56,2391760
Harmony I-25 Metropolitan District No. 1,66748/1,Larimer,0,1367394
Harmony I-25 Metropolitan District No. 2,66749/1,Larimer,0,365910
Harmony I-25 Metropolitan District No. 3,66750/1,Larimer,0,16638
Harmony Technology Park Metropolitan District,66233/1,Larimer,15.597,41511209
Harris Park Metropolitan District,47006/1,Park,11.819,13322482
Harrison 2 School District,21901/1,El Paso,39.989,1222628020
Harrison Oaks Metropolitan District,66842/1,Arapahoe,6,3735902
Hartman,50008/1,Prowers,15.541,106574
Hartsel Fire Protection District,47007/1,Park,11.449,139928137
Harvest Crossing Metropolitan District No. 1,67632/1,Arapahoe,0,30
Harvest Crossing Metropolitan District No. 2,67633/1,Arapahoe,0,30
Harvest Crossing Metropolitan District No. 3,65786/1,Arapahoe,74.953,4561470
Harvest Crossing Metropolitan District No. 4,65787/1,Arapahoe,74.953,991
Harvest Junction Metropolitan District,65471/1,Boulder,20.3,41560053
Harvest Metropolitan District No. 1,66081/1,Adams,0,316590
Harvest Metropolitan District No. 2,66082/1,Adams,0,316590
Harvest Mile Metropolitan District,67790/1,Adams,0,15620
Harvest Moon Business Improvement District,68239/1,Boulder,0,0
Haskins Station Metropolitan District,67122/1,Jefferson,73.875,5375766
Hasty-McClave Fire Protection District,06004/1,Bent,5.5,19922030
Haswell,31003/1,Kiowa,8.324,456714
Havana Business Improvement District,65849/1,Arapahoe,4.5,156117210
Havana Water & Sanitation District,03052/1,Arapahoe,4.131,188576186
Haven Valley Metropolitan District,68214/1,El Paso,0,0
Hawkview Metropolitan District,68111/1,Douglas,64.068,2314800
Hawthorn Metropolitan District,66382/1,Jefferson,70,12612990
Hawthorn Metropolitan District No. 1,66381/1,Jefferson,0,0
Haxtun,48004/1,Phillips,20.111,10222830
Haxtun Conservation District,64241/1,Logan,0.5,8863456
Haxtun Conservation District,64241/1,Phillips,0.5,64448900
Haxtun Conservation District,64241/1,Yuma,0.5,60700
Haxtun Fire Protection District,64074/1,Logan,3.404,12529715
Haxtun Fire Protection District,64074/1,Phillips,3.404,15886010
Haxtun Fire Protection District,64074/1,Sedgwick,3.404,544930
Haxtun Fire Protection District,64074/1,Yuma,3.404,2148340
Haxtun Hospital District,48002/1,Phillips,6.923,29688150
Haxtun RE-2J School District,64944/1,Logan,47.991,5601243
Haxtun RE-2J School District,64944/1,Phillips,47.994,30766990
Haxtun RE-2J School District,64944/1,Sedgwick,47.991,822260
Haxtun RE-2J School District,64944/1,Yuma,47.994,1455860
Hayden,54005/1,Routt,40.556,53367860
Hayden Cemetery District,54004/1,Routt,0.371,169433990
Hayden RE-1 School District,54900/1,Routt,42.297,175286900
Haymeadow Metropolitan District No. 1,66530/1,Eagle,77.36,2416250
Haymeadow Metropolitan District No. 2,66531/1,Eagle,65,32690
Haymeadow Metropolitan District No. 3,66532/1,Eagle,65,23700
Haymeadow Metropolitan District No. 4,66533/1,Eagle,65,21600
Haymeadow Metropolitan District No. 5,66534/1,Eagle,65,92200
Haymeadow Metropolitan District No. 6,66535/1,Eagle,0,120
Hazeltine Heights Water & Sanitation District,01010/1,Adams,4.5,2726220
Headwaters Metropolitan District,65193/1,Grand,0,92940
Health & Human Services,07003/13,Boulder,0.5,11631881772
Health Services District of Northern Larimer County,35036/1,Larimer,2.183,5250520031
Heather Gardens Metropolitan District,03024/1,Arapahoe,12.178,48039427
Heather Ridge Metropolitan District No. 1,65782/1,Arapahoe,27.97,27158758
Heeney Water District,66221/1,Summit,6.96,3205170
Heritage Greens Metropolitan District,03053/1,Arapahoe,9.734,55860800
Heritage Hills Metro,18105/1,Douglas,33.097,65750310
Heritage Hills Metro Bond Debt Svc,18105/2,Douglas,0,0
Heritage Resource Metropolitan District,66254/1,Jefferson,0,285
Heritage Ridge Metropolitan District,66623/1,Larimer,78.28,16478442
Heritage Special Improvement Maintenance District,21092/1,El Paso,2.94,21895480
Heritage Todd Creek Metropolitan District,65092/1,Adams,48.424,60687930
Hermosa Cliff Fire Protection District,64160/1,San Juan,0,0
Hermosa Sanitation District,34012/1,La Plata,0,83653930
Hess Ranch Metropolitan District No. 4,66689/1,Douglas,86.845,28178310
Hess Ranch Metropolitan District No. 5,66690/1,Douglas,82.702,21021400
Hess Ranch Metropolitan District No. 6,66691/1,Douglas,82.702,2344010
Hess Ranch Metropolitan District No. 7,66692/1,Douglas,82.702,15306350
Hess Ranch Metropolitan District No. 8,66693/1,Douglas,50,851420
Hi-Land Acres Water & Sanitation District,01011/1,Adams,2.852,5651710
Hi-Land Acres Water & Sanitation District - Bond,01011/2,Adams,0,0
Hi-Lin Water & Sanitation District,03054/1,Arapahoe,2.322,12938466
Hi-Plains R-23 School District,32901/1,Kit Carson,32.727,42223020
Hidden Creek Metropolitan District,66626/1,Weld,60.014,10925340
Hidden Pointe Metropolitan District,18102/1,Douglas,3.5,17469850
Hidden Valley Farm Metropolitan District No. 1,66458/1,Weld,0,10
Hidden Valley Farm Metropolitan District No. 2,66459/1,Weld,76.276,8901190
Hidden Valley Farm Metropolitan District No. 3,66460/1,Weld,0,10
Hidden Valley Farm Metropolitan District No. 4,66461/1,Weld,74.102,17169330
Hidden Valley Water District,66867/1,Jefferson,73.455,3252615
High Desert Conservation District,42007/1,Montezuma,0,0
High Plains Conservation District,37005/1,Lincoln,0,88183727
High Plains Estates Metropolitan District,67950/1,Weld,0,27130
High Plains Library District,62079/1,Boulder,3.044,264184885
High Plains Library District,62079/1,Weld,3.044,17117672544
High Plains Metropolitan District No. 1,66029/1,Larimer,0,11664
High Plains Metropolitan District No. 1,66029/1,Weld,0,2410
High Plains Ranch Metropolitan District,65784/1,El Paso,9.797,160080
High Plains Water & San. Metro. Dist.,65437/1,Adams,0,0
High Point Metropolitan District,65297/1,Adams,51.981,5142260
High Prairie Farms Metro,18083/1,Douglas,12,82272470
High View Water District,30038/1,Jefferson,0.115,90786430
HighPointe Park Metropolitan District,65737/1,Adams,74.1,9874940
Highfield Metropolitan District,65900/1,Douglas,14,56139320
Highland Estates Metropolitan District,65876/1,Weld,64.25,1218500
Highland Lakes Water District,60004/1,Teller,5.814,13237320
Highland Park Metropolitan District,03092/1,Arapahoe,9.31,52310291
Highland Park Sanitation District,38021/1,Logan,0,4480135
Highland Rescue Team Ambulance District,65405/1,Jefferson,3.5,249725823
Highlands Metropolitan District No. 1,66033/1,Broomfield,52.333,77320
Highlands Metropolitan District No. 1,66286/1,Weld,50.664,10
Highlands Metropolitan District No. 2,66034/1,Broomfield,43.9,106707
Highlands Metropolitan District No. 2,66287/1,Weld,1.25,10
Highlands Metropolitan District No. 3,66786/1,Broomfield,69.541,89176
Highlands Metropolitan District No. 3,66288/1,Weld,1.25,10
Highlands Metropolitan District No. 3 - Exclusion,66786/2,Broomfield,0,8325
Highlands Metropolitan District No. 4,66289/1,Weld,1.25,10
Highlands Metropolitan District No. 5,66290/1,Weld,1.25,10
Highlands Ranch Metropolitan District,65783/1,Douglas,12.25,2184750370
Highlands-Mead Metropolitan District,67162/1,Weld,58.006,6711230
Highline Business Improvement District,03144/1,Arapahoe,0,20134465
Highline Crossing Metropolitan District,66696/1,Arapahoe,65.947,3259683
Highline Glen Metropolitan District,03142/1,Arapahoe,0,0
Highpointe Vista Metropolitan District No. 2,65483/1,Larimer,40.255,21628180
Highway 42 Revitalization Area URP (City of Louisville),65856/2,Boulder,0,55184921
Hillcrest Water & Sanitation District,03055/1,Arapahoe,0,33568244
Hillrose,44007/1,Morgan,13.339,2242110
Hillrose Rural Fire Protection District,64076/1,Morgan,7.719,28660920
Hillrose Rural Fire Protection District,64076/1,Washington,7.719,3560188
Hills at Cherry Creek Metro. District,65242/1,Arapahoe,8.49,27578139
Hillside at Castle Rock Metropolitan District,66742/1,Douglas,76.416,2393980
Hilltop Metropolitan District,66853/1,Douglas,75.882,1437600
Hilltop at DIA Metropolitan District No. 1,66843/1,Adams,0,94870
Hilltop at DIA Metropolitan District No. 2,66844/1,Adams,0,2480
Hilltop at DIA Metropolitan District No. 3,66845/1,Adams,0,6090
Himalaya Water & Sanitation District,01012/1,Adams,0,0
Hinsdale - I.O.O.F. Cemetery District,27003/1,Hinsdale,0.264,60738290
Hinsdale County,27001/1,Hinsdale,14.849,73391300
Hinsdale County RE 1 School District,27900/1,Hinsdale,23.453,73140460
Hinsdale County Regional Library District,27002/1,Hinsdale,1.75,60710450
Historic Loveland Business Improvement District,35084/1,Larimer,5,41531607
Hoehne Fire Protection District,65217/1,Las Animas,4,50126251
Hoehne Reorganized 3 School District,36902/1,Las Animas,31.501,58118047
Hogback Metropolitan District,67530/1,Jefferson,64.516,10648365
Holland Creek Metropolitan District,19073/1,Eagle,45,59980
Holland Hills Metropolitan District,49035/1,Pitkin,17.206,6287540
Holland Hills Metropolitan District - Bond Subdistrict,49035/2,Pitkin,0,0
Holly,50011/1,Prowers,20.933,3307860
Holly Fire & Ambulance District,50009/1,Prowers,2.289,24112788
"Holly Flood Control, Drainage & Sanitation District",50010/1,Prowers,3,3981959
Holly Hills Water & Sanitation District,64077/1,Arapahoe,2.716,36525052
Holly Hills Water & Sanitation District,64077/1,Denver,2.716,38550980
Holly RE-3 School District,50902/1,Prowers,35.501,30045918
Holyoke,48005/1,Phillips,21.814,22371290
Holyoke Fire Protection District,64078/1,Phillips,3.5,57771810
Holyoke Fire Protection District,64078/1,Sedgwick,5.5,1214670
Holyoke RE-1J School District,64943/1,Phillips,30.024,79151400
Holyoke RE-1J School District,64943/1,Sedgwick,30.024,189650
Holyoke RE-1J School District,64943/1,Yuma,30.024,6723400
Home Place Metropolitan District,66899/1,Adams,74.802,9093290
Home Rule Charter,34017/5,La Plata,0,0
HomeTown Metropolitan District No. 2,65982/1,Jefferson,34.008,3122514
Homestead Hills Metropolitan District,66948/1,Adams,115.487,3412230
Homestead Metropolitan District,65800/1,Weld,58.753,268590
Homestead Public Improvement District of Boulder County,68083/1,Boulder,23.61,5207823
Homestead Ranch Metropolitan District No. 1,67164/1,Weld,0,20
Homestead Ranch Metropolitan District No. 2,67165/1,Weld,79.831,85420
Homestead Ranch Metropolitan District No. 3,67166/1,Weld,75.566,1414560
Homestead Ranch Metropolitan District No. 4,67167/1,Weld,75.807,436690
Hooper,02005/1,Alamosa,9.9,888519
Hoover Hill Water & Sanitation District,07015/1,Boulder,5.047,23856300
Horizon Drive Association Business Improvement District,65371/1,Mesa,4.207,55801890
Horizon Metropolitan District No. 1,65595/1,Arapahoe,0,51
Horizon Metropolitan District No. 10,65604/1,Arapahoe,0,51
Horizon Metropolitan District No. 2,65596/1,Arapahoe,74.996,27851
Horizon Metropolitan District No. 3,65597/1,Arapahoe,53.762,8434
Horizon Metropolitan District No. 4,65598/1,Arapahoe,53.762,2653
Horizon Metropolitan District No. 5,65599/1,Arapahoe,16.514,3016
Horizon Metropolitan District No. 6,65600/1,Arapahoe,0,51
Horizon Metropolitan District No. 7,65601/1,Arapahoe,0,51
Horizon Metropolitan District No. 8,65602/1,Arapahoe,0,51
Horizon Metropolitan District No. 9,65603/1,Arapahoe,0,51
Horse Creek Metropolitan District,65178/1,Adams,12.891,8861820
Horse Creek Metropolitan District,65289/1,Douglas,14.5,19994030
Horse Creek Metropolitan District Crestwood Estates Subdistrict,67996/1,Adams,0,217360
Horse Creek Metropolitan District Subdistrict,66998/1,Adams,49.743,872610
Horse Mountain Ranch Metropolitan District,19056/1,Eagle,17.609,5147770
Horseshoe Ridge Metro. District #2,65502/1,Douglas,40.352,15197020
Horseshoe Ridge Metro. District #3,65503/1,Douglas,33.298,1278510
Hot Sulphur Springs,25015/1,Grand,11.95,15099393
Hot Sulphur Springs-Parshall Fire Protection District,25016/1,Grand,9.753,51881211
Hotchkiss,15020/1,Delta,8.723,14094759
Hotchkiss Cemetery District,15018/1,Delta,0.988,56533942
Hudson,62029/1,Weld,30.343,135092250
Hudson Fire Protection District,62027/1,Weld,12.237,1095519760
Hudson Hills Metropolitan District,65238/1,Weld,61.587,2152060
Huerfano County,28002/1,Huerfano,20.746,183557235
Huerfano County Fire Protection District,28017/1,Huerfano,5,115483834
Huerfano County Hospital,28003/1,Huerfano,7,183557235
Huerfano County Water Conservancy District,28004/1,Huerfano,2.128,183299516
Huerfano Parks and Recreation District,65065/1,Huerfano,0,0
Huerfano RE-1 School District,28900/1,Huerfano,34.463,143059743
Hugo,37006/1,Lincoln,29.044,6321102
Hugo Fire Protection District,66974/1,Lincoln,3.5,44681823
Human Services and Other Grants,49010/9,Pitkin,0.065,5544208430
Hunters Overlook Metropolitan District No. 1,66799/1,Weld,71.283,5460
Hunters Overlook Metropolitan District No. 2,66800/1,Weld,75.515,8190730
Hunters Overlook Metropolitan District No. 3,66801/1,Weld,75.555,4845150
Hunters Overlook Metropolitan District No. 4,66802/1,Weld,75.642,4068330
Hunters Overlook Metropolitan District No. 5,66803/1,Weld,75.955,11119010
Hunters Overlook Metropolitan District No. 6,66804/1,Weld,74.065,1260910
Hunters Overlook Metropolitan District No. 7,66805/1,Weld,75.369,3040790
Hunters Overlook Metropolitan District No. 8,66806/1,Weld,70.598,30
Hunting Hill Metropolitan District,65901/1,Douglas,55.857,17090250
Huntington Trails Metropolitan District,01085/1,Adams,21.564,21699760
Hurley Place Commercial Metropolitan District,67063/1,Denver,0,539300
Hurley Place Residential Metropolitan District,67064/1,Denver,0,650
Hygiene Fire Protection District,07016/1,Boulder,19.038,110008597
Hyland Hills Park and Recreation District,01013/1,Adams,5.153,1849355354
Hyland Village Metropolitan District,65801/1,Jefferson,31.84,8892220
I-25/Prospect Interchange Metropolitan District,67050/1,Larimer,7.5,2048785
INOVA Aero Metropolitan District,67539/1,Arapahoe,0,2012488
Idaho Springs,10008/1,Clear Creek,6.31,44055640
Idalia RJ-3 School District,64958/1,Kit Carson,41.198,36446
Idalia RJ-3 School District,64958/1,Yuma,41.385,17884640
Idalia Sanitation District,63020/1,Yuma,3,568830
Idledale Water and Sanitation District,30041/1,Jefferson,81.135,4181297
Idledale Water and Sanitation District - Ex 20,30041/2,Jefferson,21.204,34171
Idledale Water and Sanitation District - Ex 22,30041/3,Jefferson,21.204,42977
Ignacio,34015/1,La Plata,3.88,11110390
Ignacio 11 JT School District,64931/1,Archuleta,26.945,25519090
Ignacio 11 JT School District,64931/1,La Plata,26.888,190593840
Ignacio Community Library District,34038/1,La Plata,1.5,186693020
Ignacio-Allison-Oxford Cemetery District,34016/1,La Plata,0.244,130370050
Iliff,38007/1,Logan,7.157,1462447
Iliff Avenue Metropolitan District,67058/1,Arapahoe,69.12,2011273
Iliff Commons Metropolitan District No. 2,65668/1,Arapahoe,51.439,5147635
Iliff Commons Metropolitan District No. 3,65669/1,Arapahoe,61.269,2872949
Independence Commercial Metropolitan District,67900/1,Elbert,69.815,350
Independence Metropolitan District No. 1,66870/1,Elbert,75.971,12512380
Independence Metropolitan District No. 2,66871/1,Elbert,77.414,13045920
Independence Metropolitan District No. 3,66872/1,Elbert,69.815,30
Independence Metropolitan District No. 4,66873/1,Elbert,69.815,1667430
Independence Metropolitan District No. 5,67901/1,Elbert,69.815,350
Independence Metropolitan District No. 6,67902/1,Elbert,69.815,350
Independence Overlay Metropolitan District,66874/1,Elbert,16.868,27225690
Independence Water & Sanitation District,66875/1,Elbert,0,380
Indian Hills Fire Prot,30042/1,Jefferson,12,40395395
Indian Hills Water District,30043/1,Jefferson,16.071,25886551
Indian Mountain Metropolitan District,47008/1,Park,6.943,41887984
Indian Peaks Fire Protection District,07017/1,Boulder,2.954,17899051
Indiana Valley Metropolitan District,65037/1,Jefferson,0,67031003
Industrial Park Water & Sanitation District,01014/1,Adams,0,91033630
Indy Oak TOD Metropolitan District,66794/1,Jefferson,101.114,5327416
Infrastructure,18008/11,Douglas,0,10398496367
Inspiration Metropolitan District,65064/1,Douglas,50.22,98575320
Inter-Canyon Fire Protection District,30044/1,Jefferson,0,0
Interlocken Consol. Metro. District,07060/1,Broomfield,33.5,254603300
Interlocken Consolidated Metropolitan District - Exclusion,07060/3,Boulder,0,0
Interlocken Consolidated Metropolitan District - Exclusion,07060/3,Broomfield,33.5,6112170
Interlocken Metro District Bonds,07060/2,Broomfield,30.984,6346190
Interpark Metropolitan District,66835/1,Broomfield,21,9169629
Interquest North B.I.D.,65314/1,El Paso,6.046,53709450
Interquest South B.I.D.,65315/1,El Paso,6,40110180
Interquest Town Center Business Improvement District,66846/1,El Paso,55.575,6295200
Interstate South Metropolitan District,03099/1,Arapahoe,0,0
Inverness Metropolitan Improvement District,64079/1,Arapahoe,4.56,239108288
Inverness Metropolitan Improvement District,64079/1,Douglas,4.56,94028670
Inverness Metropolitan Improvement District - AMLI #2 Bonds,64079/6,Arapahoe,0,5880720
Inverness Metropolitan Improvement District - Bonds (4372),64079/2,Arapahoe,0,31787474
Inverness Metropolitan Improvement District - Bonds (4372),64079/2,Douglas,0,2679610
Inverness Metropolitan Improvement District - Douglas County Debt Service 2 (4560),64079/4,Douglas,0,12640900
Inverness Metropolitan Improvement District - Fairfield Bonds (4404),64079/3,Arapahoe,0,4463294
Inverness Metropolitan Improvement District - Golf Villas Bonds,64079/7,Arapahoe,0,1797809
Inverness Metropolitan Improvement District - VIII Apts Bonds,64079/5,Arapahoe,0,7501108
Inverness North Metropolitan District,65473/1,Arapahoe,11.4,31787474
Inverness Water & Sanitation District,64080/1,Arapahoe,0.5,230056858
Inverness Water & Sanitation District,64080/1,Douglas,0.5,94028670
Inverness Water & Sanitation District - AMLI #2 Bonds,64080/10,Arapahoe,0,5880720
Inverness Water & Sanitation District - Douglas County Debt Service (4517),64080/7,Douglas,0,2679610
Inverness Water & Sanitation District - Douglas County Debt Service 2 (4559),64080/8,Douglas,0,6343430
Inverness Water & Sanitation District - Douglas County Debt Service 3 (4614),64080/12,Arapahoe,0,0
Inverness Water & Sanitation District - Douglas County Debt Service 3 (4614),64080/12,Douglas,0,6297470
Inverness Water & Sanitation District - Fairfield Bonds (4403),64080/6,Arapahoe,0,4463294
Inverness Water & Sanitation District - Golf Villas Bonds,64080/11,Arapahoe,0,1797809
Inverness Water & Sanitation District - Sanitation District (4378),64080/3,Arapahoe,0,12062667
Inverness Water & Sanitation District - VIII Apts Bonds,64080/9,Arapahoe,0,7500908
Inverness Water & Sanitation District - Water & Sanitation District Bonds Only (4371),64080/5,Arapahoe,0,31787474
Inverness Water & Sanitation District - Water District Bonds (4379),64080/2,Arapahoe,0,12034057
Iron Mountain Metropolitan District No. 1,65706/1,Weld,0,1470
Iron Mountain Metropolitan District No. 2,65707/1,Weld,21.526,18435950
Iron Mountain Metropolitan District No. 3,65708/1,Weld,21.526,4701480
Iron Works Village Metropolitan District,66764/1,Arapahoe,58.571,2751519
JDV Metropolitan District,66969/1,Weld,50,648140
Jackson County,29001/1,Jackson,16.15,99007417
Jackson County Water Conservancy District,29002/1,Jackson,0.55,99007417
Jackson Creek Commercial Metropolitan District No. 1,67371/1,El Paso,0,960
Jackson Creek Commercial Metropolitan District No. 2,67372/1,El Paso,43.895,2587810
Jackson Creek Commercial Metropolitan District No. 3,67373/1,El Paso,0,395100
Jackson Creek Commercial Metropolitan District No. 4,67374/1,El Paso,0,1485770
Jackson Creek Commercial Metropolitan District No. 5,67375/1,El Paso,46.439,4652530
Jackson Creek Commercial Metropolitan District No. 6,67376/1,El Paso,0,57120
Jackson Creek Commercial Metropolitan District No. 7,67377/1,El Paso,0,443110
Jackson Creek North Metropolitan District,67009/1,El Paso,16.646,15886660
Jackson-105 Fire Protection District,18019/1,Douglas,12.11,74207130
Jacoby Farm Metropolitan District,62109/1,Weld,30,11491480
Jail,39023/15,Mesa,0,0
Jamestown,07018/1,Boulder,23.5,5410813
Jay Grove Metropolitan District,66990/1,Boulder,63.452,6324444
Jeffco Business Center Metropolitan District No. 1,30147/1,Broomfield,35,9301570
Jefferson Center Metro. District #2,65264/1,Jefferson,0,198
Jefferson Center Metropolitan District No. 1,30119/1,Jefferson,60.41,21046854
Jefferson County,30047/1,Jefferson,26.978,13944580797
Jefferson County Law Enforcement Authority,30045/1,Jefferson,2.499,5517119069
Jefferson County Meadow Ranch Public Improvement District,30139/1,Jefferson,0,0
Jefferson County R-1 School District,30900/1,Broomfield,44.349,221791101
Jefferson County R-1 School District,30900/1,Jefferson,44.349,15199239878
Jefferson-Como Fire Protection District,47009/1,Park,14.031,130029228
John C. Fremont Library District,65367/1,Fremont,1.935,139981040
Johnstown,64266/1,Larimer,23.947,292331797
Johnstown,64266/1,Weld,23.947,328284280
Johnstown Farms East Metropolitan District,67350/1,Weld,56.097,7985300
Johnstown Farms Metropolitan District,65953/1,Weld,40.422,4051610
Johnstown North Metropolitan District No. 1,65695/1,Larimer,0,27
Johnstown North Metropolitan District No. 2,65696/1,Larimer,26.851,29471808
Johnstown North Metropolitan District No. 3,65697/1,Larimer,26.848,14870
Johnstown Plaza Metropolitan District,66655/1,Larimer,25.554,27722068
Johnstown Plaza Metropolitan District - Bond,66655/2,Larimer,18.256,4857559
Johnstown Village Metropolitan District No. 1,67135/1,Weld,0,240
Johnstown Village Metropolitan District No. 2,67136/1,Weld,48.203,8544420
Johnstown Village Metropolitan District No. 3,67137/1,Weld,40.529,2700150
Johnstown Village Metropolitan District No. 4,67138/1,Weld,9.492,1355230
Johnstown Village Metropolitan District No. 5,67139/1,Weld,0,240
Johnstown-Milliken RE-5J School District,64952/1,Larimer,36.243,1853037
Johnstown-Milliken RE-5J School District,64952/1,Weld,36.271,1278421680
Jones Metropolitan District No. 1,67282/1,Arapahoe,21.481,135
Jones Metropolitan District No. 2,67283/1,Arapahoe,28.443,14106737
Jones Metropolitan District No. 3,67284/1,Arapahoe,21.481,135
Jones Metropolitan District No. 4,67285/1,Arapahoe,21.481,135
Jones Metropolitan District No. 5,67286/1,Arapahoe,21.481,135
Jordan Crossing Metropolitan District,65556/1,Douglas,43.848,4374500
Judicial Debt Service,03001/8,Arapahoe,0,0
Julesburg,58004/1,Sedgwick,32.417,13064460
Julesburg Cemetery District,58002/1,Sedgwick,0.723,33991290
Julesburg Fire Protection District,58003/1,Sedgwick,1.472,18055340
Julesburg RE-1 School District,64950/1,Phillips,39.942,64540
Julesburg RE-1 School District,64950/1,Sedgwick,39.942,37691590
Juniper Water Conservancy District,41006/1,Moffat,0,0
Karl's Farm Metropolitan District No. 1,67186/1,Adams,0,980
Karl's Farm Metropolitan District No. 2,67187/1,Adams,75.439,16816070
Karl's Farm Metropolitan District No. 3,67188/1,Adams,45.466,5841330
Karval Community Cemetery District,37015/1,Lincoln,0.4,7198029
Karval Fire Protection District,65366/1,Lincoln,7,9184242
Karval RE-23 School District,37902/1,Lincoln,27,7416177
Keefe Memorial Health Service District,66539/1,Cheyenne,10,142933345
Keenesburg,62033/1,Weld,22,200401310
Keenesburg Parkway Metropolitan District No. 2,65649/1,Weld,65.026,67567230
Keenesburg RE-3J School District,64951/1,Adams,15.822,7410184
Keenesburg RE-3J School District,64951/1,Weld,15.822,2274877690
Ken-Caryl Ranch Metropolitan District,30116/1,Jefferson,15.367,291155841
Ken-Caryl Ranch Water & Sanitation District,30049/1,Jefferson,0,490823763
Ken-Caryl West Ranch Water District,30051/1,Jefferson,25.809,5670394
Kent Place Metropolitan District No. 1,65968/1,Arapahoe,0,135
Kent Place Metropolitan District No. 2,65969/1,Arapahoe,48.333,4526496
Kersey,62035/1,Weld,17.205,32924930
"Keystone, Town of",67925/1,Summit,0,320528830
Kim,36005/1,Las Animas,15.265,565042
Kim Reorganized 88 School District,36905/1,Las Animas,28.12,35440435
Kime Ranch Metropolitan District,67938/1,Douglas,72.974,2972880
King Ranch Metropolitan District No. 1,67452/1,Adams,0,22050
King Ranch Metropolitan District No. 2,67453/1,Adams,0,40600
King Ranch Metropolitan District No. 3,67454/1,Adams,0,40600
King Ranch Metropolitan District No. 4,67455/1,Adams,0,40600
King Ranch Metropolitan District No. 5,67456/1,Adams,0,40600
Kings Point South Metropolitan District No. 1,65122/1,Douglas,75,3008920
Kings Point South Metropolitan District No. 2,65123/1,Douglas,0,19810
Kings Point South Metropolitan District No. 3,67736/1,Douglas,0,890
Kinston Metropolitan District No. 1,67263/1,Larimer,4.154,14
Kinston Metropolitan District No. 10,67272/1,Larimer,33.584,65571
Kinston Metropolitan District No. 2,67264/1,Larimer,86.903,11833216
Kinston Metropolitan District No. 3,67265/1,Larimer,82.472,1247
Kinston Metropolitan District No. 4,67266/1,Larimer,82.309,1322
Kinston Metropolitan District No. 5,67267/1,Larimer,87.904,998044
Kinston Metropolitan District No. 6,67268/1,Larimer,25.892,14
Kinston Metropolitan District No. 7,67269/1,Larimer,25.892,14
Kinston Metropolitan District No. 8,67270/1,Larimer,25.892,14
Kinston Metropolitan District No. 9,67271/1,Larimer,25.013,60692
Kiowa,20005/1,Elbert,15.005,13373698
Kiowa C-2 School District,20902/1,Elbert,24.602,81435566
Kiowa Conservation District,64262/1,Arapahoe,0,902032
Kiowa Conservation District,64262/1,El Paso,0,74107730
Kiowa Conservation District,64262/1,Elbert,0,518062084
Kiowa County,31004/1,Kiowa,46.553,42768801
Kiowa County Fire Protection District,66782/1,Kiowa,3.5,42768801
Kiowa County Hospital District,31005/1,Kiowa,19.54,42768801
Kiowa County Public Library District,31017/1,Kiowa,1.5,42768801
Kiowa Creek Preserve Metropolitan District No. 1,67918/1,Adams,0,10
Kiowa Creek Preserve Metropolitan District No. 2,67919/1,Adams,0,10
Kiowa Creek Preserve Metropolitan District No. 3,67920/1,Adams,0,10
Kiowa Fire Protection District,20009/1,Elbert,10.208,75293864
Kipling Ridge Metropolitan District,65295/1,Jefferson,10,11942945
Kirk Cemetery District,63006/1,Yuma,0.352,10239350
Kit Carson,09013/1,Cheyenne,14.572,2387325
Kit Carson Cemetery District,09011/1,Cheyenne,0.25,30388892
Kit Carson County,32011/1,Kit Carson,37.967,261155715
Kit Carson County Health Service District,32025/1,Kit Carson,3,261155715
Kit Carson R-1 School District,09900/1,Cheyenne,33.923,48079253
Kiteley Ranch Metropolitan District,65802/1,Weld,72.056,2621130
Kittredge Sanitation & Water District,30052/1,Jefferson,4.2,23500145
Knollwood Metropolitan District,07019/1,Boulder,20.57,11871909
Kremmling,25018/1,Grand,9.652,29436779
Kremmling Fire Protection District,25030/1,Grand,11.599,77743622
Kremmling Memorial Hospital District,64081/1,Grand,5.949,155172985
Kremmling Memorial Hospital District,64081/1,Summit,5.949,40911200
Kremmling Sanitation District,25017/1,Grand,2.166,27353946
Kroenke Sports and Entertainment Metropolitan District No. 1,68156/1,Denver,0,4297970
Kroenke Sports and Entertainment Metropolitan District No. 2,68157/1,Denver,0,4297970
Kroenke Sports and Entertainment Metropolitan District No. 3,68158/1,Denver,0,4297970
Kroenke Sports and Entertainment Metropolitan District No. 4,68159/1,Denver,0,4297970
Kroenke Sports and Entertainment Metropolitan District No. 5,68160/1,Denver,0,4297970
LFM Business Improvement District,67355/1,Boulder,45.755,829710
LLA Metropolitan District No. 1,66584/1,Weld,25,341920
LLA Metropolitan District No. 2,66585/1,Weld,48,205090
La Jara,11009/1,Conejos,13.551,6265215
La Jara Cemetery District,11008/1,Conejos,0.901,20412947
La Junta,45007/1,Otero,3.104,40935789
La Junta Health Service District,66887/1,Otero,0,0
La Junta Rural Fire Protection District,45006/1,Otero,6.35,101442551
La Junta Urban Renewal Authority - Central Business Project,45017/2,Otero,0,11332876
La Plata Archuleta Water District,65987/1,La Plata,5,287146060
La Plata County,34017/1,La Plata,8.5,2228111660
La Plata County Palo Verde Public Improvement District #3,66451/1,La Plata,14.145,1193820
La Plata Water Conservancy District,34019/1,La Plata,0.295,47725670
La Puerta Business Improvement District,67245/1,Las Animas,8.92,2861530
La Salle,62037/1,Weld,22.837,35282690
La Salle Fire Protection District,62036/1,Weld,5.154,934395800
La Veta,28007/1,Huerfano,4.99,12441527
La Veta Cemetery District,28005/1,Huerfano,0.542,45636191
La Veta Fire Protection District,28006/1,Huerfano,4.211,45636191
La Veta Public Library District,28012/1,Huerfano,6.182,45636191
La Veta RE-2 School District,28901/1,Huerfano,35.548,49717935
Ladera Business Improvement District,67566/1,Larimer,35,4180620
Ladera Metropolitan District No. 1,67591/1,Larimer,40,30
Ladera Metropolitan District No. 2,67592/1,Larimer,40,60
Lafayette,07020/1,Boulder,15.174,864892189
Lafayette City Center General Improvement District,07064/1,Boulder,0.458,13141459
Lafayette Corporate Campus General Improvement District,65116/1,Boulder,12.23,19189048
Lafayette Downtown Development Authority,68202/1,Boulder,0,39661741
Lafayette Old Town Urban Renewal Plan,07069/1,Boulder,0,0
Lafayette Rural Fire Protection District,07049/1,Boulder,2.54,102156627
Lafayette Tech Center General Improvement District,07072/1,Boulder,15.697,9221056
Lafferty Canyon Metropolitan District,67922/1,Boulder,51.649,6713766
Lake Bluff Metropolitan District No. 1,66980/1,Weld,0,170
Lake Bluff Metropolitan District No. 2,66981/1,Weld,60,14357540
Lake Bluff Metropolitan District No. 3,66982/1,Weld,71.103,1056860
Lake City,27005/1,Hinsdale,3.285,20113630
Lake City Area Fire Protection District,27006/1,Hinsdale,3.431,37713220
Lake County,33001/1,Lake,39.496,357183687
Lake County Conservation District,33002/1,Lake,0,0
Lake County R-1 School District,33900/1,Lake,36.92,372820057
Lake Creek Metropolitan District,19021/1,Eagle,10.458,28284950
Lake Eldora Water & Sanitation District,07021/1,Boulder,0,6122292
Lake Fork Health Service District,65090/1,Hinsdale,5.92,60738290
Lake George Fire Protection District,47010/1,Park,13,45951705
Lake of the Rockies Metropolitan District,66256/1,El Paso,63.83,6642450
Lakehurst Water and Sanitation District,64082/1,Denver,0,0
Lakehurst Water and Sanitation District,64082/1,Jefferson,0,382207144
Lakes Metropolitan District No. 1,65758/1,Adams,60,22308700
Lakes Metropolitan District No. 2,65759/1,Adams,56.392,2684130
Lakes Metropolitan District No. 2 - Bond,65759/2,Adams,44.644,0
Lakes Metropolitan District No. 3,65760/1,Adams,62.185,1034000
Lakes Metropolitan District No. 4,65761/1,Adams,63.606,8179400
Lakes Metropolitan District No. 5,66910/1,Adams,0,30
Lakes Metropolitan District No. 6,66911/1,Adams,0,30
Lakes at Centerra Metropolitan District No. 1,65873/1,Larimer,0,270
Lakes at Centerra Metropolitan District No. 2,65874/1,Larimer,89.042,18051156
Lakes at Centerra Metropolitan District No. 3,65875/1,Larimer,88.761,20743065
Lakeside,30053/1,Jefferson,4,21633196
Lakeside Center Metropolitan District,66187/1,Jefferson,10,8040408
Lakeview Estates Water District,01073/1,Adams,0,0
Lakeview Metropolitan District,66201/1,Larimer,32.739,941896
Lakewood,30055/1,Jefferson,4.711,3240272377
Lakewood Reinvestment Authority - Colfax/Wadsworth,30144/2,Jefferson,0,0
Lakewood Reinvestment Authority - West Alameda Avenue Corridor Redevelopment 2,30144/4,Jefferson,0,0
Lakewood Reinvestment Authority - West Alameda Avenue Corridor Urban Redevelopment,30144/3,Jefferson,0,0
Lakewood Reinvestment Authority - West Colfax Avenue Corridor 2030,30144/5,Jefferson,0,0
Lakewood Reinvestment Authority - West Colfax Avenue Corridor 2039,30144/6,Jefferson,0,0
Lakewood-West Colfax Business Improvement District,66337/1,Jefferson,5,67709952
Lakota Pointe Metropolitan District No. 1,67545/1,Grand,64.443,506970
Lakota Pointe Metropolitan District No. 2,68085/1,Grand,64.442,647513
Lamar,50012/1,Prowers,13.239,44005648
Lamar RE-2 School District,50901/1,Prowers,27.666,105907239
Lamar Redevelopment Authority,66149/1,Prowers,0,9256996
Lambertson Farms Metropolitan District No. 1,65108/1,Broomfield,0,5168030
Lambertson Farms Metropolitan District No. 2,65109/1,Broomfield,38.883,24486860
Lambertson Farms Metropolitan District No. 3,65110/1,Broomfield,37.592,9470500
Lambertson Lakes Metropolitan District,01095/1,Adams,0,24204660
Landis Creek Metropolitan District No. 1,65113/1,Garfield,35,637500
Landis Creek Metropolitan District No. 2,65114/1,Garfield,35,488640
Landmark Metropolitan District,03112/1,Arapahoe,0,0
Landmark Metropolitan District - Bonds,03112/2,Arapahoe,0,0
Lands End Fire Protection District,65062/1,Mesa,10.047,27502520
Lanterns Metropolitan District No. 1,65223/1,Douglas,57.603,26388220
Lanterns Metropolitan District No. 2,66540/1,Douglas,79.217,16917140
Lanterns Metropolitan District No. 3,66541/1,Douglas,77.21,8257320
Lanterns Metropolitan District No. 4,67128/1,Douglas,0,27236970
Lanterns Metropolitan District No. 5,67129/1,Douglas,0,24301810
Lanterns Rock Creek Metropolitan District,66991/1,Boulder,41.773,3697860
Laredo Metropolitan District,65052/1,Adams,24.1,18298820
Larimer Conservation District,67547/1,Larimer,0,1389605908
Larimer Conservation District,67547/1,Weld,0,0
Larimer County,35015/1,Larimer,22.496,9180256613
Larimer County Autumn Creek Public Improvement District No. 63,66970/1,Larimer,25.21,929966
Larimer County Bluffs Public Improvement District No. 41,66177/1,Larimer,18,1389155
Larimer County Bonnell West Public Improvement District No. 36,65662/1,Larimer,10.185,7336987
Larimer County Boyd's West Public Improvement District No. 56,66456/1,Larimer,34.065,347574
Larimer County Bruns Public Improvement District No. 35,65661/1,Larimer,24.621,1610738
Larimer County Carter Lake Heights Public Improvement District No. 66,66973/1,Larimer,18.213,1686207
Larimer County Centro Business Park Public Improvement District No. 38,65879/1,Larimer,3.061,26495345
Larimer County Charles Heights Public Improvement District No. 32,65660/1,Larimer,8.948,2430163
Larimer County Clydesdale Estates Public Improvement District No. 51,66336/1,Larimer,17.396,2840631
Larimer County Clydesdale Park Public Improvement District No. 50,66335/1,Larimer,0,0
Larimer County Cobblestone Farms Public Improvement District No. 57,66554/1,Larimer,20.148,732655
Larimer County Cottonwood Shores Public Improvement District No. 42,66066/1,Larimer,13.647,2782536
Larimer County Country Club Estates General Improvement District No. 12,35073/1,Larimer,25,1913876
Larimer County Country Club Estates Gid No. 12,35073/11,Larimer,0,0
Larimer County Country Meadows General Improvement District No. 17,35078/1,Larimer,8.5,4822213
Larimer County Crown Point Public Improvement District No. 27,65659/1,Larimer,14.823,898778
Larimer County Crystal View Public Improvement District No. 69,67360/1,Larimer,68.16,1248858
Larimer County Eagle Crest Public Improvement District No. 74,67497/1,Larimer,23.544,1534455
Larimer County Fox Ridge Estates Public Improvement District No. 79,68066/1,Larimer,9.207,1179535
Larimer County General Improvement Dist. No. 1991-1 Arapahoe Pines,35065/1,Larimer,29.729,754675
Larimer County General Improvement District No. 1,35016/1,Larimer,0,0
Larimer County General Improvement District No. 10,35063/1,Larimer,0,1959249
Larimer County General Improvement District No. 11,35060/1,Larimer,5.77,6932356
Larimer County General Improvement District No. 2,35017/1,Larimer,8,16155450
Larimer County General Improvement District No. 4,35019/1,Larimer,10,23704050
Larimer County General Improvement District No. 6,35021/1,Larimer,0,0
Larimer County Grasslands Public Improvement District No. 59,66556/1,Larimer,8.322,3445239
Larimer County Grayhawk Knolls Public Improvement District No. 43,66244/1,Larimer,34.642,2006672
Larimer County Highland Hills Public Improvement District No. 19,65021/1,Larimer,12.104,8748777
Larimer County Horseshoe View Estates North Public Improvement District No. 53,66373/1,Larimer,20.334,2739334
Larimer County Horseshoe View Estates South Public Improvement District No. 44,66371/1,Larimer,15.109,2375749
Larimer County Kitchell Subdivision General Impr. Dist. No. 16,35077/1,Larimer,9.6,1180795
Larimer County Koral Heights Public Improvement District No. 46,66245/1,Larimer,15.707,1688547
Larimer County Little Thompson Public Improvement District No. 61,66792/1,Larimer,14.626,4669321
Larimer County Little Valley Road General Improvement District 14,35068/1,Larimer,15,9412246
Larimer County Manor Ridge Estates Public Improvement District No. 67,67198/1,Larimer,15.832,5779518
Larimer County Meadows at Rolling Hills Public Improvement District No. 73,67363/1,Larimer,31.126,950175
Larimer County Misty Creek Public Improvement District No. 58,66555/1,Larimer,19.854,746390
Larimer County Mountain Range Shadows Public Improvement District No. 34,65878/1,Larimer,18,5854535
Larimer County Namaqua Hills General Improvement District No. 8,35056/1,Larimer,8.382,6291162
Larimer County Nedrah Acres Public Improvement District No. 77,68204/1,Larimer,34.734,3759028
Larimer County Paragon Estates Public Improvement District No. 40,65880/1,Larimer,23,1681841
Larimer County Park Hill Public Improvement District No. 47,66246/1,Larimer,16.762,559215
Larimer County Pest Control,35057/1,Larimer,0.142,7693616191
Larimer County Prairie Trails Public Improvement District No. 33,65877/1,Larimer,29.754,3121409
Larimer County Ptarmigan Public Improvement District No. 20,65022/1,Larimer,9.5,19585419
Larimer County Puebla Vista Estates Public Improvement District No. 48,66247/1,Larimer,28.27,852468
Larimer County Rainbow Lakes Estates Public Improvement District No. 39,66243/1,Larimer,9.988,5229955
Larimer County Red Feather Lakes General Improvement District 13A,35067/1,Larimer,11.66,4922006
Larimer County Ridgewood Meadows Public Improvement District No. 62,66736/1,Larimer,19.533,1672759
Larimer County Riviera Estates Public Improvement District No. 65,66972/1,Larimer,20.867,1022277
Larimer County Rockview Wildflower Ridge Public Improvement District No. 71,67362/1,Larimer,46.616,2378356
Larimer County Saddleback Public Improvement District No. 22,65024/1,Larimer,12.4,1263496
Larimer County Scenic Ranch Estates Public Improvement District No. 68,67199/1,Larimer,17.442,1318664
Larimer County Skyview South Subdivision General Impr. Dist. No. 15,35076/1,Larimer,10,4902954
Larimer County Smithfield Public Improvement District No. 60,66615/1,Larimer,10.15,33866422
Larimer County Soaring Peaks Ranches Public Improvement District No. 64,66971/1,Larimer,0.138,1628003
Larimer County Solar Ridge Public Improvement District No. 21,65023/1,Larimer,16.25,3827517
Larimer County Soldier Canyon Estates Public Improvement District No. 52,66372/1,Larimer,10.364,1221585
Larimer County Storm Mountain Public Improvement District No. 55,66455/1,Larimer,20,13122374
Larimer County Tanager Public Improvement District No. 72,68065/1,Larimer,6.73,3527924
Larimer County Terry Cove Public Improvement District No. 37,66064/1,Larimer,7.41,1583357
Larimer County Terry Shores Public Improvement District No. 54,66374/1,Larimer,8.987,5364923
Larimer County Thunder Mountain Public Improvement District No. 76,68203/1,Larimer,37.282,3398239
Larimer County Trappers Point Public Improvement District No. 70,67361/1,Larimer,15.839,3079468
Larimer County Venner Ranch Estates General Impr. Dist. No. 18,35079/1,Larimer,12,2901357
Larimer County Vine Drive P.I.D. No. 29,65304/1,Larimer,24.535,1315945
Larimer County Wagon Wheel Public Improvement District No. 49,66248/1,Larimer,16.762,445392
Larimer County Westridge P.I.D. No. 24,65202/1,Larimer,9.358,4043347
Larimer County Willows Public Improvement District No. 45,66454/1,Larimer,23.663,1127542
Larimer Cty. Eagle Ranch Estates PID #26,65518/1,Larimer,10.149,10467560
Larimer Cty. Eagle Rock Ranches PID #23,65516/1,Larimer,12,1078699
Larimer Cty. Estes Park Estates PID #25,65517/1,Larimer,15.486,2604822
Larimer Cty. Foothills Shadow P.I.D. #31,65519/1,Larimer,27,989831
Larimer Cty. Poudre Overlook P.I.D. #30,65305/1,Larimer,14.73,4393599
Larimer Cty. Trotwood P. I. D. #28,65303/1,Larimer,9.76,1373496
Larkridge Metropolitan District No. 1,65255/1,Adams,38.289,295191
Larkridge Metropolitan District No. 2,65256/1,Adams,58.5,177855
Larkridge Metropolitan District No. 2 - Bond,65256/2,Adams,0,0
Larkspur,18021/1,Douglas,15,14421140
Larkspur Fire Protection District,18097/1,Douglas,18.151,233054190
Las Animas,06005/1,Bent,39,8522510
Las Animas County,36006/1,Las Animas,9.372,440474937
Las Animas County Health Service District,66077/1,Las Animas,0,439782079
Las Animas RE-1 School District,06900/1,Bent,24.578,74457760
Las Animas-Bent County Fire Protection District,06006/1,Bent,7.415,57610580
Las Animas-Bent County Library District,06007/1,Bent,1.5,73293820
Latigo Creek Metropolitan District,65916/1,El Paso,5.539,2554290
Leadville,33004/1,Lake,18.9,67808553
Leadville Lake County Regional Housing Authority,67822/1,Lake,0,0
Leadville Sanitation District,33003/1,Lake,3.222,95755118
Leadville Urban Renewal Authority,66785/1,Lake,0,0
Lease Purchase,39023/14,Mesa,0,0
Leawood Metropolitan Recreation & Park,30057/1,Jefferson,3.73,54580931
Lebanon Cemetery District,42022/1,Montezuma,1.261,11855560
Ledge Rock Center Commercial Metropolitan District,67494/1,Weld,10.576,11070740
Ledge Rock Center Residential Metropolitan District No. 1,67495/1,Weld,52.226,4048160
Ledge Rock Center Residential Metropolitan District No. 2,67496/1,Weld,53.65,100
Lee Farm Metropolitan District No. 1,66703/1,Larimer,0,10
Lee Farm Metropolitan District No. 2,66704/1,Larimer,10,349319
Lee Farm Metropolitan District No. 3,66705/1,Larimer,10,307450
Lee Farm Metropolitan District No. 4,66706/1,Larimer,10,278583
Lee's Farm Metropolitan District,66791/1,Adams,0,3360
Left Hand Fire Protection District,07022/1,Boulder,16.117,63544592
Left Hand Water & Sanitation District,07023/1,Boulder,18.992,10948741
Left Hand Water District,64194/1,Boulder,0,608680011
Left Hand Water District,64194/1,Broomfield,0,137159
Left Hand Water District,64194/1,Weld,0,589531825
Legacy Metropolitan District No. 1,68137/1,Jefferson,0,364614
Legacy Metropolitan District No. 10,68146/1,Jefferson,0,189
Legacy Metropolitan District No. 11,68147/1,Jefferson,0,189
Legacy Metropolitan District No. 12,68148/1,Jefferson,10,189
Legacy Metropolitan District No. 2,68138/1,Jefferson,0,189
Legacy Metropolitan District No. 3,68139/1,Jefferson,67,5652728
Legacy Metropolitan District No. 4,68140/1,Jefferson,0,78663
Legacy Metropolitan District No. 5,68141/1,Jefferson,0,17036
Legacy Metropolitan District No. 6,68142/1,Jefferson,0,1730214
Legacy Metropolitan District No. 7,68143/1,Jefferson,0,189
Legacy Metropolitan District No. 8,68144/1,Jefferson,0,189
Legacy Metropolitan District No. 9,68145/1,Jefferson,0,189
Legacy Park Metropolitan District No. 1,68088/1,Larimer,0,24
Legacy Park Metropolitan District No. 1,65457/1,Weld,0,0
Legacy Park Metropolitan District No. 2,68089/1,Larimer,0,24
Legacy Park Metropolitan District No. 2,65458/1,Weld,0,0
Legacy Park Metropolitan District No. 3,68090/1,Larimer,0,24
Legacy Park Metropolitan District No. 4,68091/1,Larimer,0,22
Legacy Park Metropolitan District No. 5,68092/1,Larimer,0,22
Legacy Program Operations Fund,59021/12,Summit,0.446,3562515215
Legato Metropolitan District No. 1,67408/1,Adams,32.222,6890
Legato Metropolitan District No. 2,67409/1,Adams,73.182,3200260
Legato Metropolitan District No. 3,67410/1,Adams,71.683,1451100
Legato Metropolitan District No. 4,67411/1,Adams,11.874,12690
Legato Metropolitan District No. 5,67412/1,Adams,5.37,12430
Legato Metropolitan District No. 6,67413/1,Adams,5.37,18880
Legato Metropolitan District No. 7,67414/1,Adams,32.221,18090
Lena Gulch Metropolitan District,30141/1,Jefferson,0,5106
Lewis Cemetery District,42010/1,Montezuma,1.186,8337150
Lewis Palmer 38 School District,21911/1,El Paso,36,1085393160
Lewis Pointe Metropolitan District,66116/1,Adams,56.835,18619340
Lewis-Arriola Fire Protection District,42011/1,Montezuma,4.5,154679450
Leyden Ranch Metropolitan District,66379/1,Jefferson,43.616,11243566
Leyden Rock Metropolitan District,66354/1,Jefferson,53.502,80414913
Leyden Water District,30058/1,Jefferson,0,0
Liberty Draw Metropolitan District No. 1,67681/1,Weld,60,20
Liberty Draw Metropolitan District No. 2,67682/1,Weld,60,5080
Liberty Draw Metropolitan District No. 3,67683/1,Weld,60,2450
Liberty Draw Metropolitan District No. 4,67684/1,Weld,54.875,2201400
Liberty Draw Metropolitan District No. 5,67685/1,Weld,55.853,2430370
Liberty Draw Metropolitan District No. 6,67686/1,Weld,49.887,813610
Liberty Draw Metropolitan District No. 7,67687/1,Weld,48.984,372120
Liberty Draw Metropolitan District No. 8,68076/1,Weld,0,114000
Liberty Draw Metropolitan District No. 9,68077/1,Weld,0,114000
Liberty Hill Metropolitan District,03056/1,Arapahoe,7.477,16062056
Liberty J-4 School District,64959/1,Kit Carson,42.035,1352604
Liberty J-4 School District,64959/1,Yuma,42.035,15191640
Liberty Mead Metropolitan District,66489/1,Weld,60.075,16673740
Liberty Ranch Metropolitan District,65496/1,Weld,72.366,8536618
Library,02001/8,Alamosa,0,0
Library,10003/7,Clear Creek,0,0
Library,11004/8,Conejos,0,0
Library,12003/5,Costilla,0.5,174398793
Library,16002/13,Denver,1.544,25445395933
Library,17002/6,Dolores,1,99324611
Library,18008/8,Douglas,0,0
Library,20001/9,Elbert,0,0
Library,24005/8,Gilpin,1.151,552342708
Library,25009/5,Grand,0,0
Library,26006/6,Gunnison,0,0
Library,29001/7,Jackson,1.412,99007417
Library,30047/7,Jefferson,4.5,13944580797
Library,37008/7,Lincoln,0.25,186948968
Library,39023/8,Mesa,0,0
Library,41007/5,Moffat,0,0
Library,50014/7,Prowers,0,0
Library,53006/5,Rio Grande,0,0
Library,59021/8,Summit,0,3562515215
Library Bond Debt Servicing,51010/8,Pueblo,0,0
Library Capital Reserve,18008/9,Douglas,0,0
Limon,37007/1,Lincoln,17.686,30516649
Limon Area Fire Protection District,65868/1,Elbert,3,16181145
Limon Area Fire Protection District,65868/1,Lincoln,3,72698879
Limon RE-4J School District,64934/1,Elbert,32.797,16332925
Limon RE-4J School District,64934/1,Lincoln,32.797,74393061
Lincoln County,37008/1,Lincoln,44,186948968
Lincoln Creek Metropolitan District,65406/1,Douglas,30.179,10578970
Lincoln Creek Metropolitan District - Debt Service 4591,65406/2,Douglas,0,0
Lincoln Meadows Metropolitan District,65118/1,Douglas,50,16906820
Lincoln Meadows Metropolitan District- Debt Service (Exclusion),65118/2,Douglas,0,9700
Lincoln Station Metropolitan District,65136/1,Douglas,24.483,54364000
Lincoln Station Metropolitan District - Debt Service (Exclusion),65136/2,Douglas,16.658,5700800
Little Thompson Water District,64083/1,Boulder,0,9175794
Little Thompson Water District,64083/1,Larimer,0,775405349
Little Thompson Water District,64083/1,Weld,0,1253075218
Littleton,64085/1,Arapahoe,2,1231814028
Littleton,64085/1,Douglas,2,26578000
Littleton,64085/1,Jefferson,2,49331715
Littleton 6 School District,03906/1,Arapahoe,65.193,2764851802
Littleton Downtown Development Authority,67988/1,Arapahoe,3,67614199
Littleton Fire Protection District,64084/1,Douglas,0,0
Littleton Riverfront Authority - Columbine Square Urban Renewal Plan Area,30096/2,Arapahoe,0,0
Littleton Village Metropolitan District No. 1,65690/1,Arapahoe,0,135
Littleton Village Metropolitan District No. 2,66469/1,Arapahoe,46,23064380
Littleton Village Metropolitan District No. 3,66470/1,Arapahoe,68.526,6923112
Livermore Fire Protection District,35080/1,Larimer,12,31595598
Liverpool Metropolitan District,03132/1,Arapahoe,16.672,37507703
Lochbuie,62038/1,Adams,6.443,7620320
Lochbuie,62038/1,Weld,6.443,86983430
Lochbuie Station Residential Metropolitan District,67112/1,Adams,63.679,6372970
Lochmoor Water & San,64086/1,Denver,0,0
Lochmoor Water & San - Denver Service Area,64086/2,Denver,0,0
Lochmoor Water & San - Jeffco Service Area,64086/3,Jefferson,0,0
Log Lane Village,44009/1,Morgan,17.784,6623430
Logan County,38008/1,Logan,28.888,412627526
Logan County Pest Control District,38009/1,Logan,1.16,133736554
Logan County Water Conservancy District,65079/1,Logan,0,0
Loghill Mesa Fire Protection District,46004/1,Ouray,3.97,74333800
Loghill Village Park and Recreation District,46013/1,Ouray,0.361,24967400
Loma Linda Metropolitan District,04018/1,Archuleta,10,9786350
Loma Linda Sanitation District,34034/1,La Plata,0,11740250
Lone Cone Library District,57001/1,San Miguel,10.428,52276392
Lone Star 101 School District,61903/1,Washington,27,31336704
Lone Tree,18104/1,Douglas,0,1042393471
Lone Tree Business Improvement District,66622/1,Douglas,17.5,15184943
Lone Tree Cemetery District 1,57005/1,San Miguel,0.138,1293681795
Lone Tree Urban Renewal Authority,67921/1,Douglas,0,0
Lone Tree Urban Renewal Authority - Lone Tree Entertainment District Urban Renewal Plan Ar,67921/2,Douglas,0,27885441
Longmont,64205/1,Boulder,13.42,2222899982
Longmont,64205/1,Weld,13.42,108129530
Longmont Conservation District,64268/1,Boulder,0,508659904
Longmont Conservation District,64268/1,Larimer,0,2420886
Longmont Conservation District,64268/1,Weld,0,912630697
Longmont Downtown Development Authority,07053/1,Boulder,5,74501129
Longmont Gateway Business Improvement District,07063/1,Boulder,0,0
Longmont General Improvement District No. 1,07024/1,Boulder,6.798,28267088
Longmont Urban Renewal Authority - Twin Peaks Mall Urban Renewal Plan Area,65514/2,Boulder,0,9633420
Longs Peak Metropolitan District,65560/1,Jefferson,60.329,23269396
Longs Peak Water District,64206/1,Boulder,0,65897080
Longs Peak Water District,64206/1,Weld,0,102891492
Lookout Mountain Water District,64261/1,Clear Creek,0,0
Lookout Mountain Water District,64261/1,Jefferson,17.554,44871534
Loretto Heights Metropolitan District No. 1,67249/1,Denver,16.11,5000
Loretto Heights Metropolitan District No. 2,67250/1,Denver,74.275,6821360
Loretto Heights Metropolitan District No. 3,67251/1,Denver,118.574,1206020
Loretto Heights Metropolitan District No. 4,67252/1,Denver,70.799,3501660
Loretto Heights Metropolitan District No. 5,67253/1,Denver,0,4080
Loretto Heights Programming Metropolitan District,67254/1,Denver,0,229730
Lorson Ranch Metropolitan District No. 1,65349/1,El Paso,8.75,25550
Lorson Ranch Metropolitan District No. 2,65350/1,El Paso,76.297,23131490
Lorson Ranch Metropolitan District No. 3,65351/1,El Paso,76.327,37317450
Lorson Ranch Metropolitan District No. 4,65352/1,El Paso,75.885,33193110
Lorson Ranch Metropolitan District No. 5,65353/1,El Paso,2.749,298240
Lorson Ranch Metropolitan District No. 6,65354/1,El Paso,69.668,22684600
Lorson Ranch Metropolitan District No. 7,65355/1,El Paso,10.74,552390
Los Pinos F.P.D. - Mt. Allison Area,34033/2,Archuleta,0,0
Los Pinos F.P.D. - Mt. Allison Area,34033/2,La Plata,0,0
Los Pinos Fire Protection District,34033/1,Archuleta,9.5,24534830
Los Pinos Fire Protection District,34033/1,La Plata,9.5,210695910
Lost Creek Farms Metropolitan District,66741/1,Boulder,41.444,3089017
Lost Creek Groundwater Management District,64088/1,Adams,0.945,111914610
Lost Creek Groundwater Management District,64088/1,Arapahoe,0.945,26127241
Lost Creek Groundwater Management District,64088/1,Weld,0.945,206503570
Louisville,07029/1,Boulder,6.559,1052711140
Louisville Fire Protection District,07027/1,Boulder,10.586,1083310036
Louviers Water and Sanitation District,66078/1,Douglas,20.795,3617490
Loveland,35026/1,Larimer,9.564,1915850049
Loveland Downtown Development Authority,66597/1,Larimer,0,70411302
Loveland Downtown Development Authority (Dissolved.  Use LGID 66597/1.),35023/1,Larimer,0,0
Loveland General Improvement District No. 1,35024/1,Larimer,2.539,32307055
Loveland Midtown Metropolitan District,65376/1,Larimer,50.858,6374348
Loveland Rural Fire Prot,35025/1,Larimer,8,743408295
Loveland Urban Renewal Authority,65080/1,Larimer,0,0
Loveland Urban Renewal Authority - Block 41-Finley's Addition Urban Renewal Plan Area,65080/3,Larimer,0,301062
Loveland Urban Renewal Authority - Centerra South Urban Renewal Plan Area,65080/4,Larimer,0,93740
Loveland Urban Renewal Authority - US 34/Crossroads Corridor Urban Renewal Plan Area,65080/2,Larimer,0,1449854
Lowell Metropolitan District,21110/1,El Paso,62.336,7897530
Lowell Village Metropolitan District,67059/1,Mesa,95,395590
Lower Arkansas Valley Water Conservancy District,65124/1,Bent,1.503,59480700
Lower Arkansas Valley Water Conservancy District,65124/1,Crowley,1.503,43549191
Lower Arkansas Valley Water Conservancy District,65124/1,Otero,1.503,113938466
Lower Arkansas Valley Water Conservancy District,65124/1,Prowers,1.503,102505052
Lower Arkansas Valley Water Conservancy District,65124/1,Pueblo,1.503,1849269839
Lower Blue Fire Protection District,59043/1,Summit,2.001,17986930
Lower South Platte Water Conservancy District,64089/1,Logan,0,239096991
Lower South Platte Water Conservancy District,64089/1,Morgan,0,504624980
Lower South Platte Water Conservancy District,64089/1,Sedgwick,0,38662050
Lower South Platte Water Conservancy District,64089/1,Washington,0,4647977
Lower Valley Fire Protection District,39021/1,Mesa,8.339,378355640
Lower White River Pest Control District,65950/1,Rio Blanco,2,78519140
Lowry Vista Metropolitan District,66073/1,Denver,0,0
Lupton Village Commercial Metropolitan District,65621/1,Weld,55.277,4596233
Lupton Village Residential Metropolitan District,65620/1,Weld,78.73,8793437
Lyons,07032/1,Boulder,16.569,59919394
Lyons Fire Protection District,64179/1,Boulder,22.071,89297558
Lyons Fire Protection District,64179/1,Larimer,22.071,21457118
Lyons Regional Library District,66502/1,Boulder,5.872,103529817
Lyons Regional Library District,66502/1,Larimer,5.872,20764143
Lyons Ridge Metropolitan District,66257/1,Jefferson,35.5,25434598
MJC Metropolitan District,66079/1,Arapahoe,0,11550
MW Retail Business Improvement District,67210/1,El Paso,10.74,3333040
Maher Ranch Metropolitan District No. 4,18092/1,Douglas,23.9,47114810
Main Street Louisville Business Improvement District,07075/1,Boulder,0,16426998
Manassa,11010/1,Conejos,13.287,5246987
Manassa-Romeo Cemetery District,11011/1,Conejos,1.25,17933926
Mancos,42016/1,Montezuma,8,15358080
Mancos Cemetery District,42012/1,Montezuma,0.441,69051990
Mancos Conservation District,42014/1,Montezuma,0.5,66043090
Mancos Fire Protection District,42013/1,Montezuma,11.186,66251640
Mancos Library District,42027/1,Montezuma,7.818,70050080
Mancos RE-6 School District,42902/1,Montezuma,34.776,75555701
Mancos Water Conservancy District,42015/1,Montezuma,6.643,50276610
Mandatory Dove Creek Pest Control District,17009/1,Dolores,1.311,71294776
Manitou Springs,21030/1,El Paso,13,114618930
Manitou Springs 14 School District,21906/1,El Paso,58.803,222587990
Manitou Springs Metropolitan District,21081/1,El Paso,0.361,14016990
Manitou Springs Urban Renewal Authority,65851/1,El Paso,0,0
Manitou Springs Urban Renewal Authority - East Corridor Urban Renewal Area,65851/2,El Paso,0,4102980
Mansfield Heights Water & Sanitation District,03057/1,Arapahoe,0,24098714
Manzanola,45009/1,Otero,26.99,1297680
Manzanola 3J School District,64941/1,Crowley,26.729,1337237
Manzanola 3J School District,64941/1,Otero,26.82,10784552
Manzanola Rural Fire Protection District,45008/1,Otero,4.532,8411326
Maple Ridge Metropolitan District,66719/1,Weld,47.5,3355050
Mapleton 1 School District,01900/1,Adams,53.724,1388169355
Marabou Ranch Metropolitan District,66989/1,Routt,7,7054840
Marble,26010/1,Gunnison,6.505,6256130
Marin Metropolitan District,65904/1,Arapahoe,0,1747789
Market Station Metropolitan District No. 1,66141/1,Denver,16.111,3501205
Market Station Metropolitan District No. 2,66142/1,Denver,0,760262
Marketplace Metropolitan District,65593/1,Weld,53.281,1406470
Marks Butte Groundwater Management District,58005/1,Sedgwick,0.322,20467740
Marshall Lake Metropolitan District,65500/1,Adams,0,0
Marvella Metropolitan District,65789/1,Arapahoe,76.215,6591802
Maybell Irrigation District,41012/1,Moffat,750,49570
"Mayberry, Colorado Springs Metropolitan District No. 1",65781/1,El Paso,0,4339630
"Mayberry, Colorado Springs Metropolitan District No. 2",67306/1,El Paso,44.576,790290
"Mayberry, Colorado Springs Metropolitan District No. 3",67401/1,El Paso,79.878,3482460
"Mayberry, Colorado Springs Metropolitan District No. 4",67402/1,El Paso,0,1470
"Mayberry, Colorado Springs Metropolitan District No. 5",67403/1,El Paso,0,340
"Mayberry, Colorado Springs Metropolitan District No. 6",67404/1,El Paso,0,20
"Mayberry, Colorado Springs Metropolitan District No. 7",67405/1,El Paso,0,20
"Mayberry, Colorado Springs Metropolitan District No. 8",67406/1,El Paso,0,400
Mayfield Metropolitan District,65626/1,Adams,78.798,13470320
McArthur Ranch Metropolitan Recreation District,18024/1,Douglas,3.053,11088260
McClave RE-2 School District,06901/1,Bent,46.657,27379970
McKay Landing Metropolitan District No. 2,01080/1,Broomfield,28.7,35274830
Mead,62040/1,Weld,11.522,217449269
Mead Place Metropolitan District No. 1,66127/1,Weld,0,350
Mead Place Metropolitan District No. 10,67649/1,Weld,0,350
Mead Place Metropolitan District No. 11,67650/1,Weld,0,350
Mead Place Metropolitan District No. 12,67651/1,Weld,0,350
Mead Place Metropolitan District No. 2,66128/1,Weld,13.962,28987
Mead Place Metropolitan District No. 3,66129/1,Weld,47.917,1769
Mead Place Metropolitan District No. 4,66130/1,Weld,48.234,5456
Mead Place Metropolitan District No. 5,66131/1,Weld,48.125,3594
Mead Place Metropolitan District No. 6,66132/1,Weld,0,570
Mead Place Metropolitan District No. 7,67646/1,Weld,0,350
Mead Place Metropolitan District No. 8,67647/1,Weld,0,350
Mead Place Metropolitan District No. 9,67648/1,Weld,0,350
Mead Village Metropolitan District No. 1,66428/1,Weld,0,50050
Mead Village Metropolitan District No. 2,66903/1,Weld,0,13890
Mead Village Metropolitan District No. 3,66904/1,Weld,0,50
Mead Village Metropolitan District No. 4,66905/1,Weld,0,50
Mead Western Meadows Metropolitan Dist.,65594/1,Weld,41,6843640
Meadow Lake Metropolitan District No. 1,67727/1,El Paso,0,30
Meadow Lake Metropolitan District No. 2,67728/1,El Paso,0,2620
Meadow Lake Metropolitan District No. 3,67729/1,El Paso,0,350
Meadow Ridge Commercial Metropolitan District,67450/1,Weld,33.034,1094520
Meadow Ridge Metropolitan District No. 1,67447/1,Weld,0,40
Meadow Ridge Metropolitan District No. 2,67448/1,Weld,0,40
Meadow Ridge Metropolitan District No. 3,67449/1,Weld,0,40
Meadow Station Public Impr. District,65528/1,Elbert,0,0
Meadowbrook Crossing Metropolitan District,66718/1,El Paso,68.518,3633680
Meadowbrook Heights Metropolitan District,67221/1,Jefferson,95.102,4206472
Meadowbrook Water,30061/1,Jefferson,2.716,79679506
Meadowbrook-Fairview Metropolitan District,30062/1,Jefferson,2.296,79675963
Meadowlark Metropolitan District,67101/1,Douglas,54.352,11263230
Meadowood Metropolitan District,65985/1,Pitkin,5.56,50597010
Meadoworks Metropolitan District No. 1,67568/1,El Paso,21.46,30
Meadoworks Metropolitan District No. 2,67569/1,El Paso,75.149,467750
Meadoworks Metropolitan District No. 3,67570/1,El Paso,21.46,30
Meadoworks Metropolitan District No. 4,67571/1,El Paso,21.46,30
Meadoworks Metropolitan District No. 5,67572/1,El Paso,20.809,4040
Meadoworks Park and Recreation District,68132/1,El Paso,10.74,450230
Meadows Metropolitan District No. 1,18056/1,Douglas,35,71883230
Meadows Metropolitan District No. 2,18057/1,Douglas,35,51268930
Meadows Metropolitan District No. 3,18058/1,Douglas,35,50065820
Meadows Metropolitan District No. 4,18059/1,Douglas,35,2030
Meadows Metropolitan District No. 4 - Debt Service (Exclusion),18059/2,Douglas,35,7431070
Meadows Metropolitan District No. 5,18060/1,Douglas,35,64282860
Meadows Metropolitan District No. 6,18061/1,Douglas,35,85436720
Meadows Metropolitan District No. 7,18062/1,Douglas,35,67387080
Meeker,52007/1,Rio Blanco,9.781,30607160
Meeker Cemetery District,52004/1,Rio Blanco,0.867,440955330
Meeker RE1 School District,52900/1,Rio Blanco,16.991,446528900
Meeker Regional Library District,52005/1,Rio Blanco,0.5,440955330
Meeker Sanitation District,52006/1,Rio Blanco,9.47,28844820
Mental Health,35015/8,Larimer,0,9180256613
Mental Health,57010/12,San Miguel,0.75,1553350990
Meridian Metropolitan District,18022/1,Douglas,0,0
Meridian Metropolitan District,67704/1,Douglas,58.659,158406420
Meridian Metropolitan District - Consolidated Debt Service,67704/2,Douglas,27.459,925300
Meridian Metropolitan District - Consolidated Debt Service 2,67704/3,Douglas,27.459,9944640
Meridian Metropolitan District - Consolidated Debt Service 3,67704/4,Douglas,27.459,2809420
Meridian Metropolitan District - Debt Service,18022/2,Douglas,27.459,18414720
Meridian Metropolitan District - Debt Service 2,18022/3,Douglas,27.459,11302380
Meridian Ranch Metropolitan District,21106/1,El Paso,32.168,146484840
Meridian Ranch Metropolitan District 2018 Subdistrict,67046/1,El Paso,20,46902790
Meridian Service Metropolitan District,21107/1,El Paso,0,130
Meridian Village Metro. District #1,65278/1,Douglas,32,170
Meridian Village Metro. District #2,65279/1,Douglas,32,111847690
Meridian Village Metro. District #3,65280/1,Douglas,0,0
Meridian Village Metro. District #4,65281/1,Douglas,0,0
Meridian Village Metropolitan District No. 1 - Debt Service,65278/2,Douglas,0,4208760
Meridian Village Metropolitan District No. 2 - Debt Service 4600,65279/2,Douglas,0,0
Merino,38011/1,Logan,13.202,1954596
Mesa Community Center Public Improvement District,65025/1,Mesa,1,47689740
Mesa Conservation District,39025/1,Garfield,0,0
Mesa Cortina Water and Sanitation District,65084/1,Summit,0,23017260
Mesa County,39023/1,Mesa,10.52,3011181665
Mesa County Gateway Public Improvement District,66238/1,Mesa,14,6257260
Mesa County Lower Valley Public Improvement District,65370/1,Mesa,0,4177090
Mesa County Public Library District,39050/1,Mesa,2.944,3011181665
Mesa County Valley 51 School District,39903/1,Mesa,42.218,3013315750
Mesa County Whitewater Public Improvement District,65811/1,Mesa,0,2442410
Mesa County Whitewater Urban Service Public Improvement District,66154/1,Mesa,4,1163040
Mesa Ridge Metropolitan District,65999/1,Weld,0,55650
Mesa Ridge Metropolitan District No. 1,65387/1,El Paso,8.635,76420
Mesa Ridge Metropolitan District No. 2,65388/1,El Paso,58.5,12651110
Mesa Ridge Metropolitan District No. 3,68001/1,El Paso,0,1940
Mesa Ridge Metropolitan District No. 4,68002/1,El Paso,0,4300
Mesa Ridge Metropolitan District No. 5,68003/1,El Paso,0,160
Mesa Water & Sanitation District,39026/1,Mesa,6.74,2610740
Mesa-Molina Cemetery District,39027/1,Mesa,0.514,47689740
Miami/Yoder 60 JT School District,64957/1,El Paso,29.778,37653630
Miami/Yoder 60 JT School District,64957/1,Elbert,29.778,1177820
Miami/Yoder 60 JT School District,64957/1,Lincoln,29.778,14767375
Mid Valley Metropolitan District,64211/1,Eagle,0.198,259987050
Mid Valley Metropolitan District,64211/1,Garfield,0.198,15346020
MidCities Metropolitan District No. 2,07066/1,Broomfield,38.825,52446920
MidCities Metropolitan District No. 2 - CP III Exclusion Order,07066/4,Broomfield,36.977,4687910
MidCities Metropolitan District No. 2 - Filing #15 Exclusion Order,07066/3,Broomfield,36.977,2700830
MidCities Metropolitan District No. 2 - Greystar Exclusion Order,07066/2,Broomfield,30.779,10778340
MidCities Metropolitan District No. 2 - Lock at Flatiron Exclusion Order,07066/6,Boulder,0,0
MidCities Metropolitan District No. 2 - Lock at Flatiron Exclusion Order,07066/6,Broomfield,37.004,4991400
MidCities Metropolitan District No. 2 - Pathfinder Exclusion Order,07066/5,Broomfield,36.977,4352230
Middle Park Conservation District,25019/1,Grand,0,368137678
Middle Park Conservation District,25019/1,Summit,0,3562515215
Middle Park Water Conservancy District,64090/1,Grand,0.033,1532110628
Middle Park Water Conservancy District,64090/1,Summit,0.033,3562515215
Midtown Business Improvement District,66861/1,Larimer,0,0
Midtown Metropolitan District,66779/1,Denver,40,45147410
Midtown at Clear Creek Metropolitan District,67018/1,Adams,44.331,44324760
Midway Ranches Fire Protection District,66240/1,Pueblo,0,0
Mighty Argo Metropolitan District No. 1,67368/1,Clear Creek,0,0
Mighty Argo Metropolitan District No. 2,67369/1,Clear Creek,53.704,22010
Mighty Argo Metropolitan District No. 3,67370/1,Clear Creek,0,0
Mile High Business Center Metropolitan District,65511/1,Denver,26.391,42793600
Miller Ranch Metropolitan District,66038/1,Elbert,0,8480
Miller Ranch Water & Sanitation District,66039/1,Elbert,0,10
Miller's Landing Business Improvement District,66723/1,Douglas,62.577,506830
Milliken,62043/1,Weld,26.301,139938300
Milliken FPD '04 Exclusion (Bond 2024),62041/3,Weld,0,0
Mine Closure Fund,33001/10,Lake,0.279,357183687
Mineral Business Improvement District,67924/1,Arapahoe,36.333,6669279
Mineral County,40002/1,Mineral,23.166,67826608
Mineral County Fire Protection District,40003/1,Mineral,5.374,49012920
Miners Mesa Commercial Metropolitan District,24009/1,Gilpin,50,2580040
Miners Mesa Residential Metropolitan District,24010/1,Gilpin,0,0
Miners Park Metropolitan District No. 1,67761/1,Weld,0,10970
Miners Park Metropolitan District No. 2,67762/1,Weld,0,107510
Minneapolis Cemetery District,05005/1,Baca,0.411,3135498
Minturn,19024/1,Eagle,17.934,56978550
Minturn Cemetery Association,19023/1,Eagle,0.45,1858718440
Minturn Downtown Development Authority,68097/1,Eagle,0,5361990
Mirabelle Metropolitan District No. 1,18018/1,Douglas,26.851,149800
Mirabelle Metropolitan District No. 2,66756/1,Douglas,92.927,45349210
Mirabelle Metropolitan District No. 3,66757/1,Douglas,0,400
Mirabelle Metropolitan District No. 4,66758/1,Douglas,0,300
Misty Acres Metropolitan District,65498/1,El Paso,30,7840830
Moffat,55005/1,Saguache,10.407,5886632
Moffat 2 School District,55903/1,Saguache,38.025,54630192
Moffat County,41007/1,Moffat,24.108,429266702
Moffat County Affiliated Junior College District,41010/1,Moffat,3.001,429266702
Moffat County RE:No 1 School District,41900/1,Moffat,36.965,439404520
Montava Metropolitan District No. 1,67328/1,Larimer,0,2017
Montava Metropolitan District No. 2,67329/1,Larimer,0,2017
Montava Metropolitan District No. 3,67330/1,Larimer,0,2017
Montava Metropolitan District No. 4,67331/1,Larimer,0,2017
Montava Metropolitan District No. 5,67332/1,Larimer,0,2017
Montava Metropolitan District No. 6,67333/1,Larimer,0,2017
Montava Metropolitan District No. 7,67334/1,Larimer,0,2017
Monte Vista,53005/1,Rio Grande,14.74,40104311
Monte Vista C-8 School District,53901/1,Rio Grande,34.667,89452526
Monte Vista Fire Protection District,53004/1,Rio Grande,5.163,117557663
Montezuma,59028/1,Summit,3.188,4119050
Montezuma County,42017/1,Montezuma,14.254,702243750
Montezuma County Hospital District,42018/1,Montezuma,0.745,702243750
Montezuma County Law Enforcement Authority,65942/1,Montezuma,1.45,548294330
Montezuma County Water District No. 1,42019/1,Montezuma,2.867,9847420
Montezuma Mosquito Control District,42020/1,Montezuma,0.338,495526170
Montezuma-Cortez RE-1 School District,42900/1,Montezuma,30.289,570079015
Montezuma-Dolores County Metropolitan Recreation District,64092/1,Dolores,0.777,75558427
Montezuma-Dolores County Metropolitan Recreation District,64092/1,La Plata,0.777,49358150
Montezuma-Dolores County Metropolitan Recreation District,64092/1,Montezuma,0.777,691709580
Montrose,43004/1,Montrose,0,0
Montrose County,43001/1,Montrose,19.955,960438048
Montrose County RE-1J School District,64937/1,Gunnison,28.994,9148710
Montrose County RE-1J School District,64937/1,Montrose,28.994,972865506
Montrose County RE-1J School District,64937/1,Ouray,28.994,13669240
Montrose Downtown Development Authority,66206/1,Montrose,0,0
Montrose Fire Protection District,64093/1,Montrose,9.84,804783264
Montrose Fire Protection District,64093/1,Ouray,9.84,4001390
Montrose Library District,43017/1,Montrose,3.63,947456582
Montrose Recreation District,43003/1,Montrose,5,780893074
Montrose Urban Renewal Authority,66766/1,Montrose,0,0
Monument,21032/1,El Paso,5.56,364522390
Monument Junction Metropolitan District No. 1,67475/1,El Paso,64.443,2116470
Monument Junction Metropolitan District No. 2,67476/1,El Paso,54.311,7096220
Monument Sanitation District,21031/1,El Paso,0,103064390
Morgan Conservation District,64269/1,Adams,0,215340
Morgan Conservation District,64269/1,Morgan,0,162273930
Morgan Conservation District,64269/1,Weld,0,111334740
Morgan County,44010/1,Morgan,29.236,768599180
Morgan County Quality Water District,64094/1,Morgan,0.824,287097100
Morgan County Quality Water District,64094/1,Washington,0.824,738853
Morgan Hill Metropolitan District No. 1,66093/1,Weld,62.833,7049600
Morgan Hill Metropolitan District No. 2,66094/1,Weld,59.065,9447790
Morgan Hill Metropolitan District No. 3,66095/1,Weld,58.213,15181050
Morningview Metropolitan District,66457/1,El Paso,32.735,2619230
Morrison,30065/1,Jefferson,6.746,16830870
Morrison Creek Metropolitan Water & Sanitation District,54006/1,Routt,10.978,54895120
Mosaic Metropolitan District No. 1,67243/1,Mesa,0,86400
Mount Carbon Metropolitan District,30068/1,Jefferson,27,21293891
Mount Carbon Metropolitan District - Ex 00,30068/3,Jefferson,20,597734
Mount Carbon Metropolitan District - Ex 07,30068/4,Jefferson,20,81742671
Mount Carbon Metropolitan District - Ex 08,30068/5,Jefferson,20,5100994
Mount Carbon Metropolitan District - Ex 16,30068/7,Jefferson,20,6388
Mount Carbon Metropolitan District - Ex 18,30068/14,Jefferson,0,0
Mount Carbon Metropolitan District - Ex 19,30068/10,Jefferson,20,46
Mount Carbon Metropolitan District - Ex 20,30068/8,Jefferson,20,258
Mount Carbon Metropolitan District - Ex 21,30068/9,Jefferson,20,128749
Mount Carbon Metropolitan District - Ex 23,30068/11,Jefferson,20,8269145
Mount Carbon Metropolitan District - Ex 24,30068/12,Jefferson,20,5424230
Mount Carbon Metropolitan District - Ex 25,30068/13,Jefferson,20,4796252
Mount Carbon Metropolitan District - Ex 87,30068/6,Jefferson,20,185654
Mount Sopris Conservation District,64254/1,Eagle,0,21107360
Mount Sopris Conservation District,64254/1,Garfield,0,0
Mount Sopris Conservation District,64254/1,Pitkin,0,0
Mount Vernon Country Club Metropolitan District,30124/1,Jefferson,48.8,6801277
Mountain Area Metropolitan District No. 1,67956/1,Routt,10,12688004
Mountain Area Metropolitan District No. 2,67957/1,Routt,30,508298
Mountain Area Metropolitan District No. 3,67958/1,Routt,12.5,2076882
Mountain Area Metropolitan District No. 4,67959/1,Routt,0,0
Mountain Area Metropolitan District No. 5,67960/1,Routt,0,0
Mountain Area Metropolitan District No. 6,67961/1,Routt,0,0
Mountain Brook Metropolitan District,67280/1,Boulder,54.885,8904736
Mountain Communities Fire Protection District,64185/1,Douglas,8.582,8614390
Mountain Communities Fire Protection District,64185/1,Teller,8.582,6242540
Mountain Recreation Metropolitan District,19039/1,Eagle,3.65,1368899690
Mountain Shadows Metropolitan District,65268/1,Jefferson,50.176,24632286
Mountain Shadows Metropolitan District,66480/1,Weld,62.214,5353380
Mountain Sky Metropolitan District,66816/1,Weld,87.316,8684930
Mountain Valley Metropolitan District,66739/1,El Paso,44.56,4442510
Mountain Valley RE 1 School District,55902/1,Saguache,33.864,42540153
Mountain View,30067/1,Jefferson,3.311,12549057
Mountain View Estates Metropolitan District No. 1,68241/1,Adams,0,0
Mountain View Estates Metropolitan District No. 2,68242/1,Adams,0,0
Mountain View Fire Protection District,64087/1,Boulder,16.342,1382188750
Mountain View Fire Protection District,64087/1,Jefferson,16.342,8862
Mountain View Fire Protection District,64087/1,Weld,16.342,1522463457
Mountain View Villages Water and Sanitation District,65920/1,Lake,50,666041
Mountain Village,57027/1,San Miguel,11.36,580221685
Mountain Village Metropolitan District,57021/1,San Miguel,0.826,580221685
Mountain Vista Metropolitan District,19072/1,Eagle,8.2,4712300
Mountain Vista Metropolitan District,65724/1,El Paso,49.353,17422520
Mountain Vista Metropolitan District No. 2,67640/1,El Paso,40,236500
Mountain Water & Sanitation District,64095/1,Jefferson,14.9,18703593
Mountain Water & Sanitation District - Ex 20,64095/3,Clear Creek,0,0
Mountain Water & Sanitation District - Ex 20,64095/3,Jefferson,7.5,98633
Mountain Water & Sanitation District - Ex 20,64095/3,Park,0,0
Mountain West Metropolitan District,66096/1,Jefferson,25,16456700
Mountain's Edge Metropolitan District,66429/1,Jefferson,86,4727831
Mt. Crested Butte,26011/1,Gunnison,10.378,180700490
Mt. Crested Butte Water & Sanitation District,26003/1,Gunnison,6.338,205714480
"Mt. Crested Butte, Colorado Downtown Development Authority",26019/1,Gunnison,0,57896860
Mt. Werner Water & Sanitation District,54007/1,Routt,0,761849570
Muegge Farms Metropolitan District No. 1,67001/1,Adams,71.847,6503520
Muegge Farms Metropolitan District No. 2,67002/1,Adams,0,1390
Muegge Farms Metropolitan District No. 3,67003/1,Adams,72.769,4038900
Muegge Farms Metropolitan District No. 4,67004/1,Adams,72.435,4040
Muegge Farms Metropolitan District No. 5,67423/1,Adams,0,10
Muegge Farms Metropolitan District No. 6,67424/1,Adams,0,10
Muegge Farms Metropolitan District No. 7,67425/1,Adams,0,10
Muegge Farms Metropolitan District No. 8,67426/1,Adams,0,10
Mulberry Frontage Metropolitan District,66866/1,Larimer,0,8027
Mulberry Metropolitan District No. 1,67626/1,Larimer,53.703,34193
Mulberry Metropolitan District No. 2,67627/1,Larimer,53.702,459714
Mulberry Metropolitan District No. 3,67628/1,Larimer,54.342,6700236
Mulberry Metropolitan District No. 4,67629/1,Larimer,53.697,139066
Mulberry Metropolitan District No. 5,67630/1,Larimer,53.273,1712
Mulberry Metropolitan District No. 6,67631/1,Larimer,26.851,214243
Munn's Addition Water & Sanitation District,44012/1,Morgan,0,2070300
Murata Farms Commercial Metropolitan District,67563/1,Weld,25,66000
Murata Farms Residential Metropolitan District,67564/1,Weld,67.707,404680
Murphy Creek Metropolitan District No. 1,03149/1,Arapahoe,8,7733
Murphy Creek Metropolitan District No. 2,03150/1,Arapahoe,71.105,5496994
Murphy Creek Metropolitan District No. 2 - Bond,03150/2,Arapahoe,0,0
Murphy Creek Metropolitan District No. 3,03151/1,Arapahoe,31.115,58192544
Murphy Creek Metropolitan District No. 4,65732/1,Arapahoe,74.562,17237171
Murphy Creek Metropolitan District No. 4 - Bonds,65732/2,Arapahoe,0,0
Murphy Creek Metropolitan District No. 5,66837/1,Arapahoe,65.517,7787035
Museum,39023/12,Mesa,0,0
Museums,54012/11,Routt,0.3,2242144980
NBC Metropolitan District,30149/1,Jefferson,48,23269455
NP125 Metropolitan District,66479/1,Weld,61.429,3338975
National Resort Metropolitan District,66498/1,Weld,39,207080
Naturita,43005/1,Montrose,13.936,5188664
Navajo Western Water District,28008/1,Huerfano,6.595,6997702
Nederland,07033/1,Boulder,17.274,45089202
Nederland Community Library District,65125/1,Boulder,5.557,115647370
Nederland Community Library District - Bond,65125/2,Boulder,1.157,287751
Nederland Downtown Development Authority,65638/1,Boulder,5,8452366
Nederland Fire Protection District,07059/1,Boulder,18.565,92172222
Neighbors Point Metropolitan District,65361/1,Weld,50,3746605
Neu Towne Metropolitan District,65362/1,Douglas,36.52,19928490
New Castle,23012/1,Garfield,8.551,90014490
New Conejos/Los Cerritos Cemetery District,11018/1,Conejos,1.571,14018191
New Elmwood Cemetery District,39028/1,Mesa,0.397,272405600
New Raymer-Stoneham Fire Protection District,64180/1,Morgan,2.588,15509370
New Raymer-Stoneham Fire Protection District,64180/1,Weld,2.588,459384500
New Windsor Metropolitan District,62108/1,Weld,30,10845300
Newlin Crossing Metropolitan District,67542/1,Douglas,52.304,7371430
Nexus North at DIA Metropolitan District,67132/1,Adams,28.6,45810890
Nine Mile Metropolitan District,67258/1,Boulder,0,397861
Niwot Sanitation District,07034/1,Boulder,0,231278480
No. 1 Fire Protection District,09003/1,Cheyenne,1.25,95516075
Normandy Estates Metropolitan Recreation District,64096/1,Arapahoe,15,5531176
Normandy Estates Metropolitan Recreation District,64096/1,Jefferson,15,12203716
Norris / Appletree Business Improvement District,65725/1,El Paso,0,1670
Norris Ranch Metropolitan District No. 1,65728/1,El Paso,50,146510
Norris Ranch Metropolitan District No. 2,65729/1,El Paso,50,35290
North Carter Lake Water District,35029/1,Larimer,5.4,7768268
North Central Fire Protection District,20011/1,Elbert,8.79,10604340
North Conejos RE-1J School District,64913/1,Alamosa,33.509,1422835
North Conejos RE-1J School District,64913/1,Conejos,33.509,50990171
North East Metropolitan District,68201/1,Weld,0,40840
North End Metropolitan District No. 1,66117/1,Adams,55.664,722660
North End Metropolitan District No. 2,66118/1,Adams,0,722660
North End Metropolitan District No. 3,66119/1,Adams,0,722660
North End Metropolitan District No. 4,66120/1,Adams,0,722660
North Fork Ambulance Health Service District,66993/1,Delta,5.412,163976249
North Fork Ambulance Health Service District,66993/1,Gunnison,5.412,57828140
North Fork Ambulance Health Service District,66993/1,Montrose,5.412,7040200
North Fork Fire Protection District,30127/1,Douglas,13.545,3833920
North Fork Fire Protection District,30127/1,Jefferson,13.545,153587616
North Fork Mosquito Abatement District,15024/1,Delta,1.802,89548250
"North Fork Pool, Park & Recreation District",15029/1,Delta,2.5,143731291
North Fork Water Conservancy District,64097/1,Delta,0.561,138980986
North Fork Water Conservancy District,64097/1,Gunnison,0.561,49102940
North Holly Metropolitan District,65499/1,Adams,60.593,18482400
North Kiowa Bijou Groundwater Mgmt,64099/1,Adams,0.02,118471200
North Kiowa Bijou Groundwater Mgmt,64099/1,Arapahoe,0.02,160215037
North Kiowa Bijou Groundwater Mgmt,64099/1,Morgan,0.02,78257270
North Kiowa Bijou Groundwater Mgmt,64099/1,Weld,0.02,29073510
North La Junta Conservancy District,45011/1,Otero,0.753,2912788
North La Junta Sanitation District,45010/1,Otero,1.781,1733740
North Lamar Sanitation District,50018/1,Prowers,8.637,2119265
North Land Industrial Metropolitan District No. 1,66679/1,Weld,0,910
North Land Industrial Metropolitan District No. 2,66680/1,Weld,50,135516590
North Lincoln Water & Sanitation District,01015/1,Adams,1.17,41471710
North Meadow Metropolitan District No. 1,67437/1,El Paso,21.501,140
North Meadow Metropolitan District No. 2,67438/1,El Paso,21.475,175790
North Meadow Metropolitan District No. 3,67439/1,El Paso,71.481,5310270
North Meadow Metropolitan District No. 4,67440/1,El Paso,71.28,24830
North Meadow Metropolitan District No. 5,67441/1,El Paso,70.92,2880
North Meridian Metropolitan District,18121/1,Douglas,0,0
North Meridian Metropolitan District - Debt Service,18121/2,Douglas,0,177250
North Meridian Metropolitan District - Debt Service 2,18121/3,Douglas,0,0
North Metro Fire Rescue District,64150/1,Adams,14.737,718233546
North Metro Fire Rescue District,64150/1,Boulder,14.737,9775123
North Metro Fire Rescue District,64150/1,Broomfield,14.737,1987394625
North Metro Fire Rescue District,64150/1,Jefferson,14.737,79856795
North Metro Fire Rescue District,64150/1,Weld,14.737,58308430
North Metro Fire Rescue District - Bond (FKA FD1B),64150/20,Adams,0,222304310
North Metro Fire Rescue District - Bond (FKA FD1B),64150/20,Weld,0,58308430
North Metro Fire Rescue District - Ex 08,64150/19,Jefferson,0,6670709
North Metro Fire Rescue District - Ex 09 (4705),64150/21,Jefferson,0,911875
North Metro Fire Rescue District - Ex 22,64150/23,Adams,0,0
North Metro Fire Rescue District - Ex 22,64150/23,Boulder,0,0
North Metro Fire Rescue District - Ex 22,64150/23,Broomfield,0,0
North Metro Fire Rescue District - Ex 22,64150/23,Jefferson,0,189
North Metro Fire Rescue District - Ex 22,64150/23,Weld,0,0
North Metro Fire Rescue District Excl 88,64150/2,Adams,0,0
North Metro Fire Rescue District Excl 93,64150/7,Adams,0,0
North Park Conservation District,29005/1,Jackson,0,0
North Park Hospital District,29004/1,Jackson,7.323,99007417
North Park School District R-1,29900/1,Jackson,23.109,101377173
North Pecos Water & Sanitation District,64100/1,Adams,0,329291590
North Pecos Water & Sanitation District,64100/1,Denver,0,14907050
North Pine Vistas Metropolitan District No. 1,66359/1,Douglas,0,3600
North Pine Vistas Metropolitan District No. 2,66360/1,Douglas,42.963,23750180
North Pine Vistas Metropolitan District No. 3,66361/1,Douglas,68.716,25406320
North Pines Metropolitan District,20013/1,Elbert,43.667,6652440
North Range Metropolitan District No. 1,01096/1,Adams,97.774,82363890
North Range Metropolitan District No. 1 Subdistrict,01096/2,Adams,0,0
North Range Metropolitan District No. 1 Subdistrict,67394/1,Adams,0,5883060
North Range Metropolitan District No. 1 Subdistrict 2,66883/1,Adams,0,1456660
North Range Metropolitan District No. 2,01097/1,Adams,97.774,51278650
North Range Metropolitan District No. 2 Subdistrict,66884/1,Adams,0,7465810
North Range Metropolitan District No. 3,65026/1,Adams,97.774,38074560
North Range Metropolitan District No. 4,65027/1,Adams,97.774,3720
North Range Metropolitan District No. 5,65028/1,Adams,88.305,3720
North Range Village Metropolitan District,01077/1,Adams,54.831,15354270
North Routt Fire Protection District,54031/1,Routt,10.271,82004710
North Shore Water District,25020/1,Grand,0.219,7862700
North Station Metropolitan District No. 1,65286/1,Weld,53.703,25740
North Station Metropolitan District No. 2,65287/1,Weld,50.339,9823460
North Station Metropolitan District No. 3,65288/1,Weld,53.703,1342860
North Subdistrict of Gunnison County Metropolitan Recreation District,67702/1,Gunnison,2,675482820
North Suburban Metropolitan District No. 1,65828/1,Weld,62.793,276750
North Suburban Metropolitan District No. 2,65829/1,Weld,64.227,586910
North Suburban Metropolitan District No. 3,65830/1,Weld,62.793,276750
North Suburban Metropolitan District No. 4,65831/1,Weld,62.793,276750
North Table Mountain Water & Sanitation District,30070/1,Jefferson,0,535938098
North Vista Highlands Metropolitan District No. 1,67088/1,Pueblo,0,10
North Vista Highlands Metropolitan District No. 2,67089/1,Pueblo,80.428,72820
North Vista Highlands Metropolitan District No. 3,67090/1,Pueblo,81.194,2058040
North Vista Highlands Metropolitan District No. 4,67091/1,Pueblo,60,4050
North Vista Highlands Metropolitan District No. 5,67092/1,Pueblo,0,4050
North Washington Street Water & Sanitation District,64102/1,Adams,0.6,798042497
North Washington Street Water & Sanitation District,64102/1,Denver,0.6,13971320
North Weld County Water District,64103/1,Larimer,0,38795283
North Weld County Water District,64103/1,Weld,0,1868632090
North Westerly Metropolitan District No. 1,68078/1,Weld,0,49550
North Westerly Metropolitan District No. 2,68079/1,Weld,0,18240
North Westerly Metropolitan District No. 3,68080/1,Weld,0,29600
North Westerly Metropolitan District No. 4,68081/1,Weld,0,276300
North-West Fire Protection District,47011/1,Park,20.333,252845039
Northeast Conejos County Fire Protection District,11012/1,Conejos,6.023,11508319
Northeast Lincoln Fire Protection District,37014/1,Lincoln,1.506,15056540
Northeast Teller County Fire Protection District,60016/1,El Paso,13.182,1367760
Northeast Teller County Fire Protection District,60016/1,Teller,13.214,262247422
Northern Chaffee County Library District,08005/1,Chaffee,3.7,427430150
Northern Colorado Water Conservancy,64105/1,Boulder,1,10847519801
Northern Colorado Water Conservancy,64105/1,Broomfield,1,979377993
Northern Colorado Water Conservancy,64105/1,Larimer,1,8760039347
Northern Colorado Water Conservancy,64105/1,Logan,1,242819444
Northern Colorado Water Conservancy,64105/1,Morgan,1,624236160
Northern Colorado Water Conservancy,64105/1,Sedgwick,1,40006300
Northern Colorado Water Conservancy,64105/1,Washington,1,4611513
Northern Colorado Water Conservancy,64105/1,Weld,1,12673426983
Northern Colorado Water Conservancy Municipal Subdistrict,64104/1,Jefferson,0,30178374
Northern Colorado Water Conservancy Municipal Subdistrict,64104/1,Sedgwick,0,0
Northern Commerce Metropolitan District,65298/1,Adams,31.367,11574230
Northern Douglas County Water & Sanitation District,18015/1,Douglas,12.481,147984910
Northern Saguache County Ambulance District,65089/1,Saguache,7.5,59954910
Northern Saguache County Fire Protection District,55006/1,Saguache,7.98,59954910
Northern Saguache County Library District,66239/1,Saguache,5.236,92488724
Northfield Metropolitan District No. 1,67274/1,Larimer,0,135
Northfield Metropolitan District No. 2,67275/1,Larimer,57,8699833
Northfield Metropolitan District No. 3,67276/1,Larimer,0,22335
Northgate Water District,01017/1,Adams,0,0
Northglenn,64198/1,Adams,11.597,558081126
Northglenn,64198/1,Weld,11.597,58308430
Northglenn Urban Renewal Authority,01055/1,Adams,0,0
Northglenn Urban Renewal Authority - Garland,01055/2,Adams,0,0
Northglenn Urban Renewal Authority - Huron Center,01055/4,Adams,0,0
Northglenn Urban Renewal Authority - Rem 7,01055/5,Adams,0,0
Northglenn Urban Renewal Authority - Webster Lake,01055/3,Adams,0,0
Northlake Metropolitan District No. 1,66505/1,Weld,39,760
Northlake Metropolitan District No. 2,66506/1,Weld,39,31370
Northlake Metropolitan District No. 3,66507/1,Weld,39,20770410
Northlake Metropolitan District No. 4,66508/1,Weld,39,53830
Northlake Metropolitan District No. 5,66509/1,Weld,39,1360
"Northlands General Improvement District, City of Walsenburg, Colorado",66165/1,Huerfano,0,0
Northlands Metropolitan District,65465/1,Broomfield,0,90002
Northridge Estates Metropolitan District No. 1,67140/1,Weld,75.077,2407980
Northridge Estates Metropolitan District No. 2,67141/1,Weld,75.077,2203750
Northridge Estates Metropolitan District No. 3,67142/1,Weld,75.077,2969930
Northwest Colorado General Improvement District (No. 1-2022),67962/1,Routt,35,118210
Northwest Conejos County Fire Protection District,64106/1,Alamosa,6.012,2041089
Northwest Conejos County Fire Protection District,64106/1,Conejos,5.319,34056991
Northwest Conejos County Fire Protection District,64106/1,Rio Grande,6.012,1328331
Northwest Lakewood Sanitation District,30074/1,Jefferson,5.946,317974290
Norwood,57007/1,San Miguel,12.219,9067472
Norwood Fire Protection District,64107/1,Montrose,23.11,10787352
Norwood Fire Protection District,64107/1,San Miguel,21.315,40148303
Norwood Park and Recreation District,66164/1,San Miguel,0.863,47302912
Norwood R-2J School District,64949/1,Montrose,26.321,11752837
Norwood R-2J School District,64949/1,San Miguel,26.321,54923722
Norwood Sanitation District,57006/1,San Miguel,2.069,8896274
Norwood Special Improvement Maintenance District,21058/1,El Paso,3.935,296521870
Nucla,43007/1,Montrose,0,0
Nucla-Naturita Cemetery District,43008/1,Montrose,0,0
Nucla-Naturita Fire Protection District,43009/1,Montrose,6.5,21354272
Nucla-Naturita Fire Protection District - Pension,43009/2,Montrose,0,0
Nunn,62045/1,Weld,13.81,26388540
Nunn Fire Protection District,62044/1,Weld,4.096,220926220
Oak Creek,54010/1,Routt,11.166,17120250
Oak Creek Cemetery District,54008/1,Routt,0.19,124712750
Oak Creek Fire Protection District,54009/1,Routt,12.507,104114290
Oak Park Metropolitan District,65195/1,Arapahoe,43.208,1689381
Oil & Gas Exemption Fund,41007/11,Moffat,0,0
Olathe,43012/1,Montrose,9.098,19220370
Olathe Cemetery District,43010/1,Montrose,0.62,86275458
Olathe Fire Protection District,43011/1,Montrose,12.65,93339252
Old Colorado City Downtown Development Authority,68086/1,El Paso,0,67860520
Old Colorado City Security & Maintenance District,21055/1,El Paso,13.416,15279060
Old Ranch Metropolitan District,65082/1,El Paso,0,110
Old South Gaylord Business Improvement District,16019/1,Denver,3.989,14252340
Olde Stage Water District,07035/1,Boulder,0,9972974
Olde Town Arvada Business Improvement District,65677/1,Jefferson,0,0
Olde Town Arvada Business Improvement District,66492/1,Jefferson,8.5,18268410
Olde Town Metropolitan District,65311/1,Douglas,55,5843290
Olney Springs,13004/1,Crowley,11.551,1132904
Olney-Boone Conservation District,13005/1,Pueblo,0,2179360
OmniPark Metropolitan District,18106/1,Douglas,6,48428830
OmniPark Metropolitan District - Bond,18106/2,Douglas,0,0
OmniPark Metropolitan District - Debt Service 2,18106/3,Douglas,0,0
One Place Metropolitan District No. 1,67637/1,El Paso,0,46440
One Place Metropolitan District No. 2,67638/1,El Paso,0,696460
One Place Metropolitan District No. 3,67639/1,El Paso,0,277460
Open Space,19011/10,Eagle,1.306,5338527000
Open Space,49010/8,Pitkin,3.75,5544208430
Open Space,54012/8,Routt,0,0
Open Space,59021/9,Summit,1.159,3562515215
Open Space(Capital Imp),10003/10,Clear Creek,0.946,379051820
Operation Quality of Life,17002/8,Dolores,3.6,99324611
Ophir,57008/1,San Miguel,27.665,9580289
Orchard City,15022/1,Delta,0,35391148
Orchard Farms Metropolitan District,66035/1,Adams,57.161,20376980
Orchard Hills Metropolitan Recreation & Park District,03059/1,Arapahoe,1.331,19210402
Orchard Park Place North Metropolitan District,66083/1,Adams,28,479414
Orchard Park Place Residential Metropolitan District,66085/1,Adams,0,8860
Orchard Park Place South Metropolitan District,66084/1,Adams,53.702,10526680
Orchard Valley Metropolitan District,03085/1,Arapahoe,10.989,56722078
Ordway,13006/1,Crowley,26.698,5021655
Otero County,45012/1,Otero,22.161,193315545
Otis,61006/1,Washington,29.5,2866767
Otis R-3 School District,61902/1,Washington,34.188,24691989
Otis Rural Fire Protection District,61004/1,Washington,2.125,36204192
Otis Sanitation District,61005/1,Washington,1.575,2866768
Ouray,46007/1,Ouray,16.082,61951750
Ouray County,46005/1,Ouray,13.165,324186540
Ouray County Regional Service Authority,46018/1,Ouray,0.375,324186540
Ouray Fire Protection District,46011/1,Ouray,6.515,9457030
Ouray Library District,46010/1,Ouray,1.57,106599710
Ouray R-1 School District,46900/1,Ouray,29.998,113989980
Overland Metropolitan District No. 1,67862/1,Weld,0,10
Overland Metropolitan District No. 2,67863/1,Weld,0,10
Overland Metropolitan District No. 3,67864/1,Weld,0,2600
Overland Metropolitan District No. 4,67865/1,Weld,0,10
Overland Metropolitan District No. 5,67866/1,Weld,0,10
Overland Metropolitan District No. 6,67867/1,Weld,0,10
Overlook Metropolitan District,66600/1,Douglas,53.024,10089480
Overlook Park Metropolitan District,67498/1,Routt,63.703,3229610
Overlook at Homestead Metropolitan District,68087/1,El Paso,0,34420
Overlook at Kings Point South Metropolitan District,67546/1,Douglas,63.832,960
Ovid,58007/1,Sedgwick,15.591,1682410
Ovid Cemetery District,58006/1,Sedgwick,0.478,19360420
Ovid Fire Protection District,58015/1,Sedgwick,4,11084920
PLA Metropolitan District,65918/1,Adams,34,4325433
PV Water & San. Metropolitan District,65449/1,Adams,0,0
Pagosa Area Water & San,04003/1,Archuleta,4.229,225861505
Pagosa Area Water & San Dist B,04003/2,Archuleta,1.302,206137210
Pagosa Fire Protection District,04004/1,Archuleta,8.846,536059620
Pagosa Springs,04006/1,Archuleta,1.564,112407775
Pagosa Springs Sanitation General Improvement District,65074/1,Archuleta,0.904,90378960
Pagosa Springs Urban Renewal Authority,67248/1,Archuleta,0,0
Paint Brush Hills Metropolitan District,21074/1,El Paso,18.829,49585490
Paint Brush Hills Metropolitan District Subdistrict A,66621/1,El Paso,40,20258010
Painted Prairie Business Improvement District Number One,66859/1,Adams,10,270
Painted Prairie Business Improvement District Number Two,66860/1,Adams,10,179500
Painted Prairie Metropolitan District No. 1,65545/1,Adams,17.098,58675450
Painted Prairie Metropolitan District No. 10,67194/1,Adams,58.945,3635620
Painted Prairie Metropolitan District No. 10 - Bond,67194/2,Adams,0,10
Painted Prairie Metropolitan District No. 11,67195/1,Adams,59.5,190
Painted Prairie Metropolitan District No. 12,67196/1,Adams,59.5,190
Painted Prairie Metropolitan District No. 2,65546/1,Adams,68.761,21997640
Painted Prairie Metropolitan District No. 2 - Bond,65546/2,Adams,0,10
Painted Prairie Metropolitan District No. 3,65547/1,Adams,67.107,15942670
Painted Prairie Metropolitan District No. 3 - Bond,65547/2,Adams,0,10
Painted Prairie Metropolitan District No. 4,65548/1,Adams,58.536,1777210
Painted Prairie Metropolitan District No. 4 - Bond,65548/2,Adams,0,10
Painted Prairie Metropolitan District No. 5,65549/1,Adams,60.552,6119210
Painted Prairie Metropolitan District No. 5 - Bond,65549/2,Adams,0,10
Painted Prairie Metropolitan District No. 6,65550/1,Adams,41.671,5901800
Painted Prairie Metropolitan District No. 6 - Bond,65550/2,Adams,0,10
Painted Prairie Metropolitan District No. 7,66921/1,Adams,35.444,1510030
Painted Prairie Metropolitan District No. 7 - Bond,66921/2,Adams,0,10
Painted Prairie Metropolitan District No. 8,66922/1,Adams,35.444,875450
Painted Prairie Metropolitan District No. 8 - Bond,66922/2,Adams,0,10
Painted Prairie Metropolitan District No. 9,66923/1,Adams,35.444,190
Painted Prairie Metropolitan District No. 9 - Bond,66923/2,Adams,0,10
Palisade,39034/1,Mesa,17.5,44822290
Palisade Metropolitan District No. 1,65835/1,Broomfield,84.324,68289
Palisade Metropolitan District No. 2,65836/1,Broomfield,51.702,149644
Palisade Park North Metropolitan District No. 1,65840/1,Broomfield,79.059,69988
Palisade Park North Metropolitan District No. 2,66711/1,Broomfield,82.098,56638
Palisade Park North Metropolitan District No. 3,66836/1,Broomfield,69.888,156827
Palisade Park West Metropolitan District,67104/1,Broomfield,72.173,123304
Palisade Rural Fire Protection District,39032/1,Mesa,5.807,29679280
Palmer Lake,21034/1,El Paso,21,62516770
Palmer Lake Sanitation,21033/1,El Paso,0,60822050
Pan-Ark Estates Metropolitan District,67561/1,Lake,9.623,19467130
Panorama Improvement District A,39035/4,Mesa,16.2,11213500
Panorama Improvement District B,39035/3,Mesa,0.275,5746750
Panorama Metropolitan District,03086/1,Arapahoe,10.37,99032366
Panorama Metropolitan District-Bonds Only,03086/2,Arapahoe,0,33174671
Paoli,48006/1,Phillips,8.543,1782680
Paonia,15025/1,Delta,8.322,23432252
Paonia Cemetery District,15023/1,Delta,0.77,73546891
Parachute,23013/1,Garfield,13.562,39428560
Parachute Urban Renewal Authority,68043/1,Garfield,0,0
Parachute/Battlement Mesa Park & Recreation District,23029/1,Garfield,4,393611940
Paradise of Colorado Metropolitan District,65541/1,Teller,25,5845710
Paradox Fire Protection District,43019/1,Montrose,0,0
Paradox Valley Water Conservancy District,43020/1,Montrose,0,0
Park (Estes Park) R-3 School District,64933/1,Boulder,28.566,45629657
Park (Estes Park) R-3 School District,64933/1,Larimer,28.566,632087276
Park 70 Metropolitan District,65207/1,Adams,31.574,159503120
Park Center Water District,22016/1,Fremont,0.926,35162600
Park County,47012/1,Park,14.839,855946449
Park County RE-2 School District,47901/1,Park,17.776,660810155
Park Creek Metropolitan District,16032/1,Denver,0,16590
Park Forest Water District,21035/1,El Paso,14.437,13774260
Park Hospital District,35032/1,Larimer,7.505,586293438
Park Meadows Business Improvement District,65726/1,Douglas,0,830
Park Meadows Metro,18039/1,Douglas,6.387,471704064
Park Union Business Improvement District,66862/1,El Paso,32.221,2717860
Park Union Metropolitan District No. 1,66864/1,El Paso,42.962,2715160
Park Union Metropolitan District No. 2,66865/1,El Paso,0,2715440
Parkdale Metropolitan District No. 1,66896/1,Boulder,73.546,30909411
Parkdale Metropolitan District No. 2,66897/1,Boulder,69.812,354836
Parkdale Metropolitan District No. 3,66898/1,Boulder,16.105,205
Parker,18028/1,Douglas,2.602,1458790750
Parker Authority for Reinvestment - Cottonwood Commercial Urban Renewal Plan Area,65615/2,Douglas,0,17830392
Parker Authority for Reinvestment - Parker Central Urban Renewal Plan Area,65615/3,Douglas,0,59490833
Parker Authority for Reinvestment - Parker Road Urban Renewal Plan Area,65615/4,Douglas,0,62944525
Parker Automotive Metropolitan District,65257/1,Douglas,54.74,24535410
Parker Homestead Metropolitan District,66298/1,Douglas,43,18003880
Parker Jordan Metropolitan District,03103/1,Arapahoe,3.23,137301331
Parker Jordan Metropolitan District-Bonds,03103/2,Arapahoe,1.23,52078101
Parker Water & Sanitation District,18027/1,Douglas,5.771,1253908404
Parkland Metropolitan District No. 1,67934/1,Adams,0,50
Parkland Metropolitan District No. 2,67935/1,Adams,0,360
Parkland Metropolitan District No. 3,67936/1,Adams,0,3470
Parklands Village 2 Metropolitan District No. 1,65974/1,Arapahoe,0,19
Parklands Village 2 Metropolitan District No. 2,65975/1,Arapahoe,0,19
Parklands Village 2 Metropolitan District No. 3,65976/1,Arapahoe,0,19
Parklands Village 2 Metropolitan District No. 4,65173/1,Arapahoe,0,759
Parks & Receation,24005/14,Gilpin,0,0
Parks/Open Space,57010/9,San Miguel,0.875,1553350990
Parkside Metropolitan District,67133/1,Larimer,102.59,3640284
Parkside at City Centre Business Improvement District,66852/1,Arapahoe,68.078,404708
Parkside at City Centre Metropolitan District,66832/1,Arapahoe,12.305,402931
Parkville Water District,33005/1,Lake,0,95712999
Parkway Circle Metropolitan District,65076/1,Broomfield,35.312,38570970
Parkway Circle Metropolitan District Subdistrict,67061/1,Broomfield,22.443,19284040
Parkway Circle Metropolitan District Subdistrict (Dissolved.  Use LGID 67061/1.),65076/2,Broomfield,0,0
Parterre Metropolitan District No. 1,66098/1,Adams,50,10
Parterre Metropolitan District No. 2,66099/1,Adams,64.443,9502310
Parterre Metropolitan District No. 3,66100/1,Adams,0,10
Parterre Metropolitan District No. 4,66101/1,Adams,64.38,10
Parterre Metropolitan District No. 5,66102/1,Adams,64.38,10
Parterre Metropolitan District No. 6,66103/1,Adams,0,10
Parterre Metropolitan District No. 7,66104/1,Adams,0,10
Parterre Metropolitan District No. 8,66105/1,Adams,0,10
Pastora Ranch Metropolitan District No. 1,67665/1,Pueblo,0,2970
Pastora Ranch Metropolitan District No. 2,67666/1,Pueblo,0,6880
Pastora Ranch Metropolitan District No. 3,67667/1,Pueblo,0,83690
Patriot Park Metropolitan District No. 1,66885/1,El Paso,11.351,2556830
Patriot Park Metropolitan District No. 2,66886/1,El Paso,49.984,6987700
Pawnee Fire Protection District,62075/1,Weld,1.25,667955100
Pawnee RE-12 School District,62916/1,Weld,4.898,668322540
Pea Green Cemetery District,43013/1,Montrose,0.262,5099873
Peaceful Ridge Metropolitan District,66765/1,El Paso,60.741,562740
Peak Metropolitan District No. 1,67051/1,El Paso,41.888,16936750
Peak Metropolitan District No. 2,67052/1,El Paso,8.592,119139010
Peak Metropolitan District No. 3,67053/1,El Paso,41.888,4590260
Peak Metropolitan District No. 4,67756/1,El Paso,0,0
Peak Metropolitan District No. 5,67757/1,El Paso,0,0
Peak Metropolitan District No. 6,67758/1,El Paso,0,0
Peak Metropolitan District No. 7,67759/1,El Paso,0,0
Peaks Industrial Metropolitan District,65363/1,Weld,25,7297642
Peakview Metropolitan District No. 1,66983/1,Weld,0,0
Peakview Metropolitan District No. 2,66984/1,Weld,50,4460
Peakview Metropolitan District No. 3,66985/1,Weld,50,28760
Peakview Metropolitan District No. 4,66986/1,Weld,50,16470
Peetz,38016/1,Logan,32.452,1079491
Peetz Fire Protection District,38014/1,Logan,3.437,52797670
Penrith Park General Impr. District,65144/1,Adams,0,0
Penrith Park Metropolitan District,66868/1,Adams,77.648,5145530
Penrose Community Library District,22024/1,Fremont,5.037,53202484
Penrose Metropolitan District,68082/1,Weld,51.667,161060
Penrose Park & Recreation District,22022/1,Fremont,2.243,50301750
Penrose Sanitation District,65150/1,Fremont,0,0
Penrose Water District,22017/1,Fremont,5.627,49431675
Percheron Park and Recreation District,68122/1,El Paso,10.738,5681850
Perry Park Metropolitan District,18029/1,Douglas,4.383,57881100
Perry Park WSD - Water Only,18030/2,Douglas,0,635170
Perry Park Water & San,18030/1,Douglas,5.614,117204740
Peterson Gateway Metropolitan District,66841/1,El Paso,9.898,1662220
Peyton 23 JT School District,64922/1,El Paso,26.439,85247300
Peyton 23 JT School District,64922/1,Elbert,26.439,2650270
Peyton Fire Protection District,21079/1,El Paso,6.077,68100870
Phillips County,48007/1,Phillips,28.28,106444640
Phillips County Recreation District,48008/1,Phillips,1,106444640
Piceance Creek Pest Control District,52009/1,Rio Blanco,2,60075250
Piedra Park Metropolitan Improvement District,04007/1,Archuleta,7.384,6118670
Pier Point 7 General Improvement District (2-2009),66195/1,Arapahoe,20.5,10597332
Pierce,62046/1,Weld,10.476,34795490
Pikes Peak Heights Metropolitan District,66999/1,El Paso,9.791,5237740
Pikes Peak Library District,21052/1,El Paso,2.938,12878170820
Pikes Peak Park Metropolitan District No. 1,67656/1,Pueblo,0,12590
Pikes Peak Park Metropolitan District No. 2,67657/1,Pueblo,0,35100
Pikes Peak Park Metropolitan District No. 3,67658/1,Pueblo,0,17120
Pikes Peak Park Metropolitan District No. 4,67659/1,Pueblo,0,604350
Pikes Peak Park Metropolitan District No. 5,67660/1,Pueblo,0,3700
Pine Bluffs Metropolitan District,65201/1,Douglas,12.5,29366884
Pine Brook Water District,07037/1,Boulder,6.82,48512337
Pine Canyon Commercial Metropolitan District,68236/1,Douglas,0,0
Pine Canyon Metropolitan District No. 1,68232/1,Douglas,0,0
Pine Canyon Metropolitan District No. 2,68233/1,Douglas,0,0
Pine Canyon Metropolitan District No. 3,68234/1,Douglas,0,0
Pine Canyon Metropolitan District No. 4,68235/1,Douglas,0,0
Pine Drive Water District,51008/1,Pueblo,10.183,3731660
Pine River Cemetery District,34022/1,La Plata,0.15,262789440
Pine River Public Library District,34023/1,La Plata,4,262789440
Pinecrest Metropolitan District,67543/1,Jefferson,89.105,1561148
Pinery Commercial Metropolitan District No. 1,65484/1,Douglas,10,60580
Pinery Commercial Metropolitan District No. 2,65485/1,Douglas,10,5390760
Pinery Meadows Metropolitan District No. 1,68225/1,Douglas,0,0
Pinery Meadows Metropolitan District No. 2,68226/1,Douglas,0,0
Pinery West Metropolitan District No. 1,18111/1,Douglas,0,0
Pinery West Metropolitan District No. 2,18112/1,Douglas,13.124,65407660
Pinery West Metropolitan District No. 3,18113/1,Douglas,0,0
Pinewood Lake Fire Protection District,35081/1,Larimer,0,0
Pinewood Springs Fire Protection District,35033/1,Boulder,6.778,62600
Pinewood Springs Fire Protection District,35033/1,Larimer,6.778,19051816
Pinewood Springs Water District,35034/1,Larimer,14.147,13626274
Piney Creek Village Metropolitan District,03165/1,Arapahoe,42.148,12949074
Piney Lake Trails Metropolitan District No. 1,67600/1,Douglas,75.184,5308190
Piney Lake Trails Metropolitan District No. 2,67601/1,Douglas,0,5308190
Pinnacle Farms Metropolitan District No. 1,65130/1,Weld,50,4894481
Pinnacle Farms Metropolitan District No. 10,68075/1,Weld,64.456,4710
Pinnacle Farms Metropolitan District No. 2,67954/1,Weld,64.97,214990
Pinnacle Farms Metropolitan District No. 3,67955/1,Weld,42,9608
Pinnacle Farms Metropolitan District No. 4,68069/1,Weld,42,3939
Pinnacle Farms Metropolitan District No. 5,68070/1,Weld,42,3369
Pinnacle Farms Metropolitan District No. 6,68071/1,Weld,42,601
Pinnacle Farms Metropolitan District No. 7,68072/1,Weld,42,77810
Pinnacle Farms Metropolitan District No. 8,68073/1,Weld,42,58640
Pinnacle Farms Metropolitan District No. 9,68074/1,Weld,42,89540
Pinon Pines Metropolitan District No. 1,65226/1,El Paso,33.633,15530330
Pinon Pines Metropolitan District No. 2,65227/1,El Paso,49.715,10729800
Pinon Pines Metropolitan District No. 3,65228/1,El Paso,43.067,23214740
Pioneer Business Metropolitan District,67211/1,Arapahoe,20,7505758
Pioneer Cemetery District,31007/1,Kiowa,1.101,17563330
Pioneer Hills Metropolitan District,65627/1,Arapahoe,37.88,9925834
Pioneer Lookout Water District,21083/1,El Paso,0,2804120
Pioneer Metropolitan District No. 1,65647/1,Weld,0,191130
Pioneer Metropolitan District No. 2,65648/1,Weld,65.054,60631260
Pioneer Metropolitan District No. 2 - Exclusion (Capital Pledge 2046),65648/2,Weld,0,50
Pioneer Metropolitan District No. 4,65650/1,Weld,16.11,526590
Pioneer Metropolitan District No. 4 - Exclusion (Capital Pledge 2046),65650/2,Weld,0,3650
Pioneer Metropolitan District No. 5,65651/1,Weld,67.318,6753390
Pioneer Metropolitan District No. 6,65652/1,Weld,0,133990
Pioneer Regional Metropolitan District,65653/1,Weld,0,10
Pitkin,26012/1,Gunnison,5.39,7757550
Pitkin County,49010/1,Pitkin,8.48,5544208430
Pitkin County Library District,49024/1,Pitkin,1.18,5236792810
Pivot Denver Metropolitan District,67244/1,Adams,31,16748380
Plains Groundwater Management District,32012/1,Kit Carson,0,0
Plains Metropolitan District,30105/1,Jefferson,8,95877702
Plainview RE-2 School District,31901/1,Kiowa,24.545,20182519
Plateau RE-5 School District,38903/1,Logan,45.66,59268930
Plateau Valley 50 School District,39902/1,Mesa,35.843,136138330
Plateau Valley Fire Protection District,39038/1,Mesa,10,124517880
Plateau Valley Hospital District,39039/1,Mesa,8,120518600
Platte Avenue (in Knob Hill) Special Improvement Maintenance Dist.,21097/1,El Paso,0,11533150
Platte Canyon 1 School District,47900/1,Park,29.917,255784810
Platte Canyon Fire Protection District,47013/1,Park,14.315,195738030
Platte Canyon Water & Sanitation District,64110/1,Arapahoe,7.119,80672924
Platte Canyon Water & Sanitation District,64110/1,Jefferson,7.119,265684225
Platte Canyon Water and Sanitation District Subdistrict No. 1,67813/1,Jefferson,0,1909190
Platte Canyon Water and Sanitation District Subdistrict No. 1 (use 67813/1),64110/2,Jefferson,0,1909190
Platte Canyon Water and Sanitation District Subdistrict No. 2,67814/1,Jefferson,14.811,1963708
Platte Canyon Water and Sanitation District Subdistrict No. 2 (use 67814/1),64110/3,Jefferson,0,0
Platte River Metropolitan District,67241/1,Weld,65.455,156345550
Platte River Ranch South Metropolitan District,66694/1,Adams,24.774,13159020
Platte Valley Conservation District,62048/1,Weld,0,1494266038
Platte Valley Fire Protection District,62047/1,Weld,5.165,2022631180
Platte Valley RE-3 School District,58903/1,Sedgwick,42.426,31401010
Platte Valley RE-7 School District,62911/1,Weld,11.014,2690077560
Platte View Metropolitan District,68243/1,Weld,0,0
Platteville,62050/1,Weld,18.385,58721090
Platteville-Gilcrest Fire Protection District,62049/1,Weld,7.54,1145327080
Plaza Metropolitan District No. 1,30151/1,Jefferson,0,1359
Plaza Metropolitan District No. 2,30152/1,Jefferson,26.851,12291038
Plaza Metropolitan District No. 3,65046/1,Jefferson,28.327,5765328
Pleasant View Fire Protection District,64112/1,Dolores,5,4383612
Pleasant View Fire Protection District,64112/1,Montezuma,5,185048150
Pleasant View Metropolitan District,30075/1,Jefferson,14,204344430
Pleasant View Water & Sanitation District,30076/1,Jefferson,0.552,292421617
Plum Valley Heights Subdistrict of the Roxborough Water and Sanitation District,66528/1,Douglas,13.4,33348790
Podtburg Metropolitan District No. 1,67550/1,Weld,0,1600
Podtburg Metropolitan District No. 2,67551/1,Weld,0,1600
Podtburg Metropolitan District No. 3,67552/1,Weld,0,1600
Podtburg Metropolitan District No. 4,67553/1,Weld,0,1600
Podtburg Metropolitan District No. 5,67554/1,Weld,0,1600
Podtburg Metropolitan District No. 6,67555/1,Weld,0,1600
Point Metropolitan District,66726/1,Arapahoe,52.22,437007
"Pole Creek Meadows, Grand County, Colorado Public Improvement District",66433/1,Grand,0,0
Policeman's Pension,16002/8,Denver,1.185,25445395933
Polo Reserve Metropolitan District,65146/1,Arapahoe,26.665,9001606
Pomponio Terrace Metropolitan District,66770/1,Adams,46.555,9675340
Poncha Springs,08006/1,Chaffee,2.271,54004310
Ponderosa Ridge Metropolitan District No. 1,68215/1,Larimer,0,0
Ponderosa Ridge Metropolitan District No. 2,68216/1,Larimer,0,0
Ponderosa Ridge Metropolitan District No. 3,68217/1,Larimer,0,0
Ponderosa Ridge Metropolitan District No. 4,68218/1,Larimer,0,0
Ponderosa Ridge Metropolitan District No. 5,68219/1,Larimer,0,0
Porteos Business Improvement District,66828/1,Adams,5.37,111710320
Pot Hook Water Conservancy District,41008/1,Moffat,4,2523698
Potomac Farms Metropolitan District,65029/1,Adams,52.193,13452000
Poudre Canyon Fire Protection District,35035/1,Larimer,21.142,16701105
Poudre Heights Metropolitan District No. 1,67489/1,Weld,0,10
Poudre Heights Metropolitan District No. 2,67490/1,Weld,0,10
Poudre Heights Metropolitan District No. 3,67491/1,Weld,0,10
Poudre Heights Metropolitan District No. 4,67492/1,Weld,0,10
Poudre Heights Metropolitan District No. 5,67493/1,Weld,0,10
Poudre Heights Valley Metropolitan District,67617/1,Weld,43.85,3639720
Poudre R-1 School District,35902/1,Larimer,54.09,5615413399
Poudre River Public Library District,65663/1,Larimer,3.02,5029907472
Poudre Tech Metropolitan District,62101/1,Weld,0,5570
Poudre Valley Fire Protection District,64113/1,Larimer,11.607,945065091
Poudre Valley Fire Protection District,64113/1,Weld,11.607,19365700
Powers & Woodmen Commercial B.I.D.,65277/1,El Paso,18.074,20894550
Powers Corridor Metropolitan District,66043/1,El Paso,0,0
Powers Metropolitan District,66044/1,El Paso,59.946,9298900
Powhaton Road Metropolitan District No. 1,65243/1,Arapahoe,0,135
Powhaton Road Metropolitan District No. 10,65468/1,Arapahoe,0,135
Powhaton Road Metropolitan District No. 11,65469/1,Arapahoe,0,135
Powhaton Road Metropolitan District No. 2,65244/1,Arapahoe,52.153,19201582
Powhaton Road Metropolitan District No. 3,65423/1,Arapahoe,82.715,16984575
Powhaton Road Metropolitan District No. 4,65671/1,Arapahoe,70,5397028
Powhaton Road Metropolitan District No. 5,65672/1,Arapahoe,0,135
Powhaton Road Metropolitan District No. 6,65380/1,Arapahoe,0,135
Powhaton Road Metropolitan District No. 7,65381/1,Arapahoe,40,87023897
Powhaton Road Metropolitan District No. 8,65466/1,Arapahoe,0,135
Powhaton Road Metropolitan District No. 9,65467/1,Arapahoe,0,135
Prairie Center Metropolitan District No. 1,01044/1,Adams,61.384,11124970
Prairie Center Metropolitan District No. 10,65687/1,Adams,37.727,9254950
Prairie Center Metropolitan District No. 2,65058/1,Adams,0,310
Prairie Center Metropolitan District No. 3,65680/1,Adams,0,120
Prairie Center Metropolitan District No. 4,65681/1,Adams,64.443,46759980
Prairie Center Metropolitan District No. 4 - Pledge A,65681/2,Adams,0,100
Prairie Center Metropolitan District No. 5,65682/1,Adams,63.17,11764080
Prairie Center Metropolitan District No. 6,65683/1,Adams,60,1025610
Prairie Center Metropolitan District No. 7,65684/1,Adams,76.194,13601790
Prairie Center Metropolitan District No. 8,65685/1,Adams,0,20
Prairie Center Metropolitan District No. 9,65686/1,Adams,0,0
Prairie Conservation District,37009/1,Lincoln,0,37299941
Prairie Corner Metropolitan District,67391/1,Adams,60,2037520
Prairie Farm Metropolitan District,65540/1,Adams,70.01,13981220
Prairie Point Metropolitan District No. 1,65018/1,Arapahoe,86.591,23349
Prairie Point Metropolitan District No. 2,65019/1,Arapahoe,86.591,46000
Prairie Point Metropolitan District No. 3,65525/1,Arapahoe,86.591,2881
Prairie RE-11 School District,64954/1,Logan,5.779,909535
Prairie RE-11 School District,64954/1,Weld,5.779,459658450
Prairie Ridge Metropolitan District No. 1,68107/1,El Paso,36.166,9530
Prairie Ridge Metropolitan District No. 2,68108/1,El Paso,61.999,48830
Prairie Ridge Metropolitan District No. 3,68109/1,El Paso,64.32,62990
Prairie Song Metropolitan District No. 1,66121/1,Weld,0,10740
Prairie Song Metropolitan District No. 2,66122/1,Weld,21.486,10740
Prairie Song Metropolitan District No. 3,66519/1,Weld,26.68,10
Prairie Song Metropolitan District No. 4,66520/1,Weld,42.2,231950
Prairie Song Metropolitan District No. 5,66521/1,Weld,42.323,5597120
Prairie Song Metropolitan District No. 6,66522/1,Weld,41.897,842440
Prairie Song Metropolitan District No. 7,66523/1,Weld,21.166,830
Prairie Song Metropolitan District No. 8,67615/1,Weld,21.846,120
Prairie Song Metropolitan District No. 9,67616/1,Weld,21.489,10340
Prairie View Ranch Water District,65978/1,Morgan,0,1328950
PrairieStar Metropolitan District No. 1,66258/1,Larimer,0,135
PrairieStar Metropolitan District No. 2,66259/1,Larimer,59.055,20330007
PrairieStar Metropolitan District No. 3,66260/1,Larimer,43.655,260366
PrairieStar Metropolitan District No. 4,66261/1,Larimer,0,135
Preble Metropolitan District No. 1,65837/1,Broomfield,0,40
Preble Metropolitan District No. 2,65838/1,Broomfield,0,45410
Preble Metropolitan District No. 3,65839/1,Broomfield,0,612700
Primero Reorganized 2 School District,36901/1,Las Animas,18.472,105531060
Pritchett,05006/1,Baca,23.925,435615
Pritchett RE-3 School District,05901/1,Baca,23.822,32650450
Prologis Central Park Business Center Metropolitan District,16028/1,Denver,20,152424640
Promenade at Castle Rock Metropolitan District No. 1,66525/1,Douglas,63.477,6667390
Promenade at Castle Rock Metropolitan District No. 3,66527/1,Douglas,54.665,71940650
Promontory Metropolitan District No. 1,67189/1,Adams,50,15022900
Promontory Metropolitan District No. 2,67190/1,Adams,0,9365010
Promontory Metropolitan District No. 3,67191/1,Adams,65.441,1245820
Promontory Metropolitan District No. 4,67192/1,Adams,0,50
Promontory Metropolitan District No. 5,67193/1,Adams,0,50
Pronghorn Valley Metropolitan District,66838/1,Arapahoe,70.846,17206461
Prospect Recreation And Park District,30148/1,Jefferson,6.6,470244360
Prospect Ridge Metropolitan District No. 1,67730/1,Adams,0,10
Prospect Ridge Metropolitan District No. 2,67731/1,Adams,0,10
Prospect Ridge Metropolitan District No. 3,67732/1,Adams,0,10
Prospect Ridge Metropolitan District No. 4,67733/1,Adams,0,10
Prospect Ridge Metropolitan District No. 5,67734/1,Adams,0,10
Prosper Coordinating Metropolitan District,66605/1,Arapahoe,0,19
Prosper Metropolitan District No. 1,66601/1,Arapahoe,0,266149
Prosper Metropolitan District No. 10,67400/1,Arapahoe,0,26
Prosper Metropolitan District No. 2,66602/1,Arapahoe,0,2715
Prosper Metropolitan District No. 3,66603/1,Arapahoe,70,97606
Prosper Metropolitan District No. 4,66604/1,Arapahoe,41.474,126024549
Prosper Metropolitan District No. 5,67395/1,Arapahoe,0,26
Prosper Metropolitan District No. 6,67396/1,Arapahoe,0,26
Prosper Metropolitan District No. 7,67397/1,Arapahoe,0,26
Prosper Metropolitan District No. 8,67398/1,Arapahoe,0,26
Prosper Metropolitan District No. 9,67399/1,Arapahoe,0,26
Prosper Park & Recreation Financing Metropolitan District,66606/1,Arapahoe,9.17,126521845
Prosper Regional Water & Sanitation Service Metropolitan District,66608/1,Arapahoe,0,0
Prosper Water & Sanitation Financing Metropolitan District,66607/1,Arapahoe,40.116,126521845
Prosperity Metropolitan District,67197/1,Weld,50,3180
Prowers County,50014/1,Prowers,26.773,161138253
Prowers County Hospital District,64115/1,Baca,2.686,64
Prowers County Hospital District,64115/1,Prowers,2.686,161131472
Psc-Jail Fund,41007/9,Moffat,0,0
Ptarmigan West Metropolitan District No. 1,66944/1,Larimer,0,10
Ptarmigan West Metropolitan District No. 2,66945/1,Larimer,52.6,5363475
Ptarmigan West Metropolitan District No. 3,66946/1,Larimer,12.77,3190429
Public Bldg And Maintenance,22013/9,Fremont,0,0
Public Health,27001/9,Hinsdale,0.28,73391300
Public Health,35015/9,Larimer,0.578,9180256613
Public Health,41007/12,Moffat,0.39,429266702
Public Health,52016/8,Rio Blanco,0.05,722138230
Public Health,55007/6,Saguache,0.5,140311423
Public Health,57010/11,San Miguel,0,0
Public Health Agency,53006/7,Rio Grande,0.035,272966692
Public Health Agency Fund,37008/11,Lincoln,0.5,186948968
Public Hospital,09002/10,Cheyenne,0,0
Public Hospital,26006/7,Gunnison,1.018,1180953670
Public Hospital,34017/6,La Plata,0,0
Public Hospital,37008/9,Lincoln,3,186948968
Public Hospital,41007/8,Moffat,3,429266702
Public Hospital,43001/9,Montrose,0,0
Public Hospital,52016/7,Rio Blanco,0,0
Public Hospital,58009/7,Sedgwick,2.25,68930220
Public Hospital,61008/8,Washington,0,0
Public Hospital - Weisbrod,31004/7,Kiowa,5,42768801
Public Lands,59021/10,Summit,0,3562515215
Public Nursing,02001/12,Alamosa,0,0
Public Safety,02001/13,Alamosa,0,0
Public Welfare,01001/4,Adams,2.253,13407154911
Public Welfare,02001/4,Alamosa,3.55,234186523
Public Welfare,03001/4,Arapahoe,1.45,16458062704
Public Welfare,04001/4,Archuleta,0.729,609310586
Public Welfare,05001/4,Baca,1.5,120605894
Public Welfare,06001/4,Bent,1.5,104072780
Public Welfare,07003/4,Boulder,0.929,11631881772
Public Welfare,64030/4,Broomfield,0,1987394625
Public Welfare,08003/4,Chaffee,1.102,911879410
Public Welfare,09002/4,Cheyenne,0.45,142933345
Public Welfare,10003/4,Clear Creek,0.842,379051820
Public Welfare,11004/4,Conejos,3.717,107842465
Public Welfare,12003/4,Costilla,2.725,174398793
Public Welfare,13001/4,Crowley,3.25,64266000
Public Welfare,14001/4,Custer,1.096,177560485
Public Welfare,15006/4,Delta,2,508452947
Public Welfare,16002/4,Denver,2.473,25445395933
Public Welfare,17002/4,Dolores,1.85,99324611
Public Welfare,18008/4,Douglas,0.469,10398496367
Public Welfare,19011/4,Eagle,0.823,5338527000
Public Welfare,21019/4,El Paso,0,0
Public Welfare,20001/4,Elbert,0.794,708350720
Public Welfare,22013/4,Fremont,2.701,721445106
Public Welfare,23005/4,Garfield,0.443,2666875600
Public Welfare,24005/4,Gilpin,0.441,552342708
Public Welfare,25009/4,Grand,0.128,1532110628
Public Welfare,26006/4,Gunnison,0.425,1180953670
Public Welfare,27001/4,Hinsdale,0,0
Public Welfare,28002/4,Huerfano,2.5,183557235
Public Welfare,29001/4,Jackson,0.659,99007417
Public Welfare,30047/4,Jefferson,1.71,13944580797
Public Welfare,31004/4,Kiowa,1.8,42768801
Public Welfare,32011/4,Kit Carson,0.717,261155715
Public Welfare,34017/4,La Plata,0.586,2228111660
Public Welfare,33001/4,Lake,2.257,357183687
Public Welfare,35015/4,Larimer,1.474,9180256613
Public Welfare,36006/4,Las Animas,1.75,440474937
Public Welfare,37008/4,Lincoln,1.75,186948968
Public Welfare,38008/4,Logan,2.3,412627526
Public Welfare,39023/4,Mesa,1.686,3011181665
Public Welfare,40002/4,Mineral,0.874,67826608
Public Welfare,41007/4,Moffat,1.12,429266702
Public Welfare,42017/4,Montezuma,1.3,702243750
Public Welfare,43001/4,Montrose,2.5,960438048
Public Welfare,44010/4,Morgan,2,768599180
Public Welfare,45012/4,Otero,3.25,193315545
Public Welfare,46005/4,Ouray,0.554,324186540
Public Welfare,47012/4,Park,0.546,855946449
Public Welfare,48007/4,Phillips,1.6,106444640
Public Welfare,49010/4,Pitkin,0.762,5544208430
Public Welfare,50014/4,Prowers,2.463,161138253
Public Welfare,51010/4,Pueblo,2.354,2514876547
Public Welfare,52016/4,Rio Blanco,0.45,722138230
Public Welfare,53006/4,Rio Grande,2.5,272966692
Public Welfare,54012/4,Routt,0.455,2242144980
Public Welfare,55007/4,Saguache,3.2,140311423
Public Welfare,56001/4,San Juan,0.291,86600215
Public Welfare,57010/4,San Miguel,0.135,1553350990
Public Welfare,58009/4,Sedgwick,1,68930220
Public Welfare,59021/4,Summit,0,3562515215
Public Welfare,60010/4,Teller,0.803,911639192
Public Welfare,61008/4,Washington,1.75,189946890
Public Welfare,62056/4,Weld,0.826,19722748799
Public Welfare,63012/4,Yuma,1,332356940
Public Works,08003/5,Chaffee,0,0
Public Works,11004/5,Conejos,0.205,107842465
Public Works,21019/5,El Paso,0,0
Public Works,51010/5,Pueblo,0,0
Pueblo,51016/1,Pueblo,15.633,1385416367
Pueblo City Schools,51902/1,Pueblo,38.041,1483604242
Pueblo City-County Library District,51012/1,Pueblo,6.512,2514876547
Pueblo Conservancy District,51009/1,Pueblo,0,44999136
Pueblo County,51010/1,Pueblo,30.098,2514876547
Pueblo County Rural 70 School District,51903/1,Pueblo,40.022,1172363716
Pueblo Rural Fire Protection District,51014/1,Pueblo,24.268,167537750
Pueblo Urban Renewal Authority,66168/1,Pueblo,0,0
Pueblo West Metropolitan District,51015/1,Pueblo,20.23,462658840
Purchase Of Development Rights,54012/10,Routt,1.5,2242144980
Purgatoire River Water Conservancy District,36008/1,Las Animas,3.5,134521885
Purgatory Metropolitan District,34024/1,La Plata,27.313,42971770
Purgatory Metropolitan District La Plata / San Juan Subdistrict Area,34024/2,La Plata,15,23182870
Quantum 56 Metropolitan District,67584/1,Adams,30,17360460
Quebec Highlands Metropolitan District,67781/1,Adams,0,2595450
RII-DII Business Improvement District,67200/1,Adams,20.5,735717
RM Mead Metropolitan District,67161/1,Weld,67.299,7971950
RRC Metropolitan District No. 1,66732/1,Jefferson,66.615,14463883
RRC Metropolitan District No. 2,66733/1,Jefferson,62.058,20851155
RRC Metropolitan District No. 2 - Ex 24,66733/2,Jefferson,59.202,110712
RRC Metropolitan District No. 3,66734/1,Jefferson,24.703,3065218
RRC Metropolitan District No. 4,67763/1,Jefferson,46.381,659606
RRC Metropolitan District No. 5,67764/1,Jefferson,0,36904
RRC Metropolitan District No. 6,67765/1,Jefferson,0,36904
Ragged Mountain Fire Protection District,65170/1,Gunnison,2.988,51984110
RainDance Metropolitan District No. 1,66495/1,Weld,39,49368620
RainDance Metropolitan District No. 2,66496/1,Weld,43.282,46635260
RainDance Metropolitan District No. 2 - Bond 2049,66496/2,Weld,0,0
RainDance Metropolitan District No. 3,66497/1,Weld,44.778,39949790
RainDance Metropolitan District No. 3 - Bond 2047,66497/2,Weld,0,0
Rainbow Valley Water District,60005/1,Teller,8.579,7423150
Ralston Valley Water & Sanitation District,30078/1,Jefferson,0,61494092
Ralston Valley Water & Sanitation District - EX11,30078/2,Jefferson,0,876937
Ramah,21036/1,El Paso,19.827,986460
Ramblewood Metropolitan District,68237/1,Douglas,0,0
Rampart Range Metropolitan District #7,65475/1,Douglas,50,278434620
Rampart Range Metropolitan District #8,65476/1,Douglas,67.496,11748030
Rampart Range Metropolitan District #9,65477/1,Douglas,0,10
Rampart Range Metropolitan District No. 1,18125/1,Douglas,0,6690
Rampart Range Metropolitan District No. 1 - Debt Service,18125/2,Douglas,0,44690
Rampart Range Metropolitan District No. 2,18126/1,Douglas,50,30872430
Rampart Range Metropolitan District No. 3,18127/1,Douglas,49,43160
Rampart Range Metropolitan District No. 4,18128/1,Douglas,8.869,40178910
Rampart Range Metropolitan District No. 5,18129/1,Douglas,0,38140
Rampart Range Metropolitan District No. 6,18130/1,Douglas,60.423,27041110
Rampart Regional Library District,60006/1,Teller,4.127,434088882
Ranch Metropolitan District No. 1,67466/1,El Paso,0,31560
Ranch Metropolitan District No. 2,67467/1,El Paso,0,31560
Ranch Metropolitan District No. 3,67468/1,El Paso,0,31560
Ranch Metropolitan District No. 4,67469/1,El Paso,0,31560
Range Metropolitan District No. 1,67771/1,Douglas,66.441,156710
Range Metropolitan District No. 2,67772/1,Douglas,0,156710
Range Metropolitan District No. 3,67773/1,Douglas,0,156710
Range View Estates Metropolitan District,66486/1,Weld,63.68,2212660
Rangely,52015/1,Rio Blanco,10,20612140
Rangely Cemetery District,52010/1,Rio Blanco,0.152,282111270
Rangely Hospital District,52011/1,Rio Blanco,20.55,280797390
Rangely Junior College District,52001/1,Rio Blanco,6.6,280797390
Rangely RE-4 School District,52901/1,Rio Blanco,21.734,282277270
Rangely Regional Library,52012/1,Rio Blanco,0.5,280797390
Rangely Rural Fire Protection District,52013/1,Rio Blanco,2,280797390
Rangeview Library District,01054/1,Adams,3.715,9683165194
Rangeview Metropolitan District,03110/1,Arapahoe,25,73359
Rattlesnake Fire Protection District,20008/1,Elbert,11.061,159480889
Ravenna Metropolitan District,65239/1,Douglas,63,41511410
Raymer,62051/1,Weld,12.445,1373410
Reagan Ranch Metropolitan District No. 1,67419/1,El Paso,64.443,240860
Reagan Ranch Metropolitan District No. 2,67420/1,El Paso,64.443,176470
Reagan Ranch Metropolitan District No. 3,67421/1,El Paso,10.74,128840
Reagan Ranch Metropolitan District No. 4,67776/1,El Paso,64.443,29640
Real Weld Metropolitan District,67240/1,Weld,5,56940
Reata North Metropolitan District,65258/1,Douglas,13.205,51023130
Reata Ridge Village Metropolitan District No. 1,66658/1,Douglas,54.403,5397240
Reata Ridge Village Metropolitan District No. 2,66659/1,Douglas,0,0
Reata Ridge Village Metropolitan District No. 2,66827/1,Douglas,53.703,2783720
Reata South Metropolitan District,65515/1,Douglas,45,40821050
Recreation,63012/8,Yuma,0.25,332356940
Red Barn Metropolitan District,67168/1,Weld,68.267,2921650
Red Cliff,19026/1,Eagle,33.878,8718430
Red Feather Lakes Fire Protection District,35038/1,Larimer,12.112,27505631
Red Feather Mountain Library District,35088/1,Larimer,4.75,112854554
Red Hawk Ranch Water and Sanitation District,66410/1,Grand,0,202900
Red Leaf Metropolitan District No. 1,65043/1,Broomfield,0,0
Red Leaf Metropolitan District No. 2,65044/1,Broomfield,19.75,23344380
Red Rock Valley Estates Water District,21056/1,El Paso,17.725,4434510
Red Sky Ranch Metropolitan District,19074/1,Eagle,23.413,27847740
"Red, White & Blue Fire Protection District",59017/1,Summit,14.019,1620457390
Redlands 360 Metropolitan District No. 1,67387/1,Mesa,70.031,526840
Redlands 360 Metropolitan District No. 2,67619/1,Mesa,69.895,2254360
Redlands 360 Metropolitan District No. 3,67620/1,Mesa,0,36020
Redlands 360 Metropolitan District No. 4,67621/1,Mesa,0,152410
Redlands 360 Metropolitan District No. 5,67622/1,Mesa,0,93540
Redlands 360 Metropolitan District No. 6,67623/1,Mesa,0,37330
Redlands 360 Metropolitan District No. 7,67624/1,Mesa,0,110510
Redlands 360 Metropolitan District No. 8,67625/1,Mesa,0,33120
Redlands 360 Metropolitan District No. 9,67388/1,Mesa,0,106230
Redstone Ranch Acres General Improvement District,49017/1,Pitkin,15,2592910
Redstone Water & Sanitation District,49026/1,Pitkin,17.911,10567270
Redtail Ranch Metropolitan District,66518/1,Weld,15,4856990
Redtail Ridge Metropolitan District,67304/1,Boulder,5,907
Redtail Ridge Metropolitan District No. 1,67302/1,Boulder,0,27
Redtail Ridge Metropolitan District No. 2,67303/1,Boulder,0,27
Redtail Ridge Metropolitan District No. 4,67305/1,Boulder,0,27
Regency Metropolitan District,65557/1,Douglas,32,8876780
Regional Transportation District,64116/1,Adams,0,13008688421
Regional Transportation District,64116/1,Arapahoe,0,15333003163
Regional Transportation District,64116/1,Boulder,0,11631881772
Regional Transportation District,64116/1,Broomfield,0,1986292445
Regional Transportation District,64116/1,Douglas,0,6276888961
Regional Transportation District,64116/1,Jefferson,0,14322407449
Regional Transportation District,64116/1,Weld,0,567945515
Remuda Ranch Metropolitan District,66070/1,Douglas,58.35,2795060
Remuda Ridge Metropolitan District,65919/1,El Paso,59.34,3500610
Rendezvous Arrow Metropolitan District No. 1,65870/1,Grand,5,1062523
Rendezvous Arrow Metropolitan District No. 2,65871/1,Grand,50,3636861
Rendezvous Arrow Metropolitan District No. 3,65872/1,Grand,50,2036619
Rendezvous Arrow Metropolitan District No. 4,67976/1,Grand,0,1782709
Rendezvous Arrow Metropolitan District No. 5,67977/1,Grand,0,1782709
Rendezvous Arrow Metropolitan District No. 6,67978/1,Grand,0,1782709
Rendezvous Arrow Metropolitan District No. 7,67979/1,Grand,0,1782709
Rendezvous Arrow Metropolitan District No. 8,67980/1,Grand,0,3
Rendezvous Commercial Metropolitan District,25034/1,Grand,5,976990
Rendezvous Residential Metropolitan District,25035/1,Grand,24,1475130
Rendezvous Residential Metropolitan District-Bond,25035/2,Grand,24,56523213
Republican River Water Conservation District,65365/1,Cheyenne,0,440151
Republican River Water Conservation District,65365/1,Kit Carson,0,0
Republican River Water Conservation District,65365/1,Lincoln,0,59561457
Republican River Water Conservation District,65365/1,Phillips,0,106444640
Republican River Water Conservation District,65365/1,Sedgwick,0,20469190
Republican River Water Conservation District,65365/1,Washington,0,0
Republican River Water Conservation District,65365/1,Yuma,0,0
Reserve,24005/13,Gilpin,0,0
Reserve Metropolitan District No. 1,26020/1,Gunnison,0,8080
Reserve Metropolitan District No. 1,66510/1,Weld,63.68,50
Reserve Metropolitan District No. 2,26021/1,Gunnison,6.4,28863950
Reserve Metropolitan District No. 2,66511/1,Weld,63.68,24210
Reserve Metropolitan District No. 2 - Bond 2016A,26021/2,Gunnison,18.255,32388590
Reserve Metropolitan District No. 2 - Bond 2016B,26021/3,Gunnison,2.498,28863970
Reserve Metropolitan District No. 2 - Bond 2016C,26021/4,Gunnison,2.219,28863970
Reserve Metropolitan District No. 3,68222/1,Gunnison,44.695,19780
Reserve Metropolitan District No. 3,66512/1,Weld,63.68,503110
Reserve Metropolitan District No. 4,68223/1,Gunnison,0,19780
Reserve Metropolitan District No. 5,68224/1,Gunnison,0,19780
Reservoir's Edge Metropolitan District,67474/1,Larimer,64.443,26574
Resort Area Development Metropolitan District No. 1,68010/1,Grand,0,220
Resort Area Development Metropolitan District No. 10,68019/1,Grand,0,240
Resort Area Development Metropolitan District No. 2,68011/1,Grand,0,220
Resort Area Development Metropolitan District No. 3,68012/1,Grand,0,220
Resort Area Development Metropolitan District No. 4,68013/1,Grand,0,220
Resort Area Development Metropolitan District No. 5,68014/1,Grand,0,220
Resort Area Development Metropolitan District No. 6,68015/1,Grand,0,220
Resort Area Development Metropolitan District No. 7,68016/1,Grand,0,220
Resort Area Development Metropolitan District No. 8,68017/1,Grand,0,260
Resort Area Development Metropolitan District No. 9,68018/1,Grand,0,240
Resource Colo. Water & San. Metro. Dist.,65524/1,Weld,0,6040
Retirement,01001/5,Adams,0.314,13407154911
Retirement,02001/9,Alamosa,0,0
Retirement,06001/6,Bent,0.8,104072780
Retirement,08003/7,Chaffee,0.48,911879410
Retirement,09002/8,Cheyenne,0,0
Retirement,10003/8,Clear Creek,0,0
Retirement,19011/8,Eagle,0,5338527000
Retirement,21019/9,El Paso,0,0
Retirement,20001/10,Elbert,0.996,708350720
Retirement,23005/7,Garfield,0.467,2666875600
Retirement,24005/9,Gilpin,0,0
Retirement,25009/6,Grand,0.675,1532110628
Retirement,27001/6,Hinsdale,0.88,73391300
Retirement,28002/6,Huerfano,0.9,183557235
Retirement,30047/8,Jefferson,0,14499190898
Retirement,31004/6,Kiowa,0,0
Retirement,33001/6,Lake,0,357183687
Retirement,39023/9,Mesa,0,0
Retirement,41007/6,Moffat,0,0
Retirement,43001/6,Montrose,0,0
Retirement,44010/7,Morgan,0,0
Retirement,45012/7,Otero,0,0
Retirement,47012/7,Park,0.546,855952249
Retirement,51010/9,Pueblo,2.45,2514876547
Retirement,53006/6,Rio Grande,0,0
Retirement,57010/6,San Miguel,0.341,1553350990
Retirement Fund,07003/7,Boulder,0,11631881772
Retreat Metropolitan District No. 1,67335/1,El Paso,54.91,2134660
Retreat Metropolitan District No. 2,67336/1,El Paso,56.239,6856870
Reunion Center Metropolitan District No. 1,67214/1,Adams,0,270
Reunion Center Metropolitan District No. 2,67215/1,Adams,0,389640
Reunion Center Metropolitan District No. 3,67216/1,Adams,0,10
Reunion Center Metropolitan District No. 4,67217/1,Adams,0,10
Reunion Center Metropolitan District No. 5,67218/1,Adams,0,10
Reunion Metropolitan District,01092/1,Adams,0,11690
Reunion Natural Resource Metropolitan District,67219/1,Adams,0,8560
Reunion Ridge Metropolitan District No. 1,67232/1,Adams,0,10
Reunion Ridge Metropolitan District No. 2,67233/1,Adams,95.101,2910
Reunion Ridge Metropolitan District No. 3,67234/1,Adams,0,10
Reunion Ridge Metropolitan District No. 4,67235/1,Adams,0,121050
"Reunion Sports, Entertainment and Cultural Metropolitan District",67227/1,Adams,0,10
Reunion Village Metropolitan District No. 1,67222/1,Adams,0,10
Reunion Village Metropolitan District No. 2,67223/1,Adams,95.004,10
Reunion Village Metropolitan District No. 3,67224/1,Adams,0,30
Reunion Village Metropolitan District No. 4,67225/1,Adams,0,10
Reunion Village Metropolitan District No. 5,67226/1,Adams,0,6980
Revere at Johnstown Metropolitan District No. 1,66030/1,Larimer,0,11
Revere at Johnstown Metropolitan District No. 1,66030/1,Weld,0,2520
Revere at Johnstown Metropolitan District No. 2,67478/1,Larimer,0,11
Revere at Johnstown Metropolitan District No. 2,67478/1,Weld,7.791,6015520
Revere at Johnstown Metropolitan District No. 3,67479/1,Larimer,0,11
Revere at Johnstown Metropolitan District No. 3,67479/1,Weld,45.356,6015520
Revere at Johnstown Metropolitan District No. 4,67480/1,Larimer,0,11
Revere at Johnstown Metropolitan District No. 4,67480/1,Weld,0,13940
Revere at Johnstown Metropolitan District No. 5,67481/1,Larimer,0,11
Revere at Johnstown Metropolitan District No. 5,67481/1,Weld,0,110
Revere at Johnstown Metropolitan District No. 6,67482/1,Larimer,0,11
Revere at Johnstown Metropolitan District No. 6,67482/1,Weld,0,110
Revere at Johnstown Metropolitan District No. 7,67483/1,Larimer,0,11
Revere at Johnstown Metropolitan District No. 7,67483/1,Weld,0,110
Revere at Johnstown Metropolitan District No. 8,67484/1,Larimer,0,11
Revere at Johnstown Metropolitan District No. 8,67484/1,Weld,0,110
Revere at Johnstown Metropolitan District No. 9,67485/1,Larimer,0,11
Revere at Johnstown Metropolitan District No. 9,67485/1,Weld,0,110
Rex Ranch Metropolitan District,66262/1,Boulder,46.734,7733080
RiNo Business Improvement District,66632/1,Denver,4,582464934
RiNo Denver General Improvement District,66633/1,Denver,4,354061471
Richards Farm Metropolitan District,66613/1,Jefferson,55.086,7742469
Richards Farm Metropolitan District No. 1,66612/1,Jefferson,0,0
Rico,17007/1,Dolores,24.744,9801193
Rico Fire Protection District,17011/1,Dolores,11.968,11057984
Ridge Lands Metropolitan District,65253/1,Weld,0,93750
Ridge at Harmony Road Metropolitan District No. 1,66571/1,Weld,44.855,12201990
Ridge at Harmony Road Metropolitan District No. 2,66572/1,Weld,44.853,16435980
Ridge at Harmony Road Metropolitan District No. 3,66573/1,Weld,44.857,9501910
Ridge at Harmony Road Metropolitan District No. 4,67170/1,Weld,41.889,1310
Ridge at Sand Creek Metropolitan District,67300/1,El Paso,50.886,2255790
Ridgeline Vista Metropolitan District,67261/1,Adams,66.642,7939540
Ridgetop Village Metropolitan District,67237/1,Jefferson,64.88,792908
Ridgewood Water District,60007/1,Teller,12.379,2312240
Ridgway,46009/1,Ouray,8.651,66892260
Ridgway Fire Protection District,46008/1,Ouray,7.591,141446370
Ridgway Library District,46015/1,Ouray,2.201,204865220
Ridgway R-2 School District,46901/1,Ouray,28.948,219656590
Rifle,23017/1,Garfield,5.261,171906540
Rifle Downtown Development District,23028/1,Garfield,3.774,15891960
Rifle Fire Protection District,23014/1,Garfield,0,0
Rifle Urban Renewal Authority - A,66067/2,Garfield,0,0
Rifle Urban Renewal Authority - B,66067/3,Garfield,0,0
RimRock Commercial Metropolitan District,66059/1,Garfield,0,0
Rio Blanco County,52016/1,Rio Blanco,9.05,722138230
Rio Blanco Fire Protection District,52017/1,Rio Blanco,2.573,441340840
Rio Blanco Water Conservancy District,52027/1,Rio Blanco,0.623,280797390
Rio Grande County,53006/1,Rio Grande,15.252,272966692
Rio Grande County Ambulance District,53015/1,Rio Grande,0,254889771
Rio Grande County Library District,53014/1,Rio Grande,1.5,272966692
Rio Grande County Pest Control District,53007/1,Rio Grande,0.439,231955903
Rio Grande Water Conservation District,64118/1,Alamosa,1.75,234186523
Rio Grande Water Conservation District,64118/1,Conejos,1.75,107842465
Rio Grande Water Conservation District,64118/1,Mineral,1.75,61998836
Rio Grande Water Conservation District,64118/1,Rio Grande,1.75,272966072
Rio Grande Water Conservation District,64118/1,Saguache,1.75,132679795
Ritoro Metropolitan District,66045/1,Elbert,68.615,12507560
River Mile Metropolitan District No. 1,67149/1,Denver,0,30
River Mile Metropolitan District No. 2,67150/1,Denver,40.937,28960070
River Mile Metropolitan District No. 3,67151/1,Denver,58.611,3779030
River Mile Metropolitan District No. 4,67152/1,Denver,0,30
River Mile Metropolitan District No. 5,67153/1,Denver,0,30
River Mile Platte Valley Metropolitan District,67148/1,Denver,0,30
River Oaks Metropolitan District,65187/1,Adams,52,12185980
River Park Metropolitan District,65254/1,Garfield,41.282,3744560
River Valley Metropolitan District,67354/1,Garfield,65.52,886180
River Valley Village Metropolitan District,66895/1,Adams,44,6554490
RiverPark Metropolitan District,67262/1,Arapahoe,41.314,34149
RiverView Metropolitan District,66854/1,Routt,55.652,5656140
Riverbend Crossing Business Improvement District,67206/1,El Paso,48.332,415630
Riverbend Crossing Metropolitan District,65785/1,El Paso,45,214370
Riverbend Estates Metropolitan District No. 1,67486/1,Weld,9.888,320
Riverbend Estates Metropolitan District No. 2,67487/1,Weld,10.01,1390090
Riverbend Estates Metropolitan District No. 3,67488/1,Weld,6.093,106570
Riverdale Dunes Metropolitan District No. 1,01066/1,Adams,48.711,12416230
Riverdale Peaks II Metropolitan District,65081/1,Adams,115.871,3885760
Riverdale Ranch Metropolitan District,66882/1,Adams,60.25,5393870
Riverwalk Metropolitan District No. 1,66395/1,Arapahoe,0,0
Riverwalk Metropolitan District No. 2,66396/1,Arapahoe,0,15369
Riverwalk Metropolitan District No. 3,66397/1,Arapahoe,0,2749
Road And Bridge,01001/3,Adams,1.3,13407154911
Road And Bridge,02001/3,Alamosa,0,0
Road And Bridge,03001/3,Arapahoe,0.355,16458062704
Road And Bridge,04001/3,Archuleta,0.729,609310586
Road And Bridge,05001/3,Baca,5,120605894
Road And Bridge,06001/3,Bent,2.82,104072780
Road And Bridge,07003/3,Boulder,0.176,11631881772
Road And Bridge,08003/3,Chaffee,0.24,911879410
Road And Bridge,09002/3,Cheyenne,3.5,142933345
Road And Bridge,10003/3,Clear Creek,5.441,379051820
Road And Bridge,11004/3,Conejos,1.033,107842465
Road And Bridge,12003/3,Costilla,0,0
Road And Bridge,13001/3,Crowley,9.75,64266000
Road And Bridge,14001/3,Custer,5,177560485
Road And Bridge,15006/3,Delta,0.7,508452947
Road And Bridge,17002/3,Dolores,4,99324611
Road And Bridge,18008/3,Douglas,3.731,10398496367
Road And Bridge,19011/3,Eagle,1.359,5338527000
Road And Bridge,21019/3,El Paso,0.33,14061019920
Road And Bridge,20001/3,Elbert,9.5,708350720
Road And Bridge,22013/3,Fremont,0.85,721445106
Road And Bridge,23005/3,Garfield,0.094,2666875600
Road And Bridge,24005/3,Gilpin,0.847,552342708
Road And Bridge,25009/3,Grand,0.322,1532110628
Road And Bridge,26006/3,Gunnison,0,0
Road And Bridge,27001/3,Hinsdale,0.956,73391300
Road And Bridge,28002/3,Huerfano,0.1,183557235
Road And Bridge,29001/3,Jackson,0,0
Road And Bridge,30047/3,Jefferson,3.28,13944580797
Road And Bridge,31004/3,Kiowa,2.75,42768801
Road And Bridge,32011/3,Kit Carson,8.75,261155715
Road And Bridge,34017/3,La Plata,0.71,2228111660
Road And Bridge,33001/3,Lake,0,357183687
Road And Bridge,35015/3,Larimer,0.414,9180256613
Road And Bridge,36006/3,Las Animas,0,0
Road And Bridge,37008/3,Lincoln,10,186948968
Road And Bridge,38008/3,Logan,6.5,412627526
Road And Bridge,39023/3,Mesa,0.274,3011181665
Road And Bridge,40002/3,Mineral,0.715,67826608
Road And Bridge,41007/3,Moffat,0,0
Road And Bridge,42017/3,Montezuma,2.366,702243750
Road And Bridge,43001/3,Montrose,0,0
Road And Bridge,44010/3,Morgan,7.5,768599180
Road And Bridge,45012/3,Otero,3.354,193315545
Road And Bridge,46005/3,Ouray,1.504,324186540
Road And Bridge,47012/3,Park,0.532,855946449
Road And Bridge,48007/3,Phillips,3.73,106444640
Road And Bridge,49010/3,Pitkin,0.143,5544208430
Road And Bridge,50014/3,Prowers,2.956,161138253
Road And Bridge,51010/3,Pueblo,1.048,2514876547
Road And Bridge,52016/3,Rio Blanco,5.3,722138230
Road And Bridge,53006/3,Rio Grande,2,272966692
Road And Bridge,54012/3,Routt,0.362,2242144980
Road And Bridge,55007/3,Saguache,0,0
Road And Bridge,56001/3,San Juan,0.35,86600215
Road And Bridge,57010/3,San Miguel,1.9,1553350990
Road And Bridge,58009/3,Sedgwick,6.5,68930220
Road And Bridge,59021/3,Summit,0,3562515215
Road And Bridge,60010/3,Teller,0.505,911639192
Road And Bridge,61008/3,Washington,3.251,189946890
Road And Bridge,62056/3,Weld,0.761,19722748799
Road And Bridge,63012/3,Yuma,2.529,332356940
Roam Metropolitan District No. 1,67083/1,Grand,35.472,523633
Roam Metropolitan District No. 2,67084/1,Grand,66.072,14008793
Roam Metropolitan District No. 3,67085/1,Grand,50,9190
Roan Creek Metropolitan District,66769/1,Mesa,0,0
Roaring Fork RE-1 School District,64925/1,Eagle,41.455,517424880
Roaring Fork RE-1 School District,64925/1,Garfield,41.455,1275897230
Roaring Fork RE-1 School District,64925/1,Pitkin,41.455,385987190
Roaring Fork Transportation Authority,64260/1,Eagle,2.65,480337770
Roaring Fork Transportation Authority,64260/1,Garfield,2.65,735153070
Roaring Fork Transportation Authority,64260/1,Pitkin,2.65,5544208430
Roaring Fork Water & Sanitation District,23034/1,Garfield,7.4,106180470
Roberts 81 Business Improvement District,67054/1,Morgan,25,14620
Robinson Ranch Metropolitan District,66208/1,Douglas,25.5,5433840
Rock Canyon Metropolitan District,67082/1,Douglas,74.792,2609660
Rock Creek Mesa Water District,21037/1,El Paso,0,3377120
Rock Creek Metropolitan District,66924/1,El Paso,64.533,510680
Rock Creek Metropolitan District - Debt Service 2025,66924/2,El Paso,53.703,30690
Rock Metropolitan District,67583/1,El Paso,66.248,831210
Rock Springs Ranch Metropolitan District No. 1,66086/1,El Paso,0,90
Rock Springs Ranch Metropolitan District No. 2,66087/1,El Paso,0,20270
RockingHorse Metropolitan District No. 1,65063/1,Douglas,0,0
Rockvale,22018/1,Fremont,10.791,6087086
Rocky Ford,45014/1,Otero,22.34,15637552
Rocky Ford R-2 School District,45901/1,Otero,33.928,44300759
Rocky Ford Rural Fire Protection District,45013/1,Otero,3.025,40975479
Rocky Mountain Fire Protection District,65673/1,Boulder,0,0
Rocky Mountain Fire Protection District,65673/1,Jefferson,0.095,0
Rocky Mountain Fire Protection District - Exclusion,65673/2,Boulder,1.01,621312680
Rocky Mountain Fire Protection District - Exclusion,65673/2,Jefferson,0,0
Rocky Mountain Rail Park Metropolitan District,67155/1,Adams,64.443,10478140
Rolling Hills Ranch Metropolitan District No. 1,65743/1,El Paso,64.443,18930
Rolling Hills Ranch Metropolitan District No. 10,65752/1,El Paso,64.443,15730
Rolling Hills Ranch Metropolitan District No. 11,65753/1,El Paso,64.443,13320
Rolling Hills Ranch Metropolitan District No. 12,65754/1,El Paso,64.443,13320
Rolling Hills Ranch Metropolitan District No. 13,65755/1,El Paso,64.443,16730
Rolling Hills Ranch Metropolitan District No. 14,65756/1,El Paso,64.443,16730
Rolling Hills Ranch Metropolitan District No. 15,65757/1,El Paso,64.443,16730
Rolling Hills Ranch Metropolitan District No. 2,65744/1,El Paso,64.443,18830
Rolling Hills Ranch Metropolitan District No. 3,65745/1,El Paso,64.443,16830
Rolling Hills Ranch Metropolitan District No. 4,65746/1,El Paso,64.443,16830
Rolling Hills Ranch Metropolitan District No. 5,65747/1,El Paso,64.443,17030
Rolling Hills Ranch Metropolitan District No. 6,65748/1,El Paso,64.443,16930
Rolling Hills Ranch Metropolitan District No. 7,65749/1,El Paso,64.443,12320
Rolling Hills Ranch Metropolitan District No. 8,65750/1,El Paso,64.443,12720
Rolling Hills Ranch Metropolitan District No. 9,65751/1,El Paso,64.443,15730
Romeo,11013/1,Conejos,5.205,1672520
Rose Farm Acres Metropolitan District,67081/1,Larimer,66.23,4963599
Round Mountain Water & Sanitation District,14003/1,Custer,2.499,27888360
Routt County,54012/1,Routt,13.206,2242144980
Roxborough Village Metropolitan District,18055/1,Douglas,12.093,109262090
Roxborough Water and Sanitation District,18031/1,Douglas,2.5,261521760
Roxborough Water and Sanitation District,18031/1,Jefferson,2.5,214610134
Rudolph Farms Metropolitan District No. 1,66952/1,Larimer,0,12150
Rudolph Farms Metropolitan District No. 2,66953/1,Larimer,0,12150
Rudolph Farms Metropolitan District No. 3,66954/1,Larimer,0,12150
Rudolph Farms Metropolitan District No. 4,66955/1,Larimer,70,561128
Rudolph Farms Metropolitan District No. 5,66956/1,Larimer,70,630059
Rudolph Farms Metropolitan District No. 6,66957/1,Larimer,70,831726
Ruedi Shores Metropolitan District,66051/1,Eagle,51.679,3754510
Rye,51018/1,Pueblo,6.268,2091400
Rye Fire Protection District,64171/1,Custer,15.536,4602350
Rye Fire Protection District,64171/1,Huerfano,15.536,1272056
Rye Fire Protection District,64171/1,Pueblo,15.536,79718430
SBOE Reappraisal Reimbursement,01001/7,Adams,0,13407154911
SBOE Reappraisal Reimbursement,22013/8,Fremont,0,0
SBOE Reappraisal Reimbursement,49010/6,Pitkin,0,0
SBOE Reappriasal Reimbursement,03001/7,Arapahoe,0,0
SLC Metropolitan District No. 1,67202/1,Arapahoe,0,270
SLC Metropolitan District No. 2,67203/1,Arapahoe,15.09,1005554
SLC Metropolitan District No. 3,67204/1,Arapahoe,16.164,91631230
SLC Metropolitan District No. 4,67205/1,Arapahoe,15.09,270
STC Metropolitan District No. 1,66441/1,Boulder,74.65,2018494
STC Metropolitan District No. 2,66442/1,Boulder,49.421,11118
STC Metropolitan District No. 3,66443/1,Boulder,35.307,10912
SW Prospect I25 Metropolitan District No. 1,66960/1,Larimer,0,17614
SW Prospect I25 Metropolitan District No. 2,66961/1,Larimer,0,315
SW Prospect I25 Metropolitan District No. 3,66962/1,Larimer,0,315
SW Prospect I25 Metropolitan District No. 4,66963/1,Larimer,0,315
SW Prospect I25 Metropolitan District No. 5,66964/1,Larimer,0,315
SW Prospect I25 Metropolitan District No. 6,66965/1,Larimer,0,315
SW Prospect I25 Metropolitan District No. 7,66966/1,Larimer,0,315
Sabell Metropolitan District,67110/1,Jefferson,76.075,9284787
Sabell Metropolitan District No. 1,67109/1,Jefferson,0,0
Sable-Altura Fire Protection District,64121/1,Adams,11.867,90500720
Sable-Altura Fire Protection District,64121/1,Arapahoe,11.551,41197506
Sable-Altura Fire Protection District - Bond (Adams County),64121/3,Adams,0,994200
Sable-Altura Fire Protection District - Bond (Adams County),64121/3,Arapahoe,0,0
Sable-Altura Fire Protection District - Bond (Adams County),64121/3,Denver,0,0
Sable-Altura Fire Protection District - Bond Exclusion (Arapahoe County),64121/2,Arapahoe,0,0
Saddle Rock Metropolitan District,03140/1,Arapahoe,32.736,40392693
Saddle Rock South Metropolitan District No. 1,03136/1,Arapahoe,0,0
Saddle Rock South Metropolitan District No. 2,03137/1,Arapahoe,26.6,27774971
Saddle Rock South Metropolitan District No. 3,03138/1,Arapahoe,26.6,23686881
Saddle Rock South Metropolitan District No. 4,03153/1,Arapahoe,26.6,52114310
Saddleback Metropolitan District,10013/1,Clear Creek,10,2559710
Saddlehorn Ranch Metropolitan District No. 1,67297/1,El Paso,12.943,1940
Saddlehorn Ranch Metropolitan District No. 2,67298/1,El Paso,74.69,3291550
Saddlehorn Ranch Metropolitan District No. 3,67299/1,El Paso,0,1940
Saddler Ridge Metropolitan District,65190/1,Weld,72.786,5635960
Safety First,59021/16,Summit,2.391,3562515215
Safety and Mental Health,18008/12,Douglas,0.416,10398496367
Sage Pointe Metropolitan District,68164/1,Logan,94,1857191
Sagebrush Farm Metropolitan District #1,65425/1,Adams,48.702,37628940
Sagebrush Farm Metropolitan District #2,65426/1,Adams,0,70
Sagebrush Farm Metropolitan District No. 3,67611/1,Adams,0,93270
Sagebrush Farm Metropolitan District No. 4,67612/1,Adams,0,93270
Sagebrush Farm Metropolitan District No. 5,67613/1,Adams,0,70
Sagebrush Farm Metropolitan District No. 6,67614/1,Adams,0,70
Saguache,55008/1,Saguache,21.853,5159510
Saguache County,55007/1,Saguache,22.57,140311423
Salida,08007/1,Chaffee,0,0
Salida Hospital District,64122/1,Chaffee,0.948,911879410
Salida Hospital District,64122/1,Fremont,0.948,33036281
Salida Hospital District,64122/1,Saguache,0.948,14125122
Salida R-32 School District,64912/1,Chaffee,29.487,520580920
Salida R-32 School District,64912/1,Fremont,29.487,11546847
Salisbury Heights Metropolitan District,66490/1,Douglas,36.643,6065030
Salt Creek Sanitation District,51025/1,Pueblo,0,4455760
San Juan County,56001/1,San Juan,19.001,86600215
San Juan River Village Metropolitan District,04014/1,Archuleta,8.922,10093350
San Juan Water Conservancy District,04011/1,Archuleta,0.316,472448360
San Luis,12009/1,Costilla,25.74,3728517
San Luis Valley Water Conservancy District,64124/1,Alamosa,0.38,219002222
San Luis Valley Water Conservancy District,64124/1,Hinsdale,0.38,1131760
San Luis Valley Water Conservancy District,64124/1,Mineral,0.38,19113261
San Luis Valley Water Conservancy District,64124/1,Rio Grande,0.38,272966692
San Luis Valley Water Conservancy District,64124/1,Saguache,0.38,47822680
San Luis Water & Sanitation,12008/1,Costilla,2.84,3728517
San Miguel Authority for Regional Transportation,66712/1,Dolores,1.989,9801193
San Miguel Authority for Regional Transportation,66712/1,San Miguel,1.989,1485693481
San Miguel County,57010/1,San Miguel,10.657,1553350990
San Miguel County Public Library District No. 1,57011/1,San Miguel,3.044,1496534809
San Miguel County Recreation District No. 1,57028/1,San Miguel,0,355235615
San Miguel County Solid Waste Disposal District,57024/1,San Miguel,0.34,401380505
San Miguel Water Conservancy District,64125/1,Montrose,0.078,21479447
San Miguel Water Conservancy District,64125/1,San Miguel,0.078,41560153
Sanctuary Metropolitan District,65977/1,El Paso,0,377970
Sand Creek Metropolitan District,64221/1,Adams,25,372480350
Sand Creek Metropolitan District,64221/1,Denver,25,61914060
Sand Creek Metropolitan District - Bond,64221/3,Adams,13.3,7008780
Sand Creek Metropolitan District - Bond,64221/3,Denver,0,0
Sand Creek Metropolitan District - Debt,64221/2,Denver,6.2,23342580
Sand Hills Metropolitan District,65414/1,Weld,0,0
Sandhills Groundwater Management District,63007/1,Yuma,0.2,34314710
Sands Metropolitan District No. 1,66752/1,El Paso,49.97,4989910
Sands Metropolitan District No. 2,66753/1,El Paso,63.67,8416030
Sands Metropolitan District No. 3,66754/1,El Paso,35,4306730
Sands Metropolitan District No. 4,66755/1,El Paso,74.678,6590350
Sanford,11016/1,Conejos,6.294,4285480
Sanford 6J School District,64914/1,Alamosa,35.03,509684
Sanford 6J School District,64914/1,Conejos,35.03,12731313
Sanford Cemetery District,11015/1,Conejos,1.695,12776998
Sangre De Cristo RE-22J School District,64905/1,Alamosa,33.26,44924995
Sangre De Cristo RE-22J School District,64905/1,Saguache,33.26,6812557
Santa Fe Business Improvement District,66596/1,Denver,0,0
Santa Fe Park Metropolitan District No. 1,67515/1,Arapahoe,55.85,7961072
Santa Fe Park Metropolitan District No. 2,67516/1,Arapahoe,0,9647
Santa Fe Park Metropolitan District No. 3,67517/1,Arapahoe,23.628,2508057
Santa Fe Park Metropolitan District No. 4,67518/1,Arapahoe,0,1581473
Santa Fe Trail Ranch Metropolitan District,36018/1,Las Animas,0,7177200
Sargent RE-33J School District,64946/1,Alamosa,36.642,6545481
Sargent RE-33J School District,64946/1,Rio Grande,36.642,41467417
Sawpit,57017/1,San Miguel,0,1261038
Scott Gulch Metropolitan District,67944/1,Douglas,64.498,3588890
Second Creek Farm Metropolitan District No. 1,65105/1,Adams,42.962,2543450
Second Creek Farm Metropolitan District No. 2,65106/1,Adams,69.517,11656370
Second Creek Farm Metropolitan District No. 3,65622/1,Adams,67.748,9858100
Second Creek Farm Metropolitan District No. 4,65623/1,Adams,48.332,1194620
Second Creek Farm Metropolitan District No. 4 - Bond,65623/2,Adams,0,10
Second Creek Ranch Metropolitan District,01046/1,Adams,31.91,81910
Section 14 Metropolitan District,64181/1,Denver,11,10671640
Section 14 Metropolitan District,64181/1,Jefferson,11,62294765
Section 14 Metropolitan District - Debt Only Fairmark (Denver County),64181/5,Denver,0,5708930
Section 14 Metropolitan District - Debt Only Racoon Creek (Denver County),64181/6,Denver,0,4431110
Section 14 Metropolitan District - Denver Excl 04,64181/3,Jefferson,0,0
Section 14 Metropolitan District - Jefferson Excl 04,64181/4,Jefferson,0,5729101
Section 14 Metropolitan District - Jefferson Excl 94,64181/2,Jefferson,0,6618111
Section 27 Metropolitan District,67000/1,Adams,77.64,3351530
Security Fire Protection District,21038/1,El Paso,16.4,515986400
Security Sanitation District,21039/1,El Paso,0.55,234719660
Security Water District,21040/1,El Paso,3.614,233909060
Sedalia Water & Sanitation District,18038/1,Douglas,16.363,10559950
Sedgwick,58012/1,Sedgwick,10.54,1271330
Sedgwick Cemetery District,58008/1,Sedgwick,0.242,15578480
Sedgwick County,58009/1,Sedgwick,30.025,68930220
Sedgwick County Conservation District,58010/1,Sedgwick,0,0
Sedgwick Fire Protection District,58011/1,Sedgwick,3.322,10836671
Sedgwick-Sand Draws Water Conservancy District,58013/1,Sedgwick,0.275,14314180
Seibert,32015/1,Kit Carson,15.829,2200469
Seibert Cemetery District,32013/1,Kit Carson,0.737,27134950
Seibert Fire Protection District,32014/1,Kit Carson,4.812,17344664
Self-Insurance,01001/6,Adams,0,13407154911
Self-Insurance,03001/6,Arapahoe,0,0
Self-Insurance,14001/5,Custer,1.5,177560485
Self-Insurance,15006/7,Delta,0,0
Self-Insurance,19011/9,Eagle,0.165,5338527000
Self-Insurance,21019/10,El Paso,0,0
Self-Insurance,29001/8,Jackson,0.47,99007417
Self-Insurance,33001/7,Lake,3.001,357183687
Self-Insurance,43001/7,Montrose,0,0
Self-Insurance,45012/8,Otero,2.1,193315545
Self-Insurance,62056/7,Weld,0.436,19722748799
Self-Insurance,63012/6,Yuma,1.25,332356940
Self-Insurance Fund,07003/8,Boulder,0,11631881772
Senac South Metropolitan District No. 1,65478/1,Arapahoe,67.433,6947
Senac South Metropolitan District No. 2,65479/1,Arapahoe,0,3884
Senac South Metropolitan District No. 3,65480/1,Arapahoe,0,675
Senac South Metropolitan District No. 4,65481/1,Arapahoe,0,675
Senior Citizens,41007/10,Moffat,0,0
Serenity Ridge Metropolitan District #1,65215/1,Arapahoe,0,0
Serenity Ridge Metropolitan District #2,65216/1,Arapahoe,42.061,32023071
Serratoga Falls Metro. District #1,65579/1,Larimer,58.342,6857039
Serratoga Falls Metro. District #2,65580/1,Larimer,63.115,4999803
Serratoga Falls Metropolitan District No. 3,65581/1,Larimer,62.258,11618184
Serratoga Falls Metropolitan District No. 3 - Debt Bond,65581/2,Larimer,0,0
Settler's Crossing Metro. District #1,65558/1,Adams,68.551,14279890
Settler's Crossing Metro. District #2,65559/1,Adams,42.25,16410
Severance,62053/1,Weld,12.635,169097090
Severance Shores Metropolitan District No. 1,66627/1,Weld,11.766,10
Severance Shores Metropolitan District No. 2,66628/1,Weld,74.187,5608320
Severance Shores Metropolitan District No. 3,66629/1,Weld,74.742,2818470
Severance Shores Metropolitan District No. 4,66630/1,Weld,74.253,1302850
Severance South Metropolitan District No. 1,66795/1,Weld,0,4660
Severance South Metropolitan District No. 2,66796/1,Weld,50.167,3305950
Severance South Metropolitan District No. 3,66797/1,Weld,53.845,204220
Severance South Metropolitan District No. 4,66798/1,Weld,50.441,1235750
Shaklee Centre Metropolitan District No. 1,66662/1,Weld,50,10741040
Shaklee Centre Metropolitan District No. 2,66663/1,Weld,0,840
Shaklee Centre Metropolitan District No. 3,66664/1,Weld,0,840
Shaklee Centre Metropolitan District No. 4,66665/1,Weld,0,840
Shaklee Centre Metropolitan District No. 5,66666/1,Weld,0,840
Shaklee Centre Metropolitan District No. 6,66667/1,Weld,0,1030
Shannon Water and Sanitation District,07038/1,Boulder,1.348,7046724
Shavano Conservation District,67433/1,Delta,0,0
Shavano Conservation District,67433/1,Gunnison,0,0
Shavano Conservation District,67433/1,Montrose,0,0
Shavano Conservation District,67433/1,Ouray,0,0
Shavano Conservation District,67433/1,San Miguel,0,0
Shaw Heights Water District,01022/1,Adams,0,74933672
Sheridan,03065/1,Arapahoe,16.634,202020633
Sheridan 2 School District,03907/1,Arapahoe,41.947,375194536
Sheridan Lake,31008/1,Kiowa,9.79,436476
Sheridan Lake Water District,66737/1,Kiowa,0,617700
Sheridan Lake-Brandon Cemetery District,31014/1,Kiowa,0.972,14542538
Sheridan Lake-Brandon Recreation District,31016/1,Kiowa,0.975,13564203
Sheridan Redevelopment Agency,65735/1,Arapahoe,0,0
Sheridan Redevelopment Agency - River Point at Sheridan Urban Renewal Plan Area,65735/2,Arapahoe,0,7146619
Sheridan Sanitation District,03063/1,Arapahoe,0.585,7091327
Sheridan Sanitation District No. 2,03064/1,Arapahoe,0.416,120489589
Sheridan Sanitation District No. 2,03064/1,Denver,0.416,775740
Sheridan Station West Metropolitan District,66735/1,Jefferson,95.508,5440903
Sheriff Fund,27001/10,Hinsdale,0,0
Shores on Plum Creek Metropolitan District No. 1,66890/1,Weld,50,80
Shores on Plum Creek Metropolitan District No. 10,67127/1,Weld,0,867070
Shores on Plum Creek Metropolitan District No. 2,66891/1,Weld,50,243000
Shores on Plum Creek Metropolitan District No. 3,66892/1,Weld,50,3030
Shores on Plum Creek Metropolitan District No. 4,66893/1,Weld,50,11048710
Shores on Plum Creek Metropolitan District No. 5,66894/1,Weld,50,10
Shores on Plum Creek Metropolitan District No. 6,67123/1,Weld,50,21983240
Shores on Plum Creek Metropolitan District No. 7,67124/1,Weld,36.758,54600
Shores on Plum Creek Metropolitan District No. 8,67125/1,Weld,50,4326440
Shores on Plum Creek Metropolitan District No. 9,67126/1,Weld,0,189990
Siena Lake Metropolitan District,65047/1,Eagle,70,3230910
Sierra Grande R-30 School District,12901/1,Costilla,42.157,101012525
Sierra Ridge Metropolitan District,65461/1,Douglas,45.035,48604190
Sierra Ridge Metropolitan District No. 1,65460/1,Douglas,0,0
Sierra Vista Metropolitan District,66787/1,Weld,0,0
Silt,23019/1,Garfield,8.973,56948310
Silt Urban Renewal Authority - Dollar General Urban Renewal Plan Area,66344/2,Garfield,0,0
Silt Urban Renewal Authority - Grocery Urban Renewal Plan Area,66344/4,Garfield,0,0
Silt Urban Renewal Authority - Subway Restaurant Urban Renewal Plan Area,66344/3,Garfield,0,0
Silt Water Conservancy District,23018/1,Garfield,0.829,264729240
Silver Cliff,14004/1,Custer,3.186,11838668
Silver Creek Water & Sanitation District,25026/1,Grand,10.877,30642540
Silver Dollar Metropolitan District,24016/1,Gilpin,8.25,332486890
Silver Hawk Metropolitan District,66744/1,El Paso,44.574,2123670
Silver Heights Water & Sanitation District,18032/1,Douglas,0,9376330
Silver Leaf Metropolitan District,66430/1,Jefferson,88.586,3182720
Silver Peaks East Metropolitan District,66720/1,Weld,75.895,4801850
Silver Peaks Metropolitan District No. 1,62118/1,Weld,62.6,1670
Silver Peaks Metropolitan District No. 2,62119/1,Weld,76.698,14062860
Silver Peaks Metropolitan District No. 3,62120/1,Weld,76.201,4430770
Silver Peaks Metropolitan District No. 4,62121/1,Weld,62.6,100
Silver Peaks Metropolitan District No. 5,62122/1,Weld,68.735,39740
Silver Peaks Metropolitan District No. 6,66908/1,Weld,75.041,2974320
Silver Peaks Metropolitan District No. 7,66909/1,Weld,62.6,100
Silver Plume,10009/1,Clear Creek,23.09,4512120
SilverStone Metropolitan District No. 1,66040/1,Weld,53.65,10
SilverStone Metropolitan District No. 2,66041/1,Weld,66.79,9598410
SilverStone Metropolitan District No. 3,66042/1,Weld,8.86,1765469
Silverhills Sanitation District,33006/1,Lake,0,0
Silverthorne,59018/1,Summit,0,396125636
Silverthorne Urban Renewal Authority,66384/1,Summit,0,0
Silverton,56002/1,San Juan,9.777,52141440
Silverton 1 School District,56900/1,San Juan,16.628,90348306
Simla,20006/1,Elbert,17.562,5667650
Sinking Fund,16002/7,Denver,4.768,25445395933
Sky Dance Metropolitan District No. 1,67338/1,Adams,64.777,1010
Sky Dance Metropolitan District No. 2,67339/1,Adams,64.777,3770
Sky Ranch Metropolitan District No. 1,65416/1,Arapahoe,76.08,17995821
Sky Ranch Metropolitan District No. 2,03115/1,Arapahoe,0,0
Sky Ranch Metropolitan District No. 3,65417/1,Arapahoe,118.956,20649722
Sky Ranch Metropolitan District No. 4,65418/1,Arapahoe,0,12
Sky Ranch Metropolitan District No. 5,65419/1,Arapahoe,113.006,111056642
Sky Ranch Metropolitan District No. 6,67662/1,Arapahoe,0,12
Sky Ranch Metropolitan District No. 7,67663/1,Arapahoe,0,12
Sky Ranch Metropolitan District No. 8,67664/1,Arapahoe,0,12
Skyland Metropolitan District,26013/1,Gunnison,15.311,57644280
Skyline Fire Protection District,03066/1,Arapahoe,9.655,49423278
Skyview Meadows Metropolitan District,67169/1,Weld,61.025,82012
Skyview Subdistrict of the La Plata Archuleta Water District,67557/1,La Plata,0,301720
Smith Creek Metropolitan District,19054/1,Eagle,0,0
Smith Metropolitan District No. 1,66405/1,Denver,0,30
Smith Metropolitan District No. 2,66406/1,Denver,0,30
Smith Metropolitan District No. 3,66407/1,Denver,59.074,590
Smith Metropolitan District No. 4,66408/1,Denver,0,30
Smoky Hill Metropolitan District,03067/1,Arapahoe,21.058,46345896
Snake River Water District,59026/1,Summit,0,315758140
Snowmass Village,49012/1,Pitkin,7.287,848037790
"Snowmass Village GID #1, Town of Snowmass Village, CO",65301/1,Pitkin,6.03,100351220
Snowmass Water & Sanitation District,49013/1,Pitkin,4.483,814622460
Snowmass-Wildcat Fire Protection District,49014/1,Pitkin,9.417,867381730
Snyder Sanitation District,44019/1,Morgan,7.068,669900
SoLa Metropolitan District--Commercial,65988/1,Boulder,61.838,13732574
SoLa Metropolitan District--Institutional,65989/1,Boulder,64.443,155680
Soda Creek Highlands Metropolitan District No. 1,67255/1,Clear Creek,0,530
Soda Creek Highlands Metropolitan District No. 2,67256/1,Clear Creek,0,510
Sojourn at Idlewild Metropolitan District,67590/1,Grand,80.838,2068780
SolVista Metropolitan District,25037/1,Grand,21.93,4071060
Solandt Memorial Hospital District,54014/1,Routt,0.346,169433990
Solaris Metropolitan District No. 1,65739/1,Eagle,0,13380
Solaris Metropolitan District No. 2,65740/1,Eagle,60.325,37892080
Solaris Metropolitan District No. 3,65741/1,Eagle,41.317,9115990
Solid Waste Disposal,02001/10,Alamosa,0,0
Solid Waste Disposal,07003/9,Boulder,0,11631881772
Solid Waste Disposal,08003/8,Chaffee,0,0
Solid Waste Disposal,10003/9,Clear Creek,0,0
Solid Waste Disposal,22013/6,Fremont,0,0
Solid Waste Disposal,24005/11,Gilpin,0.282,552342708
Solid Waste Disposal,27001/7,Hinsdale,0,0
Solid Waste Disposal,29001/9,Jackson,0.47,99007417
Solid Waste Disposal,32011/7,Kit Carson,1,261155715
Solid Waste Disposal,37008/8,Lincoln,1,186948968
Solid Waste Disposal,38008/6,Logan,0,0
Solid Waste Disposal,41007/7,Moffat,0,0
Solid Waste Disposal,43001/8,Montrose,0,0
Solid Waste Disposal,47012/8,Park,0,0
Solid Waste Disposal,51010/10,Pueblo,0,0
Solid Waste Disposal,52016/6,Rio Blanco,0,0
Solid Waste Disposal,57010/7,San Miguel,0,0
Solid Waste Disposal,61008/7,Washington,0.5,189946890
Solitude Metropolitan District,65111/1,Douglas,55,10226820
Sorrel Ranch Metropolitan District,65100/1,Arapahoe,38.074,31698696
South Academy Station Metropolitan District No. 2,65910/1,El Paso,0,218500
South Academy Station Metropolitan District No. 3,65911/1,El Paso,25,95650
South Academy Station Metropolitan District No. 5,65913/1,El Paso,0,30
South Adams County Fire Protection,01023/1,Adams,14.75,2228356390
South Adams County Water & Sanitation District,01021/1,Adams,2.265,2026393960
South Arapahoe Sanitation District,03070/1,Arapahoe,0,633109414
South Arkansas Fire Protection District,64182/1,Chaffee,4.519,120214510
South Arkansas Fire Protection District,64182/1,Fremont,4.519,4449069
South Beebe Draw Metropolitan District,01038/1,Adams,65.455,360
South Beebe Draw Metropolitan District,01038/1,Weld,65.455,47321520
South Boulder Road Revitalization Area URP (City of Lafayette),07069/2,Boulder,0,0
South Conejos Fire Protection District,11017/1,Conejos,3.466,36153399
South Conejos RE-10 School District,11903/1,Conejos,32.686,46725720
South Durango Sanitation District,34032/1,La Plata,0,140192980
South Englewood Sanitation District No. 1,03061/1,Arapahoe,0,402857922
South Evergreen Water District,30122/1,Jefferson,0,9255183
South Fork,53013/1,Rio Grande,0,34411074
South Fork Fire Protection District,66432/1,Rio Grande,4.284,81646505
South Fork Water & Sanitation District,53009/1,Rio Grande,0.329,45727274
South Fort Collins Sanitation District,35039/1,Larimer,0.466,1402527195
South Maryland Creek Ranch Metropolitan District,66702/1,Summit,56.753,33189770
South Meridian Metropolitan District,18116/1,Douglas,19.185,17990040
South Meridian Metropolitan District -  Debt Service,18116/2,Douglas,5.285,23154520
South Meridian Metropolitan District -  Debt Service 2,18116/3,Douglas,0,13009130
South Meridian Metropolitan District - Debt Service 3,18116/4,Douglas,5.285,6891820
South Metro Fire Rescue Fire Protection District,64108/1,Arapahoe,12.25,8402252094
South Metro Fire Rescue Fire Protection District,64108/1,Douglas,12.25,7426451899
South Metro Fire Rescue Fire Protection District,64108/1,Jefferson,12.25,832777884
South Park - Park and Recreation District,47021/1,Park,1,460381568
South Park Ambulance District,47018/1,Park,10.74,506039395
South Park Health Service District,66830/1,Park,0,0
South Pueblo County Conservation District,51019/1,Las Animas,0,2033850
South Pueblo County Conservation District,51019/1,Pueblo,0,247732680
South Routt County Cemetery District,54015/1,Routt,0.441,44186390
South Routt County Library District,54016/1,Routt,1.125,153295640
South Routt Medical Center Health Service District,65679/1,Routt,5.4,153220360
South Routt RE 3 School District,64947/1,Rio Blanco,38.036,421340
South Routt RE 3 School District,64947/1,Routt,38.036,163588500
South Santa Fe Metropolitan District No. 1,65812/1,Douglas,0,70
South Santa Fe Metropolitan District No. 2,65813/1,Douglas,0,527190
"South Sheridan Water, Sanitary Sewer & Storm Drainage District",30079/1,Jefferson,3.888,34596931
South Side Conservation District,23021/1,Garfield,0,0
South Side Conservation District,23021/1,Mesa,0,10060870
South Sloan's Lake Metropolitan District No. 1,66452/1,Denver,0,0
South Sloan's Lake Metropolitan District No. 2,66453/1,Denver,38.444,1354973
South Subdistrict of Gunnison County Metropolitan Recreation District,67703/1,Gunnison,0,0
South Subdistrict of Gunnison County Metropolitan Recreation District,67703/1,Saguache,0,0
South Suburban Park and Recreation District,64126/1,Arapahoe,8.8,3379590742
South Suburban Park and Recreation District,64126/1,Douglas,8.8,1033829941
South Suburban Park and Recreation District,64126/1,Jefferson,8.8,48336105
South Suburban Park and Recreation District - Bonds (Greenwood Village),64126/3,Arapahoe,0,0
South Suburban Park and Recreation District - Debt Only,64126/2,Arapahoe,0,0
South Timnath Metropolitan District #1,65582/1,Larimer,19.104,18831
South Timnath Metropolitan District #2,65583/1,Larimer,44.576,830331
South Vale Water District,68264/1,Boulder,0,0
South Village Metropolitan District No. 1,67531/1,Larimer,0,8602
South Village Metropolitan District No. 2,67532/1,Larimer,0,7342
South Weld Metropolitan District,62112/1,Weld,60,1946613
South-East Englewood Water District,03072/1,Arapahoe,0,909491592
Southeast Colorado Hospital District,05008/1,Baca,7,85067473
Southeast Colorado Regional Housing Authority,68056/1,Baca,0,0
Southeast Colorado Regional Housing Authority,68056/1,Bent,0,0
Southeast Colorado Regional Housing Authority,68056/1,Crowley,0,0
Southeast Colorado Regional Housing Authority,68056/1,Kiowa,0,0
Southeast Colorado Regional Housing Authority,68056/1,Otero,0,0
Southeast Colorado Regional Housing Authority,68056/1,Prowers,0,0
Southeast Public Improvement Metropolitan District,65232/1,Arapahoe,2,1653260203
Southeast Public Improvement Metropolitan District,65232/1,Denver,2,316043050
Southeast Public Improvement Metropolitan District,65232/1,Douglas,2,923540251
Southeast Public Improvement Metropolitan District - Debt Service,65232/2,Arapahoe,0,2594763
Southeast Weld Conservation District,62054/1,Morgan,0,21770
Southeast Weld Conservation District,62054/1,Weld,0,1002209680
Southeast Weld Fire Protection District,64127/1,Adams,10.47,22107970
Southeast Weld Fire Protection District,64127/1,Weld,10.47,1259155080
Southeastern Colo Water Con - Contract,64128/2,Bent,0.818,70131130
Southeastern Colo Water Con - Contract,64128/2,Chaffee,0.818,751005730
Southeastern Colo Water Con - Contract,64128/2,Crowley,0.818,47610886
Southeastern Colo Water Con - Contract,64128/2,El Paso,0.818,10858750840
Southeastern Colo Water Con - Contract,64128/2,Fremont,0.818,510768766
Southeastern Colo Water Con - Contract,64128/2,Kiowa,0.818,3997176
Southeastern Colo Water Con - Contract,64128/2,Otero,0.818,164660021
Southeastern Colo Water Con - Contract,64128/2,Prowers,0.818,70561417
Southeastern Colo Water Con - Contract,64128/2,Pueblo,0.818,2258841377
Southeastern Colo Water Con - Operating,64128/1,Bent,0.032,70131130
Southeastern Colo Water Con - Operating,64128/1,Chaffee,0.032,751005730
Southeastern Colo Water Con - Operating,64128/1,Crowley,0.032,47610886
Southeastern Colo Water Con - Operating,64128/1,El Paso,0.032,10858750840
Southeastern Colo Water Con - Operating,64128/1,Fremont,0.032,510768766
Southeastern Colo Water Con - Operating,64128/1,Kiowa,0.032,3997176
Southeastern Colo Water Con - Operating,64128/1,Otero,0.032,164660021
Southeastern Colo Water Con - Operating,64128/1,Prowers,0.032,70561417
Southeastern Colo Water Con - Operating,64128/1,Pueblo,0.032,2258841377
Southern Chaffee County Regional Library District,08009/1,Chaffee,3.503,484449270
Southern Colorado Rail Park Metropolitan District No. 1,68152/1,El Paso,0,120
Southern Colorado Rail Park Metropolitan District No. 2,68153/1,El Paso,0,84740
Southern Colorado Rail Park Metropolitan District No. 3,68154/1,El Paso,0,792490
Southern Colorado Water Conservancy District,68149/1,Alamosa,0,0
Southern Colorado Water Conservancy District,68149/1,Rio Grande,0,0
Southern Colorado Water Conservancy District,68149/1,Saguache,0,0
Southern Metropolitan District,03073/1,Arapahoe,3.5,67582401
Southern Park County Fire District,47017/1,Park,12.27,50603130
Southern Teller County Health Services District,60009/1,Teller,3.71,477893940
Southern Teller County Public Library District,60008/1,Teller,0.534,468054000
Southgate Sanitation District,64129/1,Arapahoe,0.465,1730042201
Southgate Sanitation District,64129/1,Douglas,0.465,1071955791
Southgate Water,64130/1,Arapahoe,0,1565564661
Southgate Water,64130/1,Douglas,0,1073861431
Southgate Water Bond - Douglas,64130/3,Douglas,0,0
Southgate at Centennial Metropolitan District,03098/1,Arapahoe,0.8,75470587
Southglenn Metropolitan District,65530/1,Arapahoe,66.701,18890273
Southglenn Metropolitan District No. 2,67783/1,Arapahoe,12,1258672
Southlands Metropolitan District No. 1,65086/1,Arapahoe,42,83662037
Southlands Metropolitan District No. 1 - Bonds,65086/2,Arapahoe,32,3208222
Southlands Metropolitan District No. 2,65087/1,Arapahoe,61.245,13877701
Southpointe Special Improvement Maintenance District,51033/1,Pueblo,5,9270800
Southridge Metropolitan District,66934/1,Larimer,50.785,4596007
Southshore Metropolitan District,65148/1,Arapahoe,64.068,108033802
Southshore Metropolitan District No. 1,65147/1,Arapahoe,0,0
Southwest Adams County FPD Exclusion - Westminster Pension,01024/3,Adams,0,0
Southwest La Plata Library District,67220/1,La Plata,1.5,249807460
Southwest Mesa County Rural Services Public Improvement District,65157/1,Mesa,4,322870
Southwest Metropolitan Water & Sanitation District,64131/1,Arapahoe,0,124993978
Southwest Metropolitan Water & Sanitation District,64131/1,Douglas,0,24344170
Southwest Metropolitan Water & Sanitation District,64131/1,Jefferson,0,730819323
Southwest Plaza Metropolitan District,30080/1,Jefferson,30.88,30379792
Southwest Plaza Metropolitan District - Ex 21,30080/2,Jefferson,11.825,478116
Southwest Suburban Denver Water & Sanitation District,30081/1,Jefferson,0,122343382
Southwest Timnath Metropolitan District No. 1,66547/1,Larimer,63.68,1855
Southwest Timnath Metropolitan District No. 2,66548/1,Larimer,63.68,4726764
Southwest Timnath Metropolitan District No. 3,66549/1,Larimer,63.68,2227258
Southwest Timnath Metropolitan District No. 4,66550/1,Larimer,63.68,3709067
Southwest Washington County Fire Protection District,61013/1,Washington,1.9,57411493
Southwestern Highway 115 Fire Protection District,21086/1,El Paso,13.215,22347400
Southwestern Highway 115 Fire Protection District,21086/1,Fremont,12.683,2745945
Southwestern Water Conservation District,64132/1,Archuleta,0.356,609310586
Southwestern Water Conservation District,64132/1,Dolores,0.356,99324611
Southwestern Water Conservation District,64132/1,Hinsdale,0.356,11324640
Southwestern Water Conservation District,64132/1,La Plata,0.356,2228111660
Southwestern Water Conservation District,64132/1,Mineral,0.356,5827772
Southwestern Water Conservation District,64132/1,Montezuma,0.356,702243750
Southwestern Water Conservation District,64132/1,Montrose,0.356,49672242
Southwestern Water Conservation District,64132/1,San Juan,0.356,86600215
Southwestern Water Conservation District,64132/1,San Miguel,0.356,1553350990
Southwestern Weld County Law Enforcement Authority,65853/1,Weld,7,50
Spanish Peaks Library District,28020/1,Huerfano,2.08,137921044
Spanish Peaks and Bon Carbo Fire Protection District,65020/1,Las Animas,3.95,63427307
Spanish Peaks-Purgatoire River Conservation District,64224/1,Costilla,0.5,80143
Spanish Peaks-Purgatoire River Conservation District,64224/1,Huerfano,0.5,13113
Spanish Peaks-Purgatoire River Conservation District,64224/1,Las Animas,0.5,126337719
Special Assessor Levy,02001/7,Alamosa,0,0
Special Assessor Levy,04001/6,Archuleta,0,0
Special Assessor Levy,09002/7,Cheyenne,0,0
Special Assessor Levy,18008/7,Douglas,0,0
Special Assessor Levy,20001/8,Elbert,0,0
Special Assessor Levy,26006/5,Gunnison,0,0
Special Assessor Levy,27001/5,Hinsdale,0,0
Special Assessor Levy,43001/5,Montrose,0,0
Special Assessor Levy,47012/6,Park,0,0
Special Assessor Levy,59021/7,Summit,0,3562515215
Special Assessor Levy,63012/5,Yuma,0,0
Special Judgment Fund,07003/11,Boulder,0,11631881772
Spring Canyon Water & Sanitation District,35041/1,Larimer,3.019,27104309
Spring Hill Metropolitan District No. 1,67586/1,Weld,59.074,42620
Spring Hill Metropolitan District No. 2,67587/1,Weld,59.074,11530
Spring Hill Metropolitan District No. 3,67588/1,Weld,59.073,10820
Spring Hill Metropolitan District No. 4,67589/1,Weld,16.111,64970
Spring Mesa Metropolitan District,30123/1,Jefferson,41.103,21883740
Spring Valley Metropolitan District No. 1,65004/1,Elbert,0,30
Spring Valley Metropolitan District No. 2,65005/1,Elbert,75.421,18902410
Spring Valley Metropolitan District No. 3,65272/1,Elbert,76.008,6139200
Spring Valley Metropolitan District No. 4,65572/1,Elbert,85.176,4484900
Spring Valley Metropolitan District No. 5,67427/1,Elbert,82.551,8680
Spring Valley Metropolitan District No. 6,67428/1,Elbert,84.7,2220930
Spring Valley Sanitation District,23022/1,Garfield,4,28882600
Springfield,05011/1,Baca,16.524,9586301
Springfield Cemetery District,05009/1,Baca,1.106,68328475
Springfield Metropolitan Recreation District,05010/1,Baca,3.288,33665976
Springfield RE-4 School District,05902/1,Baca,37.53,36416890
Springs Metropolitan District,65459/1,Weld,6,26199
Springs South Metropolitan District,65788/1,Weld,6,14283
Spruce Meadows Metropolitan District,65240/1,Broomfield,25.198,12197160
St. Charles Mesa Sanitation District,51020/1,Pueblo,4.095,52594000
St. Charles Mesa Water District,51028/1,Pueblo,0,121325010
St. Mary's Glacier Metropolitan District,10010/1,Clear Creek,18.571,16163890
St. Mary's Glacier Water & Sanitation District,10011/1,Clear Creek,4.224,16163890
St. Vincent General Hospital District,33009/1,Lake,9.072,228517539
St. Vrain & Left Hand Water Conservancy District,64133/1,Boulder,1.406,2893419041
St. Vrain & Left Hand Water Conservancy District,64133/1,Larimer,1.406,6936007
St. Vrain & Left Hand Water Conservancy District,64133/1,Weld,1.406,881855818
St. Vrain Lakes Metropolitan District No. 1,65843/1,Weld,38.147,446354
St. Vrain Lakes Metropolitan District No. 2,65844/1,Weld,80.771,11983313
St. Vrain Lakes Metropolitan District No. 2 - Bond 2058,65844/2,Weld,0,0
St. Vrain Lakes Metropolitan District No. 3,65845/1,Weld,61.671,374333
St. Vrain Lakes Metropolitan District No. 4,65846/1,Weld,65.9,77099
St. Vrain Sanitation District,62080/1,Weld,0.316,1283177337
St. Vrain Valley RE 1J School District,64910/1,Boulder,57.717,3328832724
St. Vrain Valley RE 1J School District,64910/1,Broomfield,57.717,8633485
St. Vrain Valley RE 1J School District,64910/1,Larimer,57.717,23403027
St. Vrain Valley RE 1J School District,64910/1,Weld,57.717,2471067083
Stadium Metropolitan District,67273/1,El Paso,0,33150
Starkville,36010/1,Las Animas,5.5,1380266
Starwood Metropolitan District,49020/1,Pitkin,20.137,112212840
State Reimbursement,04001/7,Archuleta,0,0
State Reimbursement,11004/9,Conejos,0,0
State Reimbursement,32011/9,Kit Carson,0,0
State Reimbursement,36006/7,Las Animas,0,0
State Reimbursement,43001/10,Montrose,0,0
State Reimbursement,55007/5,Saguache,0,0
State Reimbursement,63012/7,Yuma,0,0
State Reinbursement,26006/8,Gunnison,0,0
Steamboat Basecamp Metropolitan District,67618/1,Routt,0,0
Steamboat II Metropolitan District,54017/1,Routt,20.7,32410980
Steamboat Lake Water & Sanitation District,54040/1,Routt,6.661,15068000
Steamboat Springs,54023/1,Routt,2,1381267030
Steamboat Springs Area Fire Protection District,54022/1,Routt,9.088,453407520
Steamboat Springs Cemetery District,54020/1,Routt,0.061,1903811850
Steamboat Springs RE-2 School District,54901/1,Routt,13.209,2073423610
Steamboat Springs Redev. Authority,65310/1,Routt,0,222529840
Sterling,38019/1,Logan,14.027,116453967
Sterling Hills Metropolitan District,03133/1,Arapahoe,0,0
Sterling Hills West Metropolitan District,03160/1,Arapahoe,43.014,35519992
Sterling Ranch Colorado Metropolitan District No. 1,66462/1,Douglas,95.522,0
Sterling Ranch Colorado Metropolitan District No. 2,66463/1,Douglas,95.522,43493610
Sterling Ranch Colorado Metropolitan District No. 3,66464/1,Douglas,95.522,100826350
Sterling Ranch Colorado Metropolitan District No. 3 - Debt Service,66464/2,Douglas,62.238,8622470
Sterling Ranch Colorado Metropolitan District No. 4,66465/1,Douglas,5.492,1740500
Sterling Ranch Colorado Metropolitan District No. 4 - Bond Debt (4658),66465/2,Douglas,0,6320
Sterling Ranch Colorado Metropolitan District No. 4 Subdistrict-A,67644/1,Douglas,90.03,1722570
Sterling Ranch Colorado Metropolitan District No. 4 Subdistrict-B,67945/1,Douglas,90.03,3250
Sterling Ranch Colorado Metropolitan District No. 4 Subdistrict-C,67946/1,Douglas,90.03,0
Sterling Ranch Colorado Metropolitan District No. 4 Subdistrict-D,67947/1,Douglas,90.03,0
Sterling Ranch Colorado Metropolitan District No. 4 Subdistrict-E,68123/1,Douglas,90.03,0
Sterling Ranch Colorado Metropolitan District No. 5,66466/1,Douglas,95.522,0
Sterling Ranch Colorado Metropolitan District No. 6,66467/1,Douglas,95.522,0
Sterling Ranch Colorado Metropolitan District No. 7,66468/1,Douglas,5.53,15177870
Sterling Ranch Colorado Metropolitan District No. 7 - Bond Debt (4659),66468/2,Douglas,0,1710210
Sterling Ranch Colorado Metropolitan District No. 7 Subdistrict-A,67451/1,Douglas,10.264,7312740
Sterling Ranch Colorado Metropolitan District No. 7 Subdistrict-B,67464/1,Douglas,37.592,6003010
Sterling Ranch Colorado Metropolitan District No. 7 Subdistrict-C,67948/1,Douglas,35,0
Sterling Ranch Colorado Metropolitan District No. 7 Subdistrict-D,68180/1,Douglas,35,0
Sterling Ranch Colorado Metropolitan District No. 7 Subdistrict-E,68181/1,Douglas,37.591,5800
Sterling Ranch Metropolitan District No. 1,66324/1,El Paso,48.86,479120
Sterling Ranch Metropolitan District No. 2,66325/1,El Paso,60.38,24402200
Sterling Ranch Metropolitan District No. 3,66326/1,El Paso,64.443,162530
Sterling Ranch Metropolitan District No. 4,67926/1,El Paso,0,7070
Sterling Ranch Metropolitan District No. 5,67927/1,El Paso,0,151690
Sterling Rural Fire Protection District,38018/1,Logan,5.623,162236208
Sterling Urban Renewal Authority,38020/1,Logan,0,0
Stetson Hills Special Improvement Maintenance District,21072/1,El Paso,3.858,132098510
Stetson Ridge Metropolitan District No. 1,21108/1,El Paso,0,860
Stetson Ridge Metropolitan District No. 2,21109/1,El Paso,15.716,55794800
Stetson Ridge Metropolitan District No. 3,65736/1,El Paso,34.255,19382980
Stone Canon Ranch Metropolitan District,65188/1,Douglas,24.491,2440500
Stone Creek Metropolitan District,66542/1,Douglas,44.386,16178800
Stone Ridge Metropolitan District No. 2,65007/1,Las Animas,0,2974132
Stone Ridge Metropolitan District No. 2 Subdistrict No. 1,67802/1,Las Animas,0,0
Stone Ridge Metropolitan District No. 2 Subdistrict No. 10,67811/1,Las Animas,0,0
Stone Ridge Metropolitan District No. 2 Subdistrict No. 2,67803/1,Las Animas,0,0
Stone Ridge Metropolitan District No. 2 Subdistrict No. 3,67804/1,Las Animas,0,0
Stone Ridge Metropolitan District No. 2 Subdistrict No. 4,67805/1,Las Animas,0,0
Stone Ridge Metropolitan District No. 2 Subdistrict No. 5,67806/1,Las Animas,0,0
Stone Ridge Metropolitan District No. 2 Subdistrict No. 6,67807/1,Las Animas,0,0
Stone Ridge Metropolitan District No. 2 Subdistrict No. 7,67808/1,Las Animas,0,0
Stone Ridge Metropolitan District No. 2 Subdistrict No. 8,67809/1,Las Animas,0,0
Stone Ridge Metropolitan District No. 2 Subdistrict No. 9,67810/1,Las Animas,0,0
Stonebridge Metropolitan District No. 1,68245/1,El Paso,0,0
Stonebridge Metropolitan District No. 2,68246/1,El Paso,0,0
Stonebridge Metropolitan District No. 3,68247/1,El Paso,0,0
Stonebridge Metropolitan District No. 4,68248/1,El Paso,0,0
Stonebridge Metropolitan District No. 5,68249/1,El Paso,0,0
Stonebridge Metropolitan District No. 6,68250/1,El Paso,0,0
Stonegate North Villages Metropolitan District,18042/1,Douglas,47,64005330
Stonegate North Villages Metropolitan District - Debt Service,18042/2,Douglas,24.775,702990
Stonegate Village Metropolitan District,18043/1,Douglas,0.655,127517920
Stoneridge Metropolitan District,65241/1,Weld,18.315,13190670
Stonewall Fire Protection District,36019/1,Las Animas,2.459,102506246
Stonington Cemetery District,05012/1,Baca,0.996,4003458
Strasburg 31J School District,64903/1,Adams,38.531,99022025
Strasburg 31J School District,64903/1,Arapahoe,38.531,45431058
Strasburg Fire Protection District No. 8,64134/1,Adams,12.614,68936710
Strasburg Fire Protection District No. 8,64134/1,Arapahoe,12.614,44484965
Strasburg Metropolitan Park & Recreation District,64135/1,Adams,5.01,85002550
Strasburg Metropolitan Park & Recreation District,64135/1,Arapahoe,5.01,33938048
Strasburg Sanitation and Water District,64136/1,Adams,4,11513750
Strasburg Sanitation and Water District,64136/1,Arapahoe,3.77,5154189
Stratmoor Hills Fire Protection District,21043/1,El Paso,22.975,94129190
Stratmoor Hills Sanitation District,21044/1,El Paso,0,84249860
Stratmoor Hills Water District,21045/1,El Paso,0,88282270
Stratton,32020/1,Kit Carson,20.8,5242420
Stratton Cemetery District,32017/1,Kit Carson,0.243,30863429
Stratton Fire Protection District,32018/1,Kit Carson,2.275,34622750
Stratton R-4 School District,32902/1,Kit Carson,34.579,32167744
Subdistrict No. 1 of the Coalton Metropolitan District,67357/1,Boulder,20,3989757
Subdistrict No. 1 of the Tower Center Metropolitan District,68155/1,Eagle,50,184360
Suburban Metropolitan District,03075/1,Arapahoe,0.399,178146714
Sugar City,13007/1,Crowley,13.856,1149188
Sugar Creek Metropolitan District No. 1,68251/1,Larimer,0,0
Sugar Creek Metropolitan District No. 2,68252/1,Larimer,0,0
Sugar Creek Metropolitan District No. 3,68253/1,Larimer,0,0
Sugar Creek Metropolitan District No. 4,68254/1,Larimer,0,0
Sugar Creek Metropolitan District No. 5,68255/1,Larimer,0,0
Sugar Creek Metropolitan District No. 6,68256/1,Larimer,0,0
Sugar Loaf Fire Protection District,07050/1,Boulder,10.972,39919803
Summerfield Metropolitan District No. 1,66416/1,Weld,53.74,160
Summerfield Metropolitan District No. 2,66417/1,Weld,50.409,23703760
Summerfield Metropolitan District No. 3,66418/1,Weld,20,359910
Summerfield North Metropolitan District,67593/1,Weld,60,583340
Summerfield South Metropolitan District No. 1,68227/1,Weld,0,0
Summerfield South Metropolitan District No. 2,68228/1,Weld,0,0
Summerfield South Metropolitan District No. 3,68229/1,Weld,0,0
Summerfield South Metropolitan District No. 4,68230/1,Weld,0,0
Summerfield South Metropolitan District No. 5,68231/1,Weld,0,0
Summit Combined Housing Authority,66880/1,Summit,0,0
Summit County,59021/1,Summit,19.274,3562515215
Summit Fire & EMS Fire Protection District,59041/1,Summit,14.59,1845171695
Summit Park Metropolitan District,65179/1,Elbert,35,4697610
Summit RE-1 School District,59901/1,Summit,15.343,3878885495
Sun Country Meadows Public Improvement District,66839/1,Elbert,10.664,17746880
Sun Valley Denver General Improvement District,67735/1,Denver,6,20300
Sundance Hills Metropolitan District,03076/1,Arapahoe,26.875,25750320
Sundance at Daubert Farm Metropolitan District,65903/1,Larimer,0,18943
Sundance/Farraday Subdistrict No. 1 of the La Plata Archuleta Water District,66781/1,La Plata,13.92,2412130
Sundown Oaks Metropolitan District,68238/1,Douglas,0,0
Sunlight Metropolitan District,66762/1,Routt,32.868,12120630
Sunset Metropolitan District,21066/1,El Paso,0,745130
Sunset Metropolitan District No. 2,67642/1,El Paso,40,144500
Sunset Parks Metropolitan District,66046/1,Weld,71.093,8260310
Sunset Water District,35042/1,Larimer,0,7487936
Sunshine Fire Protection District,07039/1,Boulder,18.14,16574909
Superior,64183/1,Boulder,13.627,301935536
Superior,64183/1,Jefferson,13.627,21009
Superior Metropolitan District No. 2,07055/1,Boulder,0,0
Superior Metropolitan District No. 3,64233/1,Boulder,0,0
Superior Metropolitan District No. 3,64233/1,Jefferson,0,11937
Superior Urban Renewal Authority - Superior Town Center Urban Renewal Plan Area,64213/2,Boulder,0,53969
Superior/McCaslin Interchange Metropolitan District,07074/1,Boulder,21.47,30780652
Superior/McCaslin Interchange Metropolitan District - Exclusion,07074/2,Boulder,0,0
Swan's Nest Metropolitan District,59032/1,Summit,5,10997660
Sweetgrass Metropolitan District No. 1,65034/1,Weld,63.028,4467818
Sweetgrass Metropolitan District No. 2,65035/1,Weld,63.244,13996600
Sweetgrass Metropolitan District No. 3,65036/1,Weld,20,2311714
Swink,45015/1,Otero,39.317,3471319
Swink 33 School District,45905/1,Otero,36.586,21450225
Swink Metropolitan District,68020/1,Adams,0,11960
Sylvan Cemetery District,42021/1,Montezuma,0.007,133139050
Sylvan Lakes Metropolitan District,33007/1,Lake,8.992,2891571
TBC Metropolitan District,66881/1,Adams,12.574,19926400
TR Ranch Metropolitan District,65299/1,Adams,0,171550
Tabernash Meadows Water and Sanitation District,25033/1,Grand,29.876,18800850
Tabernash Meadows Water and Sanitation District - Bond,25033/2,Grand,0,0
Table Mountain Metropolitan District,66431/1,Jefferson,41.745,14755118
Tablerock Metropolitan District,65112/1,Jefferson,22.18,19588544
Taft Ridge Metropolitan District No. 1,67971/1,Larimer,0,3926
Taft Ridge Metropolitan District No. 2,67972/1,Larimer,0,1031
Taft Ridge Metropolitan District No. 3,67973/1,Larimer,0,2681
Taft Ridge Metropolitan District No. 4,67974/1,Larimer,0,130
Tailholt Metropolitan District No. 1,65700/1,Weld,0,0
Tailholt Metropolitan District No. 1,66648/1,Weld,63.68,71720
Tailholt Metropolitan District No. 2,65701/1,Weld,0,0
Tailholt Metropolitan District No. 2,66649/1,Weld,15,265040
Tailholt Metropolitan District No. 3,65702/1,Weld,0,0
Tailholt Metropolitan District No. 3,66650/1,Weld,63.68,14229360
Takoda Metropolitan District,66076/1,Boulder,43.645,20101314
Tallahassee Fire Protection District,66738/1,Fremont,10.096,29849866
Tallgrass Metropolitan District,65093/1,Arapahoe,25.512,33646904
Tallgrass Metropolitan District - Bonds Only,65093/2,Arapahoe,24.012,3929061
Tallman Gulch Metropolitan District,65645/1,Douglas,54.837,11358130
Tallyn's Reach Metropolitan District No. 1,03154/1,Arapahoe,0,0
Tallyn's Reach Metropolitan District No. 2,03155/1,Arapahoe,5.984,24442130
Tallyn's Reach Metropolitan District No. 3,03156/1,Arapahoe,41.458,80528323
Talon Pointe Coordinating Metropolitan District,66476/1,Adams,0,270
Talon Pointe Metropolitan District,65738/1,Adams,99.003,13716220
Tamarron Metropolitan District,65169/1,La Plata,57.501,36083990
Tamarron Metropolitan District - L & M Subdistrict,67670/1,La Plata,0,0
Teller County,60010/1,Teller,14.653,911639192
Teller County Water & Sanitation District No. 1,60011/1,Teller,0,8615700
Telluride,57014/1,San Miguel,5.188,550236181
Telluride Fire Protection District,57013/1,San Miguel,8.151,1496534809
Telluride Hospital District,57002/1,San Miguel,5.563,1496534809
Telluride R-1 School District,57900/1,Dolores,12.432,11719456
Telluride R-1 School District,57900/1,San Miguel,12.456,1626552678
Temporary HS Safety Net,07003/12,Boulder,0.9,11631881772
Third Creek Metropolitan District No. 1,67351/1,Adams,71.246,70840
Third Creek Metropolitan District No. 2,67352/1,Adams,71.245,1575510
Third Creek Metropolitan District No. 3,67353/1,Adams,71.241,1170
Thompson Crossing Metropolitan District No. 1,65010/1,Larimer,0,135
Thompson Crossing Metropolitan District No. 2,65011/1,Larimer,17.407,117959378
Thompson Crossing Metropolitan District No. 2 - Bond,65011/2,Larimer,3.039,32579627
Thompson Crossing Metropolitan District No. 3,65012/1,Larimer,90.518,1161
Thompson Crossing Metropolitan District No. 4,65588/1,Larimer,95.962,37339770
Thompson Crossing Metropolitan District No. 5,65589/1,Larimer,79.496,1622969
Thompson Crossing Metropolitan District No. 6,65590/1,Larimer,71.657,6547191
Thompson R-2J School District,64932/1,Boulder,44.836,7442539
Thompson R-2J School District,64932/1,Larimer,44.836,3603639713
Thompson R-2J School District,64932/1,Weld,44.836,62353370
Thompson Rivers Park and Recreation District,62104/1,Larimer,3.594,15311720
Thompson Rivers Park and Recreation District,62104/1,Weld,3.594,1151238290
Thompson Valley Health Services District,35043/1,Larimer,1.745,3343443144
Thornton,64264/1,Adams,10.21,2303839818
Thornton 136th Avenue General Improvement District,01081/1,Adams,15,16825510
Thornton Development Authority,01030/1,Adams,0,0
Thornton Development Authority - East 144th Avenue Urban Renewal Plan Area,01030/3,Adams,0,0
Thornton Development Authority - North Washington,01030/2,Adams,0,0
Thornton Development Authority - South Thornton Urban Renewal Plan Area,01030/4,Adams,0,0
Three Hills Metropolitan District,65436/1,Jefferson,71.772,6393416
Three Lakes Water & Sanitation District,25021/1,Grand,0.927,313225380
Three Lakes Water & Sanitation District - Bond,25021/2,Grand,0,0
Three Springs Metropolitan District #1,65565/1,La Plata,60.923,26110640
Three Springs Metropolitan District #2,65566/1,La Plata,52.15,113800
Three Springs Metropolitan District #3,65567/1,La Plata,0,31640
Three Springs Metropolitan District No. 4,66675/1,La Plata,53.703,3664230
ThunderVillage Metropolitan District,66114/1,Pueblo,4.082,4534934
Thunderbird Water & Sanitation District,18033/1,Douglas,23.191,11460510
Timber Creek Water District,66178/1,Summit,4.172,10638110
Timber Springs Metropolitan District,66529/1,Eagle,0,3214220
Timberleaf Metropolitan District,65943/1,Adams,73.776,10285470
Timberline Fire Protection District,64075/1,Boulder,9.359,26283326
Timberline Fire Protection District,64075/1,Gilpin,9.359,170656480
Timbers Estates Metropolitan District,30107/1,Jefferson,35.294,3399924
Timbers Metropolitan District,66777/1,Douglas,35,18476500
Timbers Preserve Water & Sanitation District - Sewer Subdistrict,54024/3,Routt,17.754,4554050
Timbers Preserve Water & Sanitation District - Water Subdistrict,54024/4,Routt,16.148,6485340
Timbers Water & San - Bond,54024/2,Routt,0,0
Timbers Water & Sanitation District,54024/1,Routt,0,0
Timnath,35044/1,Larimer,6.688,115674341
Timnath,35044/1,Weld,6.688,139290
Timnath Development Authority,65364/1,Larimer,0,3659899
Timnath Lakes Metropolitan District No. 1,65585/1,Larimer,57.118,208783
Timnath Lakes Metropolitan District No. 2,65586/1,Larimer,26.851,40276
Timnath Lakes Metropolitan District No. 3,65587/1,Larimer,56.005,8188139
Timnath Lakes Metropolitan District No. 4,67308/1,Larimer,53.522,18
Timnath Lakes Metropolitan District No. 5,67309/1,Larimer,13.356,411
Timnath Lakes Metropolitan District No. 6,67310/1,Larimer,0,111
Timnath Ranch Metropolitan District No. 1,65929/1,Larimer,45.101,222111
Timnath Ranch Metropolitan District No. 2,65930/1,Larimer,57.075,779059
Timnath Ranch Metropolitan District No. 3,65931/1,Larimer,36.21,58616
Timnath Ranch Metropolitan District No. 4,65932/1,Larimer,24.861,71129
Todd Creek Village Metropolitan District,01062/1,Adams,0,6160
Todd Creek Village Park and Recreation District,65091/1,Adams,7,61722600
Tollgate Creek Commons Metropolitan District No. 1,65796/1,Arapahoe,0,0
Tollgate Creek Commons Metropolitan District No. 2,65797/1,Arapahoe,0,0
Tollgate Crossing Metropolitan District No. 2,65070/1,Arapahoe,52.06,49957888
Tower Business Improvement District,67463/1,Adams,2.5,75395050
Tower Center Metropolitan District,66144/1,Eagle,50,346230
Tower Metropolitan District,01027/1,Adams,22.5,366601360
Town Center Metropolitan District,16012/1,Denver,0,0
Town Center Metropolitan District Subdistrict No. 1,16012/2,Denver,53,9009380
Town Center Metropolitan District Subdistrict No. 2,16012/3,Denver,50,15830170
Town Center Metropolitan District Subdistrict No. 3,16012/4,Denver,59,8477170
Town Center Metropolitan District Subdistrict No. 4,16012/5,Denver,53,5480570
Town Center Metropolitan District Subdistrict No. 5,16012/6,Denver,53,9010970
Town of Avon General Improvement District No. 1,66135/1,Eagle,15.64,4631690
Town of Castle Rock Festival Park Commons General Improvement District,66949/1,Douglas,45,6335858
Town of Erie Urban Renewal Authority,66333/1,Weld,0,9290
Town of Erie Urban Renewal Authority - Erie Gateway Phase 1 Urban Renewal Plan Area,66333/6,Boulder,0,0
Town of Erie Urban Renewal Authority - Erie Gateway Phase 1 Urban Renewal Plan Area,66333/6,Weld,0,1317270
Town of Erie Urban Renewal Authority - Four Corners Urban Renewal Plan Area,66333/4,Boulder,0,123233
Town of Erie Urban Renewal Authority - Highway 287 Urban Renewal Plan Area,66333/5,Boulder,0,491032
Town of Erie Urban Renewal Authority - Historic Old Town Erie Urban Renewal Plan Area,66333/3,Weld,0,27948030
Town of Erie Urban Renewal Authority - Town Center Urban Renewal Plan Area,66333/7,Boulder,0,0
Town of Erie Urban Renewal Authority - Town Center Urban Renewal Plan Area,66333/7,Weld,0,0
Town of Erie Urban Renewal Authority - Urban Renewal Plan Area 4 (Daybreak Area),66333/2,Weld,0,2519486
Town of Lyons Urban Renewal Authority,66588/1,Boulder,0,15308887
Town of Mead Elevation 25 General Improvement District,67821/1,Weld,5,9292610
Town of Mead Highway 66 and I-25 General Improvement District,68067/1,Weld,7,2227890
Town of Mead Urban Renewal Authority,66651/1,Weld,0,40870379
"Town of Minturn General Improvement District, Town of Minturn, County of Eagle, Colorado",66126/1,Eagle,0,0
Town of Parker My Mainstreet General Improvement District,67784/1,Douglas,0,763688
Town of Timnath - Timnath Landing General Improvement District,67159/1,Larimer,15,8475604
Towner Cemetery District,31009/1,Kiowa,0.322,6101113
Towner Recreation District,31010/1,Kiowa,0.515,6101113
Traditions Metropolitan District,65234/1,Arapahoe,24.687,35161903
Traer Creek Metropolitan District,19060/1,Eagle,16.111,57390
TrailMark Metropolitan District,30130/1,Jefferson,2.072,48327886
Trails Metropolitan District,67277/1,Douglas,68.096,6429030
Trails Park and Recreation District,03087/1,Arapahoe,6.14,889002537
Trails at Crowfoot Metropolitan District No. 1,66686/1,Douglas,88,10212010
Trails at Crowfoot Metropolitan District No. 2,66687/1,Douglas,88.026,17282440
Trails at Crowfoot Metropolitan District No. 3,66688/1,Douglas,85.805,12084820
Trailside Metropolitan District No. 1,66915/1,Larimer,0,345
Trailside Metropolitan District No. 2,66916/1,Larimer,57.291,7953215
Trailside Metropolitan District No. 3,66917/1,Larimer,57.531,7054030
Trailside Metropolitan District No. 4,66918/1,Larimer,57.306,6097100
Trailside Metropolitan District No. 5,66919/1,Larimer,18.259,3065
Trailside Metropolitan District No. 6,67782/1,Larimer,44.647,3628298
TransPort Metropolitan District No. 1,65884/1,Adams,50,10
TransPort Metropolitan District No. 10,65893/1,Adams,0,40
TransPort Metropolitan District No. 11,65894/1,Adams,0,40
TransPort Metropolitan District No. 12,65895/1,Adams,0,40
TransPort Metropolitan District No. 13,65896/1,Adams,0,40
TransPort Metropolitan District No. 14,65897/1,Adams,0,40
TransPort Metropolitan District No. 15,65898/1,Adams,0,40
TransPort Metropolitan District No. 2,65885/1,Adams,70.338,16907830
TransPort Metropolitan District No. 3,65886/1,Adams,51,27150
TransPort Metropolitan District No. 4,65887/1,Adams,54.84,219480
TransPort Metropolitan District No. 5,65888/1,Adams,50,10530
TransPort Metropolitan District No. 6,65889/1,Adams,0,40
TransPort Metropolitan District No. 7,65890/1,Adams,0,40
TransPort Metropolitan District No. 8,65891/1,Adams,0,40
TransPort Metropolitan District No. 9,65892/1,Adams,0,40
Travelers Highland Public Improvement District,66192/1,Garfield,44.809,878050
Tree Farm Metropolitan District,66975/1,Eagle,49.706,15689120
Tree Haus Metropolitan District,54025/1,Routt,19.113,14873630
Trevenna Metropolitan District,67737/1,Weld,40.3,145460
Tri County Fire Protection District,64195/1,El Paso,6.019,34972760
Tri County Fire Protection District,64195/1,Elbert,6.019,1125060
Tri County Fire Protection District,64195/1,Lincoln,6.019,14616331
Tri-County Water Conservancy District,64138/1,Delta,1.55,188745970
Tri-County Water Conservancy District,64138/1,Montrose,1.55,893925817
Tri-County Water Conservancy District,64138/1,Ouray,1.55,262234790
Tri-Lakes Monument Fire Protection District,21047/1,El Paso,18.4,1045263800
Tri-Pointe Commercial Metropolitan District,62114/1,Weld,44.604,10030530
Tri-Pointe Residential Metropolitan District,62115/1,Weld,56.073,22499820
Triangle Logistics Center Commercial Metropolitan District,67499/1,Adams,0,93230
Trinchera Water Conservancy District,12010/1,Costilla,0.463,96255194
Trinidad,36011/1,Las Animas,17.579,98870658
Trinidad 1 School District,36900/1,Las Animas,20.641,181068035
Trinidad Ambulance District,36017/1,Las Animas,2.907,405278982
Trinidad Urban Renewal Authority,66637/1,Las Animas,0,50625556
Triple Creek Metropolitan District No. 1,66987/1,Weld,50,20074760
Triple Creek Metropolitan District No. 2,66988/1,Weld,50,15560
Triple H Ranch Metropolitan District No. 1,68265/1,El Paso,0,0
Triple H Ranch Metropolitan District No. 2,68266/1,El Paso,0,0
Triple H Ranch Metropolitan District No. 3,68267/1,El Paso,0,0
Triveni Square Metropolitan District No. 1,67777/1,Summit,0,534380
Triveni Square Metropolitan District No. 2,67778/1,Summit,10,1339920
Triveni Square Metropolitan District No. 3,67779/1,Summit,0,44900
Triveni Square Metropolitan District No. 4,67780/1,Summit,0,44900
Triview Metropolitan District,21061/1,El Paso,20.5,201228920
Triview Metropolitan District No. 2,65730/1,El Paso,8.5,13004630
Triview Metropolitan District No. 3,65731/1,El Paso,69.261,6014690
Triview Metropolitan District No. 4,65921/1,El Paso,6.5,37138770
Triview Metropolitan District Subdistrict A,67389/1,El Paso,0,15098650
Triview Metropolitan District Subdistrict B,67390/1,El Paso,0,0
Trolley Station Metropolitan District,66717/1,Adams,0,0
TrueNorth Commons Business Improvement District,67077/1,El Paso,60,0
Turion Metropolitan District No. 1,65330/1,Weld,69.468,190
Turion Metropolitan District No. 2,65331/1,Weld,64.857,10711350
Turion Metropolitan District No. 3,65332/1,Weld,60.895,8020
Turion Metropolitan District No. 4,65333/1,Weld,52.625,10
Turion Metropolitan District No. 5,65334/1,Weld,56.466,10
Turion Metropolitan District No. 6,65335/1,Weld,56.466,10
Turion South Metropolitan District No. 1,67692/1,Weld,0,30
Turion South Metropolitan District No. 10,67701/1,Weld,0,20
Turion South Metropolitan District No. 2,67693/1,Weld,0,30
Turion South Metropolitan District No. 3,67694/1,Weld,0,30
Turion South Metropolitan District No. 4,67695/1,Weld,0,30
Turion South Metropolitan District No. 5,67696/1,Weld,0,30
Turion South Metropolitan District No. 6,67697/1,Weld,0,30
Turion South Metropolitan District No. 7,67698/1,Weld,0,30
Turion South Metropolitan District No. 8,67699/1,Weld,0,30
Turion South Metropolitan District No. 9,67700/1,Weld,0,30
Turkey Canon Ranch Water District,21099/1,El Paso,9.5,3500830
Turkey Creek Conservation District,51024/1,Pueblo,0,41024804
Tuscan Foothills Village Metropolitan District,66775/1,El Paso,51.996,3469150
Tuscany Plaza Metropolitan District,66198/1,El Paso,36.5,4652090
Tv Translator,06001/9,Bent,0,0
Tv Translator,15006/8,Delta,0,0
Tv Translator,38008/7,Logan,0.2,412627526
Tv Translator,39023/11,Mesa,0.028,3011181665
Tv Translator,43001/11,Montrose,0,0
Tv Translator,49010/7,Pitkin,0.236,5544208430
Tv Translator,54012/7,Routt,0,0
Tv Translator,61008/9,Washington,0.25,189946890
Twin Buttes Metropolitan District No. 1,66423/1,La Plata,0,160310
Twin Buttes Metropolitan District No. 2,66424/1,La Plata,55,13134980
Twin Buttes Metropolitan District No. 3,66425/1,La Plata,70,494160
Twin Buttes Metropolitan District No. 4,66426/1,La Plata,114.334,1341870
Twin Mesa Metropolitan District,68053/1,Douglas,7.5,8726100
Twin Peaks Metropolitan District,66386/1,Boulder,50,9506052
Twining Flats Road Improvement District,49029/1,Pitkin,5.769,5335760
Two Bridges Metropolitan District,66197/1,Douglas,74.057,4435240
Two Buttes,05016/1,Baca,7.971,334281
Two Buttes Cemetery District,05013/1,Baca,1.089,3296840
Two Buttes Fire Protection District,64139/1,Baca,1.494,5497117
Two Buttes Fire Protection District,64139/1,Prowers,1.502,1940499
Two Buttes Metropolitan Recreation & Park District,05014/1,Baca,3.244,3296840
Two Rivers Marketplace Metropolitan District,67760/1,Weld,50,55920
Two Rivers Metropolitan District,19059/1,Eagle,20,10301180
Uncompahgre Valley Pest Control District,43015/1,Montrose,0,0
Union Colony West Metropolitan District No. 1,68057/1,Weld,50,30
Union Colony West Metropolitan District No. 2,68058/1,Weld,50,298720
Union Colony West Metropolitan District No. 3,68059/1,Weld,50,283150
Union Colony West Metropolitan District No. 4,68060/1,Weld,50,827410
Union Colony West Metropolitan District No. 5,68061/1,Weld,50,338570
Union Colony West Metropolitan District No. 6,68062/1,Weld,50,35140
Union Colony West Metropolitan District No. 7,68063/1,Weld,25,28260
Union Colony West Metropolitan District No. 8,68064/1,Weld,50,27490
United Water & Sanitation District,65107/1,Elbert,65.455,1410
University Hills General Improvement District,07041/1,Boulder,1.472,28574559
Uplands Metropolitan District No. 1,67714/1,Adams,46.184,4349000
Uplands Metropolitan District No. 2,67715/1,Adams,24.703,1950
Upper Arkansas Conservation District,64140/1,Lake,0,0
Upper Arkansas Water Conservancy District,64141/1,Chaffee,0.372,911879410
Upper Arkansas Water Conservancy District,64141/1,Custer,0.372,177592955
Upper Arkansas Water Conservancy District,64141/1,El Paso,0.372,10322790
Upper Arkansas Water Conservancy District,64141/1,Fremont,0.372,719719165
Upper Arkansas Water Conservancy District,64141/1,Saguache,0.372,616370
Upper Bear Creek Water & Sanitation District,64142/1,Clear Creek,0,0
Upper Big Sandy Groundwater Management District,64163/1,El Paso,0.532,32144330
Upper Big Sandy Groundwater Management District,64163/1,Elbert,0.532,40216152
Upper Big Sandy Groundwater Management District,64163/1,Lincoln,0.532,51831905
Upper Black Squirrel Creek Groundwater Management District,21048/1,El Paso,1.082,640354590
Upper Blue Sanitation District,59003/1,Summit,0,1377112190
Upper Cottonwood Creek Metropolitan District,65083/1,El Paso,25.471,29114920
Upper Cottonwood Creek Metropolitan District No. 2,65551/1,El Paso,50.942,33262700
Upper Cottonwood Creek Metropolitan District No. 3,65552/1,El Paso,63.655,53107480
Upper Cottonwood Creek Metropolitan District No. 4,65553/1,El Paso,61.77,41538830
Upper Cottonwood Creek Metropolitan District No. 5,65554/1,El Paso,77.056,6485700
Upper Crow Creek Ground Water Management District,67356/1,Weld,1.876,84424660
Upper Grand Valley Pest Control District,39042/1,Mesa,0.091,267469660
Upper Gunnison River Water Conservancy District,64143/1,Gunnison,1.951,1075197480
Upper Gunnison River Water Conservancy District,64143/1,Hinsdale,1.951,62066660
Upper Gunnison River Water Conservancy District,64143/1,Saguache,1.951,6975636
Upper Huerfano Conservation District,64172/1,Huerfano,0.5,117099801
Upper Huerfano Conservation District,64172/1,Las Animas,0.5,2257560
Upper Huerfano Fire Protection District,28016/1,Huerfano,7.133,21551378
Upper Pine River Fire Protection District,34027/1,Archuleta,15.401,832860
Upper Pine River Fire Protection District,34027/1,La Plata,15.129,294027760
Upper San Juan Health Service District,64144/1,Archuleta,3.897,583672826
Upper San Juan Health Service District,64144/1,Hinsdale,3.884,5011170
Upper San Juan Health Service District,64144/1,Mineral,3.884,5827772
Upper San Juan Library District,04009/1,Archuleta,1.507,608213186
Upper South Platte Water Conservancy,64145/1,Clear Creek,0.108,149860
Upper South Platte Water Conservancy,64145/1,Douglas,0.108,19144810
Upper South Platte Water Conservancy,64145/1,Jefferson,0.108,195031902
Upper South Platte Water Conservancy,64145/1,Park,0.108,855946449
Upper South Platte Water Conservancy,64145/1,Teller,0.108,255622540
Upper Thompson Sanitation District,35045/1,Larimer,0,319204720
Upper Yampa Water Conservancy District,64146/1,Moffat,1.82,170215386
Upper Yampa Water Conservancy District,64146/1,Routt,1.82,2230906820
Urban Drainage & Flood Control District,64147/1,Adams,0.9,13151234791
Urban Drainage & Flood Control District,64147/1,Arapahoe,0.9,16031622242
Urban Drainage & Flood Control District,64147/1,Boulder,0.9,8437325186
Urban Drainage & Flood Control District,64147/1,Broomfield,0.9,1983223510
Urban Drainage & Flood Control District,64147/1,Denver,0.9,25445395933
Urban Drainage & Flood Control District,64147/1,Douglas,0.9,7822808359
Urban Drainage & Flood Control District,64147/1,Jefferson,0.9,12588966886
"Urban Drainage & Flood, South Platte Levy",64174/1,Adams,0.1,13151234791
"Urban Drainage & Flood, South Platte Levy",64174/1,Arapahoe,0.1,16031622242
"Urban Drainage & Flood, South Platte Levy",64174/1,Denver,0.1,25445395933
"Urban Drainage & Flood, South Platte Levy",64174/1,Douglas,0.1,7822808359
"Urban Drainage & Flood, South Platte Levy",64174/1,Jefferson,0.1,12588966886
Urban Renewal Authority of Dacono,66594/1,Weld,0,35249518
Urban Renewal Authority of Dacono - Dacono II Urban Renewal Plan Area,66594/2,Weld,0,1996883
Ute Pass Regional Health Service District,65329/1,Douglas,4.001,8506990
Ute Pass Regional Health Service District,65329/1,Park,4.001,45756415
Ute Pass Regional Health Service District,65329/1,Teller,4.001,428462822
Ute Pass Water District,67711/1,La Plata,10,7509080
Ute Water Conservancy District,39043/1,Mesa,0,2331310670
VDW Metropolitan District No. 1,65132/1,Larimer,0,19
VDW Metropolitan District No. 2,65133/1,Larimer,36.419,30304465
VDW Metropolitan District No. 3,65134/1,Larimer,30.864,12139301
Vail,19038/1,Eagle,4.722,1673311270
Vail Park & Recreation District,19032/1,Eagle,4.291,1707164350
Vail Reinvestment Authority - Lionshead TIF,65218/2,Eagle,0,156278010
Vail Square Metropolitan District No. 1,65508/1,Eagle,0,200
Vail Square Metropolitan District No. 2,65509/1,Eagle,24,19514860
Vail Square Metropolitan District No. 3,65510/1,Eagle,15.797,13810140
Valagua Metropolitan District,65189/1,Eagle,71.145,11063110
Valentia Court Metropolitan District,65917/1,Arapahoe,63.68,6839247
Valley Club Pointe Metropolitan District,65313/1,Arapahoe,55,11522466
Valley Metropolitan Recreation District,36012/1,Las Animas,2.875,14525426
Valley RE-1 School District,38900/1,Logan,35.399,273841049
Valley Sanitation District,64148/1,Arapahoe,2.288,117395432
Valley Sanitation District,64148/1,Denver,2.288,27756580
Valley Sanitation District - Bond,64148/2,Arapahoe,0.831,864914
Valley Sanitation District - Bond,64148/2,Denver,0,0
Valley View Metropolitan District No. 1,67941/1,Douglas,0,1830
Valley View Metropolitan District No. 2,67942/1,Douglas,0,3350
Valley View Metropolitan District No. 3,67943/1,Douglas,0,730
Valley Water District,30085/1,Jefferson,0,333522763
Valley at Winter Park Water District,25036/1,Grand,0,4480230
Van Den Berg Metropolitan District,65224/1,La Plata,0,663820
Vance Street Metropolitan District No. 1,65059/1,Jefferson,0,11270
Vance Street Metropolitan District No. 2,65060/1,Jefferson,0,147
Vauxmont Metropolitan District,65265/1,Jefferson,89.745,106799817
Velocity Metropolitan District No. 1,65990/1,Adams,46.807,133030
Velocity Metropolitan District No. 2,65991/1,Adams,60.147,6044680
Velocity Metropolitan District No. 3,65992/1,Adams,54.777,51126930
Velocity Metropolitan District No. 3 - Bond,65992/2,Adams,53.703,520
Velocity Metropolitan District No. 4,65993/1,Adams,42.962,10480990
Velocity Metropolitan District No. 5,65994/1,Adams,42.91,163780
Velocity Metropolitan District No. 5 - Bond,65994/2,Adams,37.547,759340
Velocity Metropolitan District No. 6,65995/1,Adams,42.962,30090900
Velocity Metropolitan District No. 7,65996/1,Adams,38.661,346190
Velocity Metropolitan District No. 8,65997/1,Adams,38.666,20126620
Velocity Metropolitan District No. 9,65998/1,Adams,60.147,4237670
Ventana Metropolitan District,65555/1,El Paso,63.026,13740370
Vermilion Creek Metropolitan District,65775/1,Arapahoe,64.443,7109902
Vermilion Creek Metropolitan District No. 2,68118/1,Arapahoe,64.443,325116
Vermilion Creek Metropolitan District No. 3,68119/1,Arapahoe,64.443,351753
Verve Metropolitan District No. 1,66482/1,Broomfield,60.833,601740
Verve Metropolitan District No. 1,66482/1,Jefferson,60.833,30159905
Verve Metropolitan District No. 2,66483/1,Jefferson,0,189
Verve Metropolitan District No. 3,66484/1,Jefferson,0,189
Verve Metropolitan District No. 4,66485/1,Jefferson,0,189
Victor,60012/1,Teller,13.828,6661570
Vilas,05019/1,Baca,23.775,158743
Vilas Cemetery District,05017/1,Baca,0.99,7611773
Vilas Metropolitan Recreation District,05018/1,Baca,2.008,6808432
Vilas RE-5 School District,05903/1,Baca,27.11,6859358
Villa Bella Metropolitan District No. 1,67471/1,Pueblo,64.38,30
Villa Bella Metropolitan District No. 2,67472/1,Pueblo,64.443,254590
Villa Bella Metropolitan District No. 3,67473/1,Pueblo,64.443,67020
Village Center Metropolitan District,65324/1,El Paso,50,14396130
Village Center Outer Ring Subdistrict,67108/1,Arapahoe,0,130700862
Village East Community Metropolitan District,66684/1,Weld,45.623,8097300
Village East Metropolitan District No. 1,66123/1,Weld,45.889,186820
Village East Metropolitan District No. 2,66124/1,Weld,49.41,3907470
Village East Metropolitan District No. 3,66125/1,Weld,32,5595170
Village East Metropolitan District No. 4,67671/1,Weld,45.889,1270980
Village East Metropolitan District No. 5,67672/1,Weld,45.889,30
Village Metropolitan District,19061/1,Eagle,16.65,31702270
Village at Dry Creek Metropolitan District No. 1,66411/1,Adams,0,270
Village at Dry Creek Metropolitan District No. 2,66412/1,Adams,12.5,26128690
Village at Dry Creek Metropolitan District No. 3,66413/1,Adams,12.137,9498520
Village at Dry Creek Metropolitan District No. 4,66414/1,Adams,12.5,2660
Village at North Creek Metropolitan District,66052/1,Adams,0,0
Village at North Creek Metropolitan District,67239/1,Adams,60,500
Village at SouthGate Metropolitan District,66579/1,Adams,63.051,9953500
Village at Thorncreek Metropolitan District,66215/1,Adams,0,0
Village at Winter Park Resort Metropolitan District No. 1,65568/1,Grand,0,379950
Village at Winter Park Resort Metropolitan District No. 2,65569/1,Grand,30,10408030
Village at Winter Park Rsrt. Metro. Dist,65570/1,Grand,29.624,3094660
Village on the Green Metropolitan District No. 1,66420/1,Douglas,49.423,3475820
Villages At Castle Rock Metro No. 4,18048/1,Douglas,5.188,1522750
Villages At Castle Rock Metropolitan District No. 6,18050/1,Douglas,75.286,58885660
Villages At Castle Rock Metropolitan District No. 7,18051/1,Douglas,0,37249830
Villages At Castle Rock Metropolitan District No. 9,18079/1,Douglas,45.111,14510
Villages at Johnstown Metropolitan District No. 1,66929/1,Larimer,10.74,135
Villages at Johnstown Metropolitan District No. 2,66930/1,Larimer,10.742,416
Villages at Johnstown Metropolitan District No. 3,66931/1,Larimer,57.08,9233401
Villages at Johnstown Metropolitan District No. 4,66932/1,Larimer,10.74,956435
Villages at Johnstown Metropolitan District No. 5,66933/1,Larimer,10.74,509604
Villages at Johnstown Metropolitan District No. 7,66935/1,Larimer,56.138,3564762
Villages at Johnstown Metropolitan District No. 8,66936/1,Larimer,0,5398888
Villas Metropolitan District,66721/1,Douglas,76.767,6991200
Villas at Eastlake Reservoir Metropolitan District,66137/1,Adams,39.4,4612360
Vincent Village Metropolitan District,67349/1,Weld,28.851,2686938
Vineyard Metropolitan District,66339/1,El Paso,0,133840
Vintage Reserve Metropolitan District,65231/1,Jefferson,17,16055646
Vista Commons Metropolitan District No. 1,67311/1,Weld,0,830
Vista Commons Metropolitan District No. 2,67312/1,Weld,10.74,10560
Vista Commons Metropolitan District No. 3,67313/1,Weld,10.74,11580
Vista Commons Metropolitan District No. 4,67314/1,Weld,60.483,765960
Vista Meadows Metropolitan District,67725/1,Weld,75.577,1181620
Vista Ridge Metropolitan District,62123/1,Weld,47,122359120
Vista West Metropolitan District,67597/1,Weld,57.794,981570
Vistas at Saddleback Metropolitan District No. 1,67951/1,Weld,0,224
Vistas at Saddleback Metropolitan District No. 2,67952/1,Weld,0,118527
Vistas at Saddleback Metropolitan District No. 3,67953/1,Weld,0,105375
Vistas at West Mesa Metropolitan District,67560/1,El Paso,77.84,2504440
Vona,32023/1,Kit Carson,14.669,555324
Vona Cemetery District,32021/1,Kit Carson,0.836,15147291
Vona Fire Protection District,32022/1,Kit Carson,4.391,13766900
W-Y Ground Water Management District,64149/1,Washington,0.345,39267918
W-Y Ground Water Management District,64149/1,Yuma,0.345,128902470
W/J Metropolitan District,65328/1,Pitkin,55.791,7360810
Wagons West Metropolitan District,67049/1,El Paso,57.573,3377600
Wake Park and Recreation District,67930/1,Weld,60,51216040
Walden,29006/1,Jackson,9.439,9178510
Walden Metropolitan District No. 1,66536/1,El Paso,0,15370
Walden Metropolitan District No. 2,66537/1,El Paso,20.049,5266430
Walnut Hills General Improvement District,03125/1,Arapahoe,2.404,46441882
Walnut Peacemaker Metropolitan District No. 1,67041/1,Arapahoe,70,301437
Walnut Peacemaker Metropolitan District No. 2,67042/1,Arapahoe,0,18297
Walnut Peacemaker Metropolitan District No. 3,67043/1,Arapahoe,0,18297
Walnut Peacemaker Metropolitan District No. 4,67044/1,Arapahoe,0,18297
Walnut Peacemaker Metropolitan District No. 5,67045/1,Arapahoe,0,18297
Walsenburg,28010/1,Huerfano,9.542,30873852
Walsenburg General Improvement District,28018/1,Huerfano,0,0
Walsenburg Urban Renewal Authority,66631/1,Huerfano,0,0
Walsh,05023/1,Baca,34.751,2043044
Walsh Cemetery District,05020/1,Baca,1.892,8636142
Walsh Hospital District,05021/1,Baca,40.074,35538421
Walsh Metropolitan Recreation District,05022/1,Baca,2.247,25732255
Walsh RE-1 School District,05900/1,Baca,43.07,27167120
Ward,07042/1,Boulder,3.937,2390820
Ward TOD Metropolitan District No. 1,66356/1,Jefferson,86.295,5866137
Ward TOD Metropolitan District No. 2,66357/1,Jefferson,0,31766
Ward TOD Metropolitan District No. 3,66358/1,Jefferson,0,31766
Washington 25 Metropolitan District No. 1,66925/1,Adams,50,2720
Washington 25 Metropolitan District No. 2,66926/1,Adams,50,40
Washington 25 Metropolitan District No. 3,66927/1,Adams,0,40
Washington 25 Metropolitan District No. 4,66928/1,Adams,0,40
Washington County,61008/1,Washington,30.251,189946890
Washington County Conservation District,61014/1,Washington,0,0
Washington County Pest Control District,61012/1,Washington,1.75,48218152
Water Valley Metropolitan District No. 1,62102/1,Weld,37.911,46382230
Water Valley Metropolitan District No. 2,62103/1,Weld,41.079,91153710
Water Valley Metropolitan District No. 3,67738/1,Weld,43.013,7098280
Waterbury Metropolitan District No. 1,65452/1,El Paso,0,117620
Waterbury Metropolitan District No. 1 - Debt Service,65452/2,El Paso,0,203270
Waterfall Metropolitan District No. 1,66053/1,Larimer,48.282,8858975
Waterfall Metropolitan District No. 2,66054/1,Larimer,0,0
Waterfield Metropolitan District No. 1,67105/1,Larimer,0,0
Waterfield Metropolitan District No. 2,67106/1,Larimer,0,0
Waterfield Metropolitan District No. 3,67107/1,Larimer,0,0
Waterfront Metropolitan District,65230/1,Larimer,26.762,11508193
Waterfront at Foster Lake Metropolitan District No. 1,65944/1,Weld,40,433010
Waterfront at Foster Lake Metropolitan District No. 2,65945/1,Weld,69.463,774840
Waterfront at Foster Lake Metropolitan District No. 3,65946/1,Weld,40,158380
Waters' Edge Metropolitan District No. 1,67113/1,Larimer,50,14
Waters' Edge Metropolitan District No. 2,67114/1,Larimer,50.455,13248275
Waters' Edge Metropolitan District No. 3,67115/1,Larimer,0,10
Waters' Edge Metropolitan District No. 4,67116/1,Larimer,0,10
Waters' Edge Metropolitan District No. 5,67117/1,Larimer,0,10
Waterstone Metropolitan District No. 1,65733/1,Arapahoe,75.006,14025080
Waterstone Metropolitan District No. 2,65734/1,Arapahoe,0,38838
Waterview I Metropolitan District,65497/1,El Paso,40,22100630
Waterview II Metropolitan District,66068/1,El Paso,82.909,11130370
Waterview North Metropolitan District No. 1,68030/1,El Paso,77.84,1162440
Waterview North Metropolitan District No. 2,68031/1,El Paso,11.12,623600
Watkins Road Holdings Metropolitan District No. 1,67021/1,Arapahoe,70,9312789
Watkins Road Holdings Metropolitan District No. 10,67030/1,Arapahoe,0,16786
Watkins Road Holdings Metropolitan District No. 11,67031/1,Arapahoe,0,61164
Watkins Road Holdings Metropolitan District No. 12,67032/1,Arapahoe,0,61164
Watkins Road Holdings Metropolitan District No. 13,67033/1,Arapahoe,0,61164
Watkins Road Holdings Metropolitan District No. 14,67034/1,Arapahoe,0,61164
Watkins Road Holdings Metropolitan District No. 15,67035/1,Arapahoe,0,61164
Watkins Road Holdings Metropolitan District No. 16,67036/1,Arapahoe,0,61164
Watkins Road Holdings Metropolitan District No. 17,67037/1,Arapahoe,0,61164
Watkins Road Holdings Metropolitan District No. 18,67038/1,Arapahoe,0,61164
Watkins Road Holdings Metropolitan District No. 19,67039/1,Arapahoe,0,61164
Watkins Road Holdings Metropolitan District No. 2,67022/1,Arapahoe,0,16786
Watkins Road Holdings Metropolitan District No. 20,67040/1,Arapahoe,0,61164
Watkins Road Holdings Metropolitan District No. 3,67023/1,Arapahoe,0,16786
Watkins Road Holdings Metropolitan District No. 4,67024/1,Arapahoe,0,16786
Watkins Road Holdings Metropolitan District No. 5,67025/1,Arapahoe,0,16786
Watkins Road Holdings Metropolitan District No. 6,67026/1,Arapahoe,0,16786
Watkins Road Holdings Metropolitan District No. 7,67027/1,Arapahoe,0,16786
Watkins Road Holdings Metropolitan District No. 8,67028/1,Arapahoe,0,16786
Watkins Road Holdings Metropolitan District No. 9,67029/1,Arapahoe,0,16786
Weed Control,02001/14,Alamosa,0,0
Weed Control,37008/10,Lincoln,0,0
Weems Neighborhood Metropolitan District,66761/1,Boulder,63.265,6184763
Weld County,62056/1,Weld,15.956,19722748799
Weld County Pioneer Community Law Enforcement Authority,65721/1,Weld,7,721130
Weld County RE-8 School District,62912/1,Broomfield,18.198,1883110
Weld County RE-8 School District,62912/1,Weld,18.198,1261064637
Weldon Valley RE-20(J) School District,64939/1,Morgan,39.141,35032120
Weldon Valley RE-20(J) School District,64939/1,Weld,39.141,82930
Well Augmentation Subdistrict of Central Colorado Water Conservancy Dist (Dissolved. Use LGID 65372),64041/2,Adams,0,0
Well Augmentation Subdistrict of Central Colorado Water Conservancy Dist (Dissolved. Use LGID 65372),64041/2,Morgan,0,0
Well Augmentation Subdistrict of Central Colorado Water Conservancy District,65372/1,Adams,9.152,39739500
Well Augmentation Subdistrict of Central Colorado Water Conservancy District,65372/1,Morgan,9.152,9703170
Well Augmentation Subdistrict of Central Colorado Water Conservancy District,65372/1,Weld,9.152,466593862
Wellington,35047/1,Larimer,12.439,175812662
Wellington Fire Protection District,35046/1,Larimer,14.187,262840186
Welty Ridge Metropolitan District No. 1,66031/1,Weld,0,2420
Welty Ridge Metropolitan District No. 2,66032/1,Weld,10.72,138450
West Adams Conservation District,64270/1,Broomfield,0,2103920
West Adams Conservation District,64270/1,Weld,0,542659624
West Arapahoe Conservation District,03080/1,Arapahoe,0,10103128082
West Boyd Metropolitan District No. 1,67229/1,Larimer,0,41
West Boyd Metropolitan District No. 2,67230/1,Larimer,28.127,44010
West Boyd Metropolitan District No. 3,67231/1,Larimer,26.816,12515
West Cheyenne Fire Protection District,09014/1,Cheyenne,1.5,44386270
West Colfax Business Improvement District,65763/1,Denver,0,0
West Custer County Hospital District,14008/1,Custer,7.908,166175705
West Custer County Hospital District,14008/1,Fremont,7.908,745274
West Custer County Library District,14009/1,Custer,1.983,166175605
West Divide Water Conservancy District,64151/1,Garfield,0.037,1035359240
West Divide Water Conservancy District,64151/1,Mesa,0.037,20758080
West Divide Water Conservancy District,64151/1,Pitkin,0.037,27392620
West Dolores County Cemetery District,17008/1,Dolores,0.345,17231000
West Douglas County Fire Protection District,18034/1,Douglas,0.057,90641720
West End RE-2 School District,43901/1,Montrose,34.585,31661805
West Fort Collins Water District,35048/1,Larimer,0,76133330
West Glenwood Springs Sanitation District,23023/1,Garfield,0.762,78476700
West Globeville Metropolitan District No. 1,66660/1,Denver,53.702,14487990
West Globeville Metropolitan District No. 2,66661/1,Denver,53.702,0
West Grand (Bond Only),64926/2,Grand,0,0
West Grand 1 J,64926/1,Eagle,25.302,1416970
West Grand 1 J,64926/1,Grand,25.302,181099556
West Grand 1 J,64926/1,Summit,25.302,16765450
West Greeley Conservation District,62058/1,Weld,0.414,6826251030
West Jefferson County Metro. District,65153/1,Jefferson,0,198995873
West Jefferson County Metropolitan District,67111/1,Jefferson,0,0
West Junction Metropolitan District No. 1,67434/1,Mesa,51.779,1723180
West Kiowa County Cemetery District,31011/1,Kiowa,0.335,4561909
West Kiowa Recreation District,31012/1,Kiowa,0.502,4561909
West Lot Metropolitan District No. 1,67093/1,Denver,7,56665890
West Lot Metropolitan District No. 2,67094/1,Denver,24,8432480
West Meadow Metropolitan District,65421/1,Grand,51.87,28040964
West Meadows Metropolitan District,30111/1,Jefferson,4.4,45520364
West Metro Fire Protection District,64243/1,Douglas,14.361,228054940
West Metro Fire Protection District,64243/1,Jefferson,13.79,6182005804
West Metro Fire Protection District - Subdistrict Bond,64243/2,Douglas,0,0
West Metro Fire Protection District - Subdistrict Bond,64243/2,Jefferson,0.571,5515771279
West Montrose Sanitation District,43016/1,Montrose,2.248,40257277
West Mountain Metropolitan District,65422/1,Grand,50,3689
West Mountain Metropolitan District No. 2,68006/1,Grand,0,2130
West Mountain Metropolitan District No. 3,68007/1,Grand,0,228080
West Mountain Metropolitan District No. 4,68008/1,Grand,0,900
West Mountain Metropolitan District No. 5,68009/1,Grand,0,2980
West Otero-Timpas Conservation District,64257/1,Otero,0,0
West Park Fire Protection District,51021/1,Pueblo,4.768,12263450
West Phillips County Cemetery District,48009/1,Phillips,2,30082230
West Point Metropolitan District,30143/1,Jefferson,31.116,44817924
West Point Metropolitan District - Park Ridge Subdistrict,67154/1,Jefferson,19.5,5183429
West Routt Fire Protection District,54026/1,Routt,9.675,147786570
West Routt Library District,54027/1,Routt,1.711,169433990
West Yuma County Cemetery District,63021/1,Yuma,0.533,141583180
Westcliffe,14005/1,Custer,4.462,16948842
Westcreek Lakes Water District,18035/1,Douglas,14.571,3355330
Westcreek Metropolitan District No. 1,65722/1,Douglas,38.413,7410060
Westcreek Metropolitan District No. 2,65723/1,Douglas,45.727,6486900
Westend Ridge Metropolitan District,67585/1,Jefferson,73.703,1218872
Westerly Creek Metropolitan District,16033/1,Adams,68.514,3600589
Westerly Creek Metropolitan District,16033/1,Denver,68.514,942738280
Westerly Metropolitan District No. 1,67318/1,Weld,66.519,5770
Westerly Metropolitan District No. 2,67319/1,Weld,70.425,13898800
Westerly Metropolitan District No. 3,67320/1,Weld,60.622,193940
Westerly Metropolitan District No. 4,67321/1,Weld,69.814,602050
Western Fremont Fire Protection District,66055/1,Fremont,3.528,12478472
Western Hills Fire Protection District,62059/1,Weld,10.085,446007140
Western Rio Blanco Metropolitan Recreation & Park District,52019/1,Rio Blanco,8.75,276316600
Western Slope Metropolitan District,67982/1,Mesa,0,42400
Westgate Metropolitan District,66473/1,El Paso,76.416,2589120
Westgate Metropolitan District No. 1,66976/1,Weld,28.346,13640
Westgate Metropolitan District No. 2,66977/1,Weld,67.443,3115490
Westgate Metropolitan District No. 3,66978/1,Weld,79.154,4418020
Westgate Metropolitan District No. 4,66979/1,Weld,43.728,62170
Westglenn Metropolitan District,30103/1,Jefferson,9.624,38956198
Westminster,64153/1,Adams,3.65,1310145008
Westminster,64153/1,Jefferson,3.65,1059833637
Westminster 136th Avenue General Improvement District,01084/1,Adams,16,789613
Westminster Economic Development Authority,64189/1,Adams,0,0
Westminster Economic Development Authority - Holly Park,64189/6,Adams,0,0
Westminster Economic Development Authority - Mandalay Gardens,64189/4,Adams,0,0
Westminster Economic Development Authority - Mandalay Gardens,64189/4,Jefferson,0,0
Westminster Economic Development Authority - North Huron,64189/3,Adams,0,0
Westminster Economic Development Authority - South Sheridan,64189/5,Adams,0,0
Westminster Economic Development Authority - South Sheridan,64189/5,Jefferson,0,0
Westminster Economic Development Authority - Westminster Center 2028,64189/2,Adams,0,0
Westminster Economic Development Authority - Westminster Center 2028,64189/2,Jefferson,0,0
Westminster Economic Development Authority - Westminster Center 2038,64189/7,Adams,0,0
Westminster Economic Development Authority - Westminster Center 2038,64189/7,Jefferson,0,0
Westminster Orchard Park Place North General Improvement District,66176/1,Adams,13,477184
Westminster Public Schools,01910/1,Adams,57.67,1253799067
Westminster Sheridan Crossing General Improvement District,01061/1,Adams,12,13799360
Westmoor Water & Sanitation District,21011/1,El Paso,0,0
Westown Metropolitan District,65981/1,Jefferson,90,9050335
Westray Business Improvement District,67768/1,Arapahoe,0,767865
Westridge Metropolitan District No. 1,66513/1,Weld,58,140360
Westridge Metropolitan District No. 2,66514/1,Weld,58,751053
Westridge Metropolitan District No. 3,66515/1,Weld,58,73391
Westridge Metropolitan District No. 4,66516/1,Weld,58,166320
Westridge Metropolitan District No. 5,66517/1,Weld,58,264880
Westridge Sanitation District,30089/1,Jefferson,8.028,105115109
Westview Metropolitan District,66599/1,Weld,62.654,3838240
Westwood Lakes Water District,60013/1,Teller,8.576,5315530
Westwood Metropolitan District,67323/1,Adams,71.574,6310710
Wet Mountain Fire Protection District,14006/1,Custer,5.73,166175705
Wet Mountain Fire Protection District,14006/1,Fremont,5.345,5454748
Wheat Ridge,30093/1,Jefferson,1.83,838783095
Wheat Ridge Sanitation District,30094/1,Jefferson,0.292,382752951
Wheat Ridge Urban Renewal Authority - 38th Avenue Corridor Redevelopment Plan 2028,66166/4,Jefferson,0,0
Wheat Ridge Urban Renewal Authority - 38th Avenue Corridor Redevelopment Plan 4 Mod 2038,66166/8,Jefferson,0,0
Wheat Ridge Urban Renewal Authority - 38th Avenue Corridor Redevelopment Plan Sub Mod 2040,66166/9,Jefferson,0,0
Wheat Ridge Urban Renewal Authority - I-70/Kipling Corridors Urban Renewal Plan 2039,66166/6,Jefferson,0,0
Wheat Ridge Urban Renewal Authority - I-70/Kipling Corridors Urban Renewal Plan 2040,66166/10,Jefferson,0,0
Wheat Ridge Urban Renewal Authority - Wadsworth Boulevard Corridor Redevelopment Plan,66166/3,Jefferson,0,0
Wheat Ridge Urban Renewal Authority - West 44th Avenue and Ward Road Redevelopment Plan,66166/5,Jefferson,0,0
Wheat Ridge Urban Renewal Authority - West End 38 Urban Renewal Plan 2040,66166/7,Jefferson,0,0
Wheat Ridge Water District,30092/1,Jefferson,0,376733751
Wheatlands Metropolitan District,65033/1,Arapahoe,80,53453224
Wheatlands Metropolitan District No. 1,65032/1,Arapahoe,0,0
Wheatly Metropolitan District,68093/1,Weld,0,4910
Whispering Pines Metro. District #1,65463/1,Arapahoe,67.661,32929665
Whispering Waters Irrigation Metropolitan District,66183/1,Weld,53.538,250590
Whispering Waters Metropolitan District No. 1,66184/1,Weld,0,36
Whispering Waters Metropolitan District No. 2,66185/1,Weld,0,36
Whispering Waters Metropolitan District No. 3,66823/1,Weld,0,36
Whispering Waters Metropolitan District No. 4,66824/1,Weld,0,36
Whispering Waters Metropolitan District No. 5,66825/1,Weld,0,36
Whispering Waters Metropolitan District No. 6,66826/1,Weld,0,36
White Buffalo Metropolitan District No. 1,67174/1,Adams,0,10
White Buffalo Metropolitan District No. 2,67175/1,Adams,0,10
White Buffalo Metropolitan District No. 3,67176/1,Adams,46.184,22507700
White Horse Springs Water & Sanitation District,49015/1,Pitkin,2.098,53854390
White River Conservation District,52020/1,Rio Blanco,0.275,116778820
Widefield 3 School District,21902/1,El Paso,57.682,955241160
Widefield Water and Sanitation District,21091/1,El Paso,0,15470
Wiggins,44016/1,Morgan,24.159,23584570
Wiggins Community Pest Control District,44014/1,Morgan,0.415,83056320
Wiggins RE-50(J) School District,64940/1,Adams,37.107,8884672
Wiggins RE-50(J) School District,64940/1,Morgan,37.107,101266460
Wiggins RE-50(J) School District,64940/1,Weld,37.107,201406360
Wiggins Rural Fire Protection District,64154/1,Morgan,7,113043040
Wiggins Rural Fire Protection District,64154/1,Weld,7,193183460
Wild Plum Metropolitan District,66876/1,Arapahoe,47.543,12543902
Wildflower Metropolitan District No. 1,65542/1,Weld,50,27000
Wildflower Metropolitan District No. 2,65543/1,Weld,50,180100
Wildflower Metropolitan District No. 3,65544/1,Weld,50.419,178710
Wildgrass Metropolitan District,65192/1,Broomfield,33,30628590
Wildgrass at Rockrimmon Metropolitan District,65915/1,El Paso,50.944,2345700
Wildhorse Metropolitan District No. 1,67602/1,Pueblo,0,13630
Wildhorse Metropolitan District No. 2,67603/1,Pueblo,0,609150
Wildhorse Metropolitan District No. 3,67604/1,Pueblo,0,22780
Wildhorse Metropolitan District No. 4,67605/1,Pueblo,0,1900
Wildhorse Metropolitan District No. 5,67606/1,Pueblo,0,13010
Wildwing Metropolitan District,68165/1,Larimer,63.297,24027238
Wildwing Metropolitan District No. 1,65959/1,Larimer,0,0
Wildwing Metropolitan District No. 1 - Bond,65959/2,Larimer,0,0
Wildwing Metropolitan District No. 2,65960/1,Larimer,0,0
Wildwing Metropolitan District No. 3,66652/1,Larimer,0,0
Wildwing Metropolitan District No. 4,66653/1,Larimer,0,0
Wildwing Metropolitan District No. 5,66654/1,Larimer,0,0
Wildwood Ridge Metropolitan District,66133/1,El Paso,49.972,1843660
Wiley,50017/1,Prowers,45.57,1882346
Wiley RE-13 JT School District,64945/1,Bent,27.2,3768048
Wiley RE-13 JT School District,64945/1,Prowers,27.2,11525570
Wiley Rural Fire Protection District,64155/1,Bent,5,3681020
Wiley Rural Fire Protection District,64155/1,Prowers,5,9617203
Wiley Sanitation District,50016/1,Prowers,2.609,1950073
Will-O-Wisp Metropolitan District,47015/1,Park,23.82,4285661
Will-O-Wisp Metropolitan District Subdistrict,67812/1,Park,0,0
Williamsburg,22019/1,Fremont,2.963,6375771
Willow Bend Metropolitan District,66477/1,Adams,86.731,23199000
Willow Brook Metropolitan District,59023/1,Summit,68.156,11621670
Willow Brook Metropolitan District-Bond Only,59023/2,Summit,0,0
Willow Creek 1 & 2 General Improvement District,67228/1,Arapahoe,5.948,50653080
Willow Springs Estates Metropolitan District,67975/1,Jefferson,53.144,1663616
Willow Springs Ranch Metropolitan District,66056/1,El Paso,63.215,13669370
Willow Trace Metropolitan District,03145/1,Arapahoe,31.75,32836245
Willowbrook Water & Sanitation District,30095/1,Jefferson,1.776,282710199
Willows Water District,03081/1,Arapahoe,3.872,357111946
Wilshire Metropolitan District No. 1,68220/1,El Paso,0,0
Wilshire Metropolitan District No. 2,68221/1,El Paso,0,0
Wilson Mesa At Telluride Metropolitan District,57015/1,San Miguel,18.598,11877557
Windler Business Improvement District No. 1,67461/1,Adams,2,6080
Windler Business Improvement District No. 2,67462/1,Adams,2,6080
Windler Homestead Metropolitan District,65435/1,Adams,1.336,17178680
Windler Metropolitan District No. 1,65434/1,Adams,55.775,3343840
Windler Metropolitan District No. 2,67519/1,Adams,1.197,12160
Windler Metropolitan District No. 3,67520/1,Adams,55.777,1152640
Windler Metropolitan District No. 4,67521/1,Adams,1.197,12160
Windler Metropolitan District No. 5,67522/1,Adams,1.197,12160
Windler Metropolitan District No. 6,67523/1,Adams,1.197,12160
Windler Metropolitan District No. 7,67524/1,Adams,1.197,12160
Windler Metropolitan District No. 8,67525/1,Adams,1.197,12160
Windler Metropolitan District No. 9,67526/1,Adams,39.666,12330
Windler Operations Metropolitan District,67527/1,Adams,10,21703330
Windshire Park Metropolitan District #1,65616/1,Weld,0,550
Windshire Park Metropolitan District #2,65617/1,Weld,38.695,18664330
Windshire Park Metropolitan District No. 2 - Bond 2047,65617/2,Weld,0,6250
Windsor,64225/1,Larimer,12.03,254712780
Windsor,64225/1,Weld,12.03,900818171
Windsor Downtown Development Authority,66331/1,Weld,0,12232091
Windsor Highlands Metro. District #1,65259/1,Larimer,38.208,8442223
Windsor Highlands Metro. District #2,65260/1,Larimer,44.576,9614089
Windsor Highlands Metro. District #3,65261/1,Larimer,44.576,9888695
Windsor Highlands Metro. District #4,65262/1,Larimer,44.576,14145036
Windsor Highlands Metro. District #5,65263/1,Larimer,44.576,245
Windsor Highlands Metropolitan District No. 10,66850/1,Larimer,49.67,350636
Windsor Highlands Metropolitan District No. 11,66851/1,Larimer,0,206328
Windsor Highlands Metropolitan District No. 6,66190/1,Larimer,39,11415832
Windsor Highlands Metropolitan District No. 7,66847/1,Larimer,49.67,3569001
Windsor Highlands Metropolitan District No. 8,66848/1,Larimer,49.67,3374325
Windsor Highlands Metropolitan District No. 9,66849/1,Larimer,49.67,22412
Windsor RE-4 School District,62908/1,Weld,46.646,2176012441
Windsor-Severance Fire Protection District,64156/1,Larimer,8.535,294124501
Windsor-Severance Fire Protection District,64156/1,Weld,8.535,1567138031
Windsor-Severance Fire Protection District (Bond 2023),64156/2,Weld,0,0
Winsome Metropolitan District No. 1,67292/1,El Paso,16.11,1320
Winsome Metropolitan District No. 2,67293/1,El Paso,77.968,6900950
Winsome Metropolitan District No. 3,67294/1,El Paso,67.225,639980
Winsome Metropolitan District No. 4,67295/1,El Paso,0,0
Winter Farm Metropolitan District No. 1,62124/1,Weld,0,0
Winter Farm Metropolitan District No. 2,62125/1,Weld,31.593,21354270
Winter Farm Metropolitan District No. 3,62126/1,Weld,0,0
Winter Park,25025/1,Grand,3.765,300981795
Winter Park Ranch Water and Sanitation District,25024/1,Grand,8.485,96868973
Winter Park Ranch Water and Sanitation District - Elkhorn Reserve,25024/2,Grand,0.42,7328950
Winter Park Water & Sanitation District,25023/1,Grand,4.919,115607089
Winter Park Water & Sanitation District - Bond,25023/2,Grand,0,0
Wise Farms Metropolitan District No. 1,66545/1,Boulder,0,0
Wise Farms Metropolitan District No. 2,66546/1,Boulder,0,0
Wolf Creek Run West Metropolitan District,68068/1,Adams,51.66,1538840
Woodland Park,60015/1,Teller,15.75,176512702
Woodland Park Downtown Development Authority,65644/1,Teller,0,38063070
Woodland Park RE-2 School District,60901/1,Teller,29.341,479547512
Woodlin R-104 School District,61904/1,Washington,32.092,38682234
Woodmen Heights Metropolitan District No. 1,65356/1,El Paso,0,1710
Woodmen Heights Metropolitan District No. 2,65357/1,El Paso,34.764,115735950
Woodmen Heights Metropolitan District No. 3,65358/1,El Paso,30.42,20812410
Woodmen Hills Metropolitan District,21089/1,El Paso,0,125421990
Woodmen Road Metropolitan District,65017/1,El Paso,0,415705070
Woodmen Valley Fire Protection District,21104/1,El Paso,9.05,16153000
Woodmoor Water and Sanitation District No. 1,21050/1,El Paso,0,221174220
Woodstone Special Improvement Maintenance District,21073/1,El Paso,3.615,7377520
Woody Creek Metropolitan District,66647/1,Pitkin,72,1363770
Wray,63010/1,Yuma,21.31,25230150
Wray Community Hospital District,63008/1,Yuma,3.227,156385140
Wray RD-2 School District,63900/1,Yuma,42.147,136209260
Wright Farms Metropolitan District,01049/1,Adams,10.6,38075260
Wyndham Hill Metropolitan District No. 1,65246/1,Weld,53.65,10
Wyndham Hill Metropolitan District No. 2,65247/1,Weld,63.054,34294400
Wyndham Hill Metropolitan District No. 3,65248/1,Weld,53.703,694722
Wyndham Hill Metropolitan District No. 4,67415/1,Weld,53.306,128490
Yale Metropolitan District No. 1,67607/1,Arapahoe,0,1895
Yale Metropolitan District No. 2,67608/1,Arapahoe,0,3606
Yale Metropolitan District No. 3,67609/1,Arapahoe,0,1787
Yampa,54030/1,Routt,12.452,6834970
Yampa Fire Protection District,54029/1,Routt,8,46554710
Yampa Valley Housing Authority,65807/1,Routt,1,1798440540
Yampa Valley Regional Transportation Authority,68259/1,Moffat,0,0
Yampa Valley Regional Transportation Authority,68259/1,Routt,0,0
Yard Metropolitan District,66776/1,Douglas,0,2119270
Yarrow Gardens Metropolitan District,67057/1,Jefferson,119.313,3331014
Yellow Jacket Water Conservancy District,64157/1,Garfield,0.209,766610
Yellow Jacket Water Conservancy District,64157/1,Moffat,0.209,26994232
Yellow Jacket Water Conservancy District,64157/1,Rio Blanco,0.209,105759590
Yellowstone Ridge Metropolitan District No. 1,68098/1,Weld,10,10
Yellowstone Ridge Metropolitan District No. 2,68099/1,Weld,10,10
Yellowstone Ridge Metropolitan District No. 3,68100/1,Weld,10,10
Yellowstone Ridge Metropolitan District No. 4,68101/1,Weld,10,377600
York Station Metropolitan District,67766/1,Adams,64.443,777350
York Street Metropolitan District,66716/1,Adams,47,5322320
Yuma,63017/1,Yuma,30.64,34220520
Yuma 1 School District,63901/1,Yuma,39.286,161479540
Yuma Conservation District,63016/1,Washington,0.5,3914
Yuma Conservation District,63016/1,Yuma,0.5,71944830
Yuma County,63012/1,Yuma,21.714,332356940
Yuma County Conservation District,63014/1,Yuma,0.5,92161690
Yuma County Fire Protection District,63013/1,Yuma,3,139376960
Yuma County Pest Control District,63022/1,Yuma,2.003,192247460
Yuma County Water Authority Public Improvement District,66161/1,Yuma,0.75,332356940
Yuma Hospital District,63015/1,Yuma,5.545,175971800
Yuma Rural Fire Protection District,64158/1,Washington,2.279,15816248
Yuma Rural Fire Protection District,64158/1,Yuma,2.279,114708200
